File,Name,Artist,Charter,Year,Genre,StarRating,IntensityStars,LengthBonus,Blended,TotalNotes,FretLaneNotes,StrumCount,HopoCount,TapCount,DurationSeconds,MeanNps,MaxNps,P83,P93,P99,L5,FretMean,StrumMean,SustainMean
C:\YARG\Charts\Carpal Tunnel Hero -  Remastered\[CTH1R] 01 - ...And the Journey Begins!\1. Paul Gilbert - Everybody Use Your Goddamn Turn Signal (Chemfinal)\notes.chart,Everybody Use Your Goddamn Turn Signal,Paul Gilbert (ChemFinal),,,rock,7.92,7.06,0.86,11.664,1160,1260,696,417,47,252.78,4.606,20.165,8.352,10.997,16.664,14.804,4.161,1.242,0.461
C:\YARG\Charts\Carpal Tunnel Hero -  Remastered\[CTH1R] 01 - ...And the Journey Begins!\2. Mindless Self Indulgence - Stupid MF (JRabes)\notes.chart,Stupid MF,Mindless Self Indulgence,JRabes,", 2005",Electronic Rock,4.16,3.40,0.76,6.347,599,947,380,17,202,143.50,3.226,9.163,5.006,6.390,7.617,7.293,2.927,0.938,0.104
C:\YARG\Charts\Carpal Tunnel Hero -  Remastered\[CTH1R] 01 - ...And the Journey Begins!\3. Iced Earth - Pure Evil (OrangeHat)\notes.chart,Pure Evil,Iced Earth,,", 1991",rock,6.34,5.15,1.18,8.974,2453,2842,2281,172,0,392.54,5.125,15.725,6.999,8.679,11.596,10.793,4.064,2.270,0.291
C:\YARG\Charts\Carpal Tunnel Hero -  Remastered\[CTH1R] 01 - ...And the Journey Begins!\8. A Sense of Gravity - Echo Chasers (XEntombmentX)\notes.chart,Echo Chasers,A Sense of Gravity,XEntombmentX,", 2016",Progressive Metal,5.86,4.70,1.16,8.308,1842,2689,1150,680,12,296.04,4.480,15.853,6.247,8.133,10.701,10.080,3.741,1.877,0.223
C:\YARG\Charts\Carpal Tunnel Hero -  Remastered\[CTH1R] 01 - ...And the Journey Begins!\Periphery - Absolomb\notes.chart,Absolomb,Periphery,XEntombmentX,", 2016",Progressive Metal,5.80,4.66,1.14,8.247,2073,2592,1160,255,658,450.08,3.857,15.273,5.760,7.750,12.303,10.445,3.060,0.897,0.766
C:\YARG\Charts\Carpal Tunnel Hero -  Remastered\[CTH1R] 01 - ...And the Journey Begins!\Protest the Hero - Cold Water\notes.chart,Cold Water,Protest the Hero,Chezy,,rock,6.98,5.87,1.11,9.996,2215,2369,702,1016,497,335.57,5.886,12.657,8.771,9.728,11.971,11.144,5.746,0.731,0.385
"C:\YARG\Charts\Carpal Tunnel Hero -  Remastered\[CTH1R] 02 - Learning the Ropes\1. Rhapsody of Fire - Gargoyles, Angels of Darkness (BurpLeTurtle)\notes.chart","Gargoyles, Angels of Darkness",Rhapsody of Fire,"CaptainToasty, BurpLeTurtle",", 2002",Symphonic Power Metal,7.38,5.96,1.42,10.131,4840,5091,2420,1451,969,1056.97,3.990,26.951,7.133,9.607,14.095,13.076,3.235,0.903,0.565
C:\YARG\Charts\Carpal Tunnel Hero -  Remastered\[CTH1R] 02 - Learning the Ropes\2. Scar Symmetry - The Anomaly (Miscellany)\notes.chart,The Anomaly,Scar Symmetry,,,rock,5.69,4.63,1.06,8.212,1333,2082,1095,226,12,227.42,3.944,16.500,5.982,7.925,11.090,10.208,3.275,1.512,0.434
C:\YARG\Charts\Carpal Tunnel Hero -  Remastered\[CTH1R] 02 - Learning the Ropes\3. An Endless Sporadic - Impulse II (jdurandTV)\notes.chart,Impulse II,An Endless Sporadic,jdurand11143,", 2016",rock,6.36,5.43,0.93,9.371,1292,1492,420,667,205,258.91,4.233,16.694,6.922,9.098,12.345,11.559,3.897,0.534,0.352
C:\YARG\Charts\Carpal Tunnel Hero -  Remastered\[CTH1R] 02 - Learning the Ropes\4. Animals as Leaders - Ka$cade (XEntombmentX)\notes.chart,Ka$cade,Animals as Leaders,XEntombmentX,", 2014",Progressive Metal,7.18,6.06,1.13,10.262,2214,2483,1248,959,7,321.01,5.298,14.601,8.069,10.123,12.909,11.992,4.975,1.733,0.334
C:\YARG\Charts\Carpal Tunnel Hero -  Remastered\[CTH1R] 02 - Learning the Ropes\5. Guthrie Govan - Waves (xX760Xx)\notes.chart,Waves,Guthrie Govan,xX760Xx,,rock,6.96,5.96,1.00,10.130,1775,1780,240,1535,0,298.41,4.568,19.095,7.451,9.734,13.606,12.631,4.497,0.207,0.198
C:\YARG\Charts\Carpal Tunnel Hero -  Remastered\[CTH1R] 02 - Learning the Ropes\6. Periphery - Somewhere in Time (Miscellany)\notes.chart,Somewhere in Time,Periphery,Miscellany,", 2012",Progressive Metal,4.11,2.84,1.27,5.463,3115,3503,2751,209,155,903.64,2.605,12.416,3.835,4.971,8.032,7.320,1.504,1.394,0.443
C:\YARG\Charts\Carpal Tunnel Hero -  Remastered\[CTH1R] 02 - Learning the Ropes\7. Opeth - The Baying of The Hounds (LemonGH & captaintoasty)\notes.chart,The Baying of the Hounds,Opeth,Unknown Charter,", 2005",rock,5.77,4.48,1.29,7.986,2666,3701,1813,805,48,635.63,3.918,12.711,5.686,7.713,11.053,9.944,3.296,0.960,0.614
C:\YARG\Charts\Carpal Tunnel Hero -  Remastered\[CTH1R] 03 - Realization\1. Dream Theater - The Test That Stumped Them All (GHX & JRabes)\notes.chart,dream theater bullshit,,,,rock,9.19,8.07,1.12,13.041,2245,2443,926,629,690,288.29,6.658,20.025,10.491,13.035,15.706,14.910,6.364,1.309,0.218
C:\YARG\Charts\Carpal Tunnel Hero -  Remastered\[CTH1R] 03 - Realization\2. Vitalij Kuprij - Phantom Flurries (OHM)\notes.chart,Phantom Flurries,Vitalij Kuprij (ChemFinal),"OHM, Chemfinal",", 2003",Classical,10.04,9.47,0.57,14.898,543,549,0,0,543,63.09,7.010,21.636,11.394,14.704,18.810,17.761,6.906,0.034,0.344
C:\YARG\Charts\Carpal Tunnel Hero -  Remastered\[CTH1R] 03 - Realization\3. Shawn Lane - Gray Pianos Flying (Angevil)\notes.chart,Gray Pianos Flying,Shawn lane,Angevil,", 1992",Jazz Fusion,9.25,8.39,0.86,13.469,1165,1245,162,602,401,183.64,5.395,22.595,8.150,13.086,19.845,17.792,5.307,0.289,0.267
"C:\YARG\Charts\Carpal Tunnel Hero -  Remastered\[CTH1R] 03 - Realization\4. Anus - Coin, Coin ! (GHX)\notes.chart","Coin, Coin",Anus,GHX,", 1996",rock,10.07,9.09,0.98,14.398,1699,1699,204,98,1397,192.03,6.444,20.520,11.802,13.541,20.363,16.588,6.388,0.301,0.064
C:\YARG\Charts\Carpal Tunnel Hero -  Remastered\[CTH1R] 03 - Realization\5. Symphony X - Nevermore (JRabes)\notes.chart,Nevermore,Symphony X,JRabes,", 2015",Progressive Metal,7.62,6.46,1.16,10.830,2612,2696,608,2003,1,325.80,6.572,17.130,9.469,10.615,12.630,12.116,6.500,0.898,0.123
C:\YARG\Charts\Carpal Tunnel Hero -  Remastered\[CTH1R] 03 - Realization\6. Metallica - Moth Into Flame (Miscellany)\notes.chart,Moth Into Flame,metallica,,,rock,6.55,5.42,1.13,9.358,2186,2495,1785,388,13,346.03,4.993,16.006,7.542,8.947,12.131,11.167,4.525,1.925,0.298
C:\YARG\Charts\Carpal Tunnel Hero -  Remastered\[CTH1R] 03 - Realization\7. Octavision - Three Lives (jdurandTV & Chemfinal)\notes.chart,Three Lives,Octavision,jdurandTV & Chemfinal,", 2016",Progressive Metal,7.13,5.91,1.22,10.060,3081,3130,1262,1286,533,575.08,4.953,18.086,7.822,9.595,13.587,12.140,4.777,0.732,0.316
C:\YARG\Charts\Carpal Tunnel Hero -  Remastered\[CTH1R] 04 - Rising Above It All\1. Evile - We Who Are About to Die (Angevil)\notes.chart,We Who Are About to Die,Evile,Angevil,", 2007",Thrash Metal,6.68,5.56,1.12,9.552,2119,2432,1525,589,5,430.77,4.711,19.595,7.248,8.631,14.120,12.221,4.107,1.403,0.764
C:\YARG\Charts\Carpal Tunnel Hero -  Remastered\[CTH1R] 04 - Rising Above It All\2. 311Erock - Livin' on a Prayer (feat. PelleK & Cole Rolland) (Miscellany)\notes.chart,Livin,E,,,rock,6.61,5.74,0.87,9.810,1183,1279,413,460,310,248.24,4.129,21.600,6.853,8.868,15.464,12.799,3.778,0.511,0.668
C:\YARG\Charts\Carpal Tunnel Hero -  Remastered\[CTH1R] 04 - Rising Above It All\3. After the Burial - Ometh (captaintoasty & XEntombmentX)\notes.chart,Ometh,After the Burial,,", 2009",rock,6.83,5.74,1.09,9.818,2118,2238,1681,371,66,249.27,5.121,23.610,7.349,9.192,13.525,12.461,3.925,2.653,0.097
C:\YARG\Charts\Carpal Tunnel Hero -  Remastered\[CTH1R] 04 - Rising Above It All\4. Obscura - Akróasis (Miscellany)\notes.chart,a,o,,,rock,6.93,5.89,1.05,10.023,1880,2019,981,827,72,252.45,5.513,14.673,8.078,9.684,13.086,11.687,4.962,1.103,0.648
C:\YARG\Charts\Carpal Tunnel Hero -  Remastered\[CTH1R] 04 - Rising Above It All\5. The Fall of Troy - Inside  Out (xX760Xx)\notes.chart,Inside Out,The Fall of Troy,xX760Xx,", 2016",Mathcore,7.53,6.45,1.08,10.814,1786,2228,937,614,235,278.17,6.645,15.017,9.133,10.655,13.076,12.142,6.558,0.918,0.226
C:\YARG\Charts\Carpal Tunnel Hero -  Remastered\[CTH1R] 04 - Rising Above It All\6. Disarmonia Mundi - Celestial Furnace (Angevil)\notes.chart,Celestial Furnace,Disarmonia Mundi,Angevil,", 2011",Melodic Death Metal,6.88,5.88,1.00,10.011,1230,1813,878,320,32,224.05,4.934,14.620,7.929,9.986,12.539,11.407,4.036,1.781,0.462
C:\YARG\Charts\Carpal Tunnel Hero -  Remastered\[CTH1R] 04 - Rising Above It All\7. Haken - Celestial Elixir (Miscellany)\notes.chart,Celestial Elixir,Haken,,,rock,6.17,4.86,1.32,8.543,3663,3934,1884,768,1011,983.44,3.827,13.880,5.359,8.442,12.042,11.001,3.572,0.416,0.441
C:\YARG\Charts\Carpal Tunnel Hero -  Remastered\[CTH1R] 04 - Rising Above It All\8. Angel Vivaldi - An Erisian Autumn (Angevil)\notes.chart,An Erisian Autumn,Angel Vivaldi,Angevil,", 2014",Instrumental Metal,9.46,8.33,1.13,13.381,2513,2513,481,1022,1010,287.76,6.387,18.803,10.913,13.089,16.628,15.500,6.185,0.294,0.205
C:\YARG\Charts\Carpal Tunnel Hero -  Remastered\[CTH1R] 05 - Beyond Earth\1. Pagan's Mind - Enigmatic Mission (jdurandTV)\notes.chart,Enigmatic Mission,Pagan's Mind,jdurand11143,", 2005",Progressive Power Metal,8.01,6.91,1.10,11.461,1973,2293,755,486,732,314.18,6.240,23.265,8.794,11.015,15.210,13.924,5.826,1.161,0.763
C:\YARG\Charts\Carpal Tunnel Hero -  Remastered\[CTH1R] 05 - Beyond Earth\2. myGRAIN - Into the Parallel Universe (OHM)\notes.chart,Into The Parallel Universe,MyGRAIN,OHM,", 2011",Melodic Death Metal,7.36,6.20,1.16,10.465,2425,2691,1409,145,871,328.71,5.240,16.446,8.528,10.463,12.369,11.940,4.653,1.370,0.224
C:\YARG\Charts\Carpal Tunnel Hero -  Remastered\[CTH1R] 05 - Beyond Earth\3. Steve Vai - Juice (OHM)\notes.chart,Juice,Steve Vai,OHM,", 1995",Hard Rock,7.10,6.13,0.97,10.366,1436,1651,454,771,211,218.56,5.841,16.175,8.233,10.126,13.123,12.194,5.711,0.847,0.406
C:\YARG\Charts\Carpal Tunnel Hero -  Remastered\[CTH1R] 05 - Beyond Earth\5. Protest the Hero - Goddess Bound (Chezy)\notes.chart,Goddess Bound,Protest The Hero,Chezy,,rock,9.16,8.18,0.99,13.181,1633,1739,680,299,654,213.50,6.913,21.309,9.657,12.040,19.241,17.124,6.701,1.251,0.157
C:\YARG\Charts\Carpal Tunnel Hero -  Remastered\[CTH1R] 05 - Beyond Earth\6. Little Tybee - Left Right (Angevil & jdurandTV)\notes.chart,Left Right,Little Tybee,Angevil,", 2013",Progressive Folk Rock,8.37,7.39,0.97,12.121,1093,1687,374,197,522,169.38,5.261,15.803,9.570,12.337,14.110,13.828,5.150,0.928,0.170
C:\YARG\Charts\Carpal Tunnel Hero -  Remastered\[CTH1R] 05 - Beyond Earth\7. Adrenaline Mob - Indifferent (xX760Xx)\notes.chart,Indifferent,Adrenaline Mob,xX760Xx,,rock,6.01,5.03,0.97,8.795,1237,1684,850,238,149,265.11,4.267,31.491,5.739,7.761,14.205,12.237,3.915,1.288,0.611
C:\YARG\Charts\Carpal Tunnel Hero -  Remastered\[CTH1R] 05 - Beyond Earth\8. xi - Halcyon (Mintorment)\notes.chart,Halcyon,xi,Mintorment,,rock,6.50,5.49,1.01,9.461,1570,1851,201,297,1072,299.03,3.997,15.971,6.555,9.396,12.474,11.736,3.760,0.206,0.558
C:\YARG\Charts\Carpal Tunnel Hero -  Remastered\[CTH1R] 06 - Into the Aftermath\1. Trivium - Into the Mouth of Hell We March (Miscellany)\notes.chart,Into the Mouth of Hell We March,Trivium,,", 2008",rock,6.44,5.40,1.04,9.331,1951,1973,1387,535,29,346.42,4.313,20.250,6.461,8.700,13.957,12.025,4.075,1.362,0.327
C:\YARG\Charts\Carpal Tunnel Hero -  Remastered\[CTH1R] 06 - Into the Aftermath\2. Jeff Loomis - Miles of Machines (Chemfinal)\notes.chart,Miles of Machines,Jeff Loomis (ChemFinal),,,rock,8.76,7.67,1.10,12.491,2310,2310,313,1996,1,340.81,5.163,19.595,9.170,12.335,16.150,15.162,4.968,0.226,0.423
C:\YARG\Charts\Carpal Tunnel Hero -  Remastered\[CTH1R] 06 - Into the Aftermath\3. Testament - The Persecuted Won't Forget (Peddy)\notes.chart,The Persecuted Won't Forget,Testament,Peddy,", 2008",Thrash Metal,6.74,5.57,1.17,9.576,2398,2762,1580,804,14,343.58,5.538,14.255,8.177,9.128,11.942,11.150,5.216,1.835,0.206
C:\YARG\Charts\Carpal Tunnel Hero -  Remastered\[CTH1R] 06 - Into the Aftermath\4. Scar Symmetry - Neuromancers (Miscellany)\notes.chart,neuro,scar,,,rock,9.47,8.35,1.12,13.412,2063,2437,1690,135,238,310.06,5.884,18.713,9.158,13.424,17.516,16.648,5.180,1.793,0.446
C:\YARG\Charts\Carpal Tunnel Hero -  Remastered\[CTH1R] 06 - Into the Aftermath\6. Dire Straits - Sultans of Swing (Live) (Angevil & jdurandTV)\notes.chart,Sultans of Swing (Live),Dire Straits,"Angevil, jdurandTV",", 1984",Classic Rock,6.49,5.18,1.31,9.011,2798,3898,1698,951,149,628.20,4.630,15.104,6.997,8.828,11.517,10.687,4.285,0.981,0.643
C:\YARG\Charts\Carpal Tunnel Hero -  Remastered\[CTH1R] 06 - Into the Aftermath\7. Between the Buried and Me - Telos (XEntombmentX)\notes.chart,Telos,Between the Buried and Me,XEntombmentX,", 2012",Progressive Metal,6.97,5.63,1.34,9.661,3451,4154,2214,1158,79,585.03,4.420,15.719,7.600,9.394,12.353,11.494,3.970,1.188,0.320
C:\YARG\Charts\Carpal Tunnel Hero -  Remastered\[CTH1R] 06 - Into the Aftermath\8. Pathfinder - Stardust (xX760Xx)\notes.chart,Stardust,Pathfinder,xX760Xx,", 2010",rock,5.62,4.51,1.11,8.035,2155,2348,1069,543,543,507.66,3.327,16.830,5.142,7.402,12.685,10.749,2.721,0.727,0.659
C:\YARG\Charts\Carpal Tunnel Hero -  Remastered\[CTH1R] 06 - Into the Aftermath\9. Pagan's Mind - Into the Aftermath (jdurandTV)\notes.chart,Into The Aftermath,Pagan's Mind,jdurandTV,", 2011",Progressive Power Metal,6.79,5.65,1.13,9.691,1589,2513,489,363,737,317.66,4.218,23.184,6.263,8.359,16.610,13.515,3.251,0.645,1.012
C:\YARG\Charts\Carpal Tunnel Hero -  Remastered\[CTH1R] 07 - Portal to Another Dimension\1. Kelly Simonz - Sign of the Times (Chemfinal)\notes.chart,Sign Of The Times,Kelly Simonz (ChemFinal),,,rock,8.44,7.21,1.23,11.872,3155,3176,130,2311,714,332.45,6.916,22.015,9.545,11.345,15.425,14.190,6.854,0.108,0.129
C:\YARG\Charts\Carpal Tunnel Hero -  Remastered\[CTH1R] 07 - Portal to Another Dimension\3. Brain Drill - Apocalyptic Feasting (LemonGH)\notes.chart,Apocalyptic Feasting,Brain Drill,LemonGH,", 2008",Technical Death Metal,13.72,12.57,1.15,18.868,2443,2609,563,846,1034,218.42,9.731,26.109,13.883,18.436,24.315,23.348,9.638,0.636,0.094
C:\YARG\Charts\Carpal Tunnel Hero -  Remastered\[CTH1R] 07 - Portal to Another Dimension\4. Children of Bodom Solo Medley Deluxe (Chemfinal)\notes.chart,,,,,rock,10.46,8.94,1.52,14.197,6352,6490,1157,2370,2825,668.84,7.339,23.351,10.832,13.970,18.155,16.937,7.215,0.612,0.145
C:\YARG\Charts\Carpal Tunnel Hero -  Remastered\[CTH1R] 07 - Portal to Another Dimension\7. Animals as Leaders - Inamorata (XEntombmentX)\notes.chart,Inamorata,Animals as Leaders,XEntombmentX,", 2009",Progressive Metal,8.39,7.09,1.30,11.705,3367,3773,2415,482,470,360.58,6.919,17.636,9.600,11.435,14.576,13.508,6.574,1.655,0.163
C:\YARG\Charts\Carpal Tunnel Hero -  Remastered\[CTH1R] 08 - Taken From Reality\01. Slayer - Angel of Death (OHM)\notes.chart,Angel Of Death,Slayer,OHM,", 1986",Trash Metal,6.68,5.51,1.16,9.491,2354,2722,1935,314,105,287.87,5.515,14.934,7.850,9.296,11.726,10.864,5.020,2.150,0.267
C:\YARG\Charts\Carpal Tunnel Hero -  Remastered\[CTH1R] 08 - Taken From Reality\02. Rings of Saturn - Eviscerate (OHM)\notes.chart,Eviscerate,Rings Of Saturn,OHM,", 2014",Technical Death Metal,8.51,7.24,1.27,11.916,2526,3491,1285,453,788,263.69,6.398,18.006,9.870,11.898,14.069,13.436,5.312,2.082,0.079
"C:\YARG\Charts\Carpal Tunnel Hero -  Remastered\[CTH1R] 08 - Taken From Reality\03. Rhapsody of Fire - Very Rhapsody, Much Fire (BurpLeTurtle)\notes.chart","Very Rhapsody, Much Fire: Deluxe",Rhapsody of Fire,"BurpLeTurtle, GHX",", 2004",Solo Medley,12.03,10.71,1.32,16.507,3961,3961,970,2251,740,422.46,8.193,22.993,11.815,17.000,20.105,19.465,8.109,0.783,0.133
C:\YARG\Charts\Carpal Tunnel Hero -  Remastered\[CTH1R] 08 - Taken From Reality\04. Mike Orlando - Circles in Squares (Chemfinal)\notes.chart,,,,,rock,9.14,7.84,1.30,12.727,3732,3782,1442,1632,658,517.12,5.227,33.827,7.670,11.100,20.982,18.581,4.945,1.010,0.316
C:\YARG\Charts\Carpal Tunnel Hero -  Remastered\[CTH1R] 08 - Taken From Reality\05. Animals as Leaders - Tempting Time (XEntombmentX)\notes.chart,Tempting Time,Animals as Leaders,XEntombmentX,", 2009",Progressive Metal,7.86,6.72,1.14,11.188,2335,2579,570,737,1028,308.29,6.589,17.573,9.657,10.606,14.259,12.879,6.331,0.846,0.296
C:\YARG\Charts\Carpal Tunnel Hero -  Remastered\[CTH1R] 08 - Taken From Reality\06. Children of Bodom - Hate Crew Deathroll Solo Medley Redux (Miscellany & Chemfinal)\notes.chart,,,,,rock,10.94,9.54,1.40,14.994,4728,4810,1063,1878,1787,536.79,7.156,34.223,11.464,14.720,19.070,17.988,7.007,0.621,0.210
C:\YARG\Charts\Carpal Tunnel Hero -  Remastered\[CTH1R] 08 - Taken From Reality\07. Animals as Leaders - CAFO (xX760Xx)\notes.chart,CAFO,Animals as Leaders,xX760Xx,,Yeah,8.20,6.90,1.30,11.440,3711,3823,672,1819,1220,395.46,6.930,14.661,9.941,11.511,12.914,12.417,6.547,0.499,0.408
C:\YARG\Charts\Carpal Tunnel Hero -  Remastered\[CTH1R] 08 - Taken From Reality\08. Galneryus - T.T.F.B. (Chemfinal)\notes.chart,"Trust, Fate, Faith, Blessed (T.F.F.B.)",Galneryus (ChemFinal),,,rock,8.12,6.90,1.22,11.438,2855,3131,1482,1109,264,420.82,5.269,18.315,8.305,10.986,15.580,14.300,4.728,1.222,0.519
C:\YARG\Charts\Carpal Tunnel Hero -  Remastered\[CTH1R] 08 - Taken From Reality\09. Destrage - Destroy Create Transform Sublimate (Angevil)\notes.chart,Destroy Create Transform Sublimate,Destrage,Angevil,", 2014",Progressive Metalcore,7.42,6.33,1.09,10.646,2011,2270,950,148,913,314.39,5.409,15.193,8.946,10.437,12.883,12.122,4.721,1.090,0.545
C:\YARG\Charts\Carpal Tunnel Hero -  Remastered\[CTH1R] 08 - Taken From Reality\10. Dream Theater - Octavarium (Miscellany)\notes.chart,Octavarium,Dream Theater,,,rock,5.82,4.39,1.43,7.843,4622,5199,2009,1362,1251,1419.81,3.112,18.788,5.175,7.481,11.532,10.149,2.537,0.438,0.654
C:\YARG\Charts\Carpal Tunnel Hero -  Remastered\[CTH1R] 09 - Trapped Inside a Prison a Vengeful Escape\1. Dream Theater - The Glass Prison (Miscellany)\notes.chart,Glass Prison,Dream Theater,,,rock,7.75,6.28,1.47,10.579,5200,5683,1742,2427,1031,798.88,5.694,22.048,8.235,10.127,14.105,12.763,5.562,0.908,0.233
C:\YARG\Charts\Carpal Tunnel Hero -  Remastered\[CTH1R] 09 - Trapped Inside a Prison a Vengeful Escape\2. Vitalij Kuprij - Track on Fire (xX760Xx & Miscellany)\notes.chart,Track on Fire,Vitalij Kuprij,xX760Xx,,rock,12.62,11.30,1.32,17.260,3963,3963,191,1500,2272,337.35,9.113,24.107,13.509,17.298,20.958,20.015,9.078,0.172,0.082
C:\YARG\Charts\Carpal Tunnel Hero -  Remastered\[CTH1R] 09 - Trapped Inside a Prison a Vengeful Escape\3. Mike Orlando - Full Speed X (feat. Michael Romeo) (Chemfinal)\notes.chart,,,,,rock,10.78,9.51,1.26,14.954,3357,3470,509,1907,941,310.69,8.088,30.222,10.825,13.125,24.281,19.566,8.012,0.652,0.133
C:\YARG\Charts\Carpal Tunnel Hero -  Remastered\[CTH1R] 09 - Trapped Inside a Prison a Vengeful Escape\4. Cannibal Corpse - Frantic Disembowelement (Miscellany)\notes.chart,frantic,cannibal,,,rock,7.70,6.71,0.99,11.183,1587,1751,1334,253,0,168.78,7.594,15.183,9.744,11.193,12.697,12.203,7.259,3.043,0.000
C:\YARG\Charts\Carpal Tunnel Hero -  Remastered\[CTH1R] 09 - Trapped Inside a Prison a Vengeful Escape\6. Rusty Cooley - Under the Influence (Chemfinal)\notes.chart,Under the Influence,Rusty Cooley,,,rock,9.97,8.64,1.32,13.806,3954,4024,844,2887,223,406.07,8.051,22.840,11.335,13.447,17.335,15.939,7.953,0.689,0.161
C:\YARG\Charts\Carpal Tunnel Hero -  Remastered\[CTH1R] 09 - Trapped Inside a Prison a Vengeful Escape\7. Mike Orlando - My Black Cat Moaned (CyclopsDragon)\notes.chart,My Black Cat Moaned,Mike Orlando,Unknown Charter,,rock,13.78,12.42,1.36,18.673,4270,4339,779,1916,1575,420.49,9.824,32.243,16.015,18.760,21.295,20.490,9.734,0.613,0.147
C:\YARG\Charts\Carpal Tunnel Hero -  Remastered\[CTH1R] 09 - Trapped Inside a Prison a Vengeful Escape\8. Zakk Wylde Solo Medley Deluxe (jdurandTV & xX760Xx)\notes.chart,Zakk Wylde Solo Medley: Deluxe,Zakk Wylde / Black Label Society,jdurandTV,", 2020",Metal,9.46,7.90,1.56,12.811,7057,7115,928,5098,1031,715.16,6.744,21.308,10.336,12.491,16.070,14.995,6.623,0.363,0.192
C:\YARG\Charts\Carpal Tunnel Hero -  Remastered\[CTH1R] 10 - Intergalactic War (Battle to Save Our Universe)\01. An Endless Sporadic - Galactic Tactic (jdurandTV)\notes.chart,Galactic Tactic,An Endless Sporadic,jdurand11143,", 2016",rock,12.37,11.24,1.13,17.185,2452,2480,93,70,2289,181.50,8.129,21.218,14.445,17.336,19.845,18.940,8.061,0.178,0.171
C:\YARG\Charts\Carpal Tunnel Hero -  Remastered\[CTH1R] 10 - Intergalactic War (Battle to Save Our Universe)\02. Galneryus - Cry for the Dark (Chemfinal)\notes.chart,Cry for the Dark,Galneryus,,,rock,8.08,6.93,1.15,11.480,2165,2656,1459,333,373,323.61,5.915,21.793,8.869,11.076,15.161,13.813,5.516,1.584,0.321
C:\YARG\Charts\Carpal Tunnel Hero -  Remastered\[CTH1R] 10 - Intergalactic War (Battle to Save Our Universe)\03. Origin - The Aftermath (Angevil)\notes.chart,The Aftermath,Origin,Angevil,", 2008",Technical Death Metal,6.69,5.45,1.24,9.402,3107,3247,1656,1451,0,272.32,6.086,13.070,7.877,9.356,11.115,10.553,5.833,1.366,0.052
C:\YARG\Charts\Carpal Tunnel Hero -  Remastered\[CTH1R] 10 - Intergalactic War (Battle to Save Our Universe)\04. Derek Sherinian - The Sons of Anu (Chemfinal)\notes.chart,Sons of Anus,,,,rock,9.46,8.19,1.26,13.203,3426,3465,770,1716,940,425.77,6.638,21.674,10.665,12.672,16.995,15.672,6.469,0.602,0.247
C:\YARG\Charts\Carpal Tunnel Hero -  Remastered\[CTH1R] 10 - Intergalactic War (Battle to Save Our Universe)\05. Vektor - LCD (Liquid Crystal Disease) (xX760Xx)\notes.chart,LCD (Liquid Crystal Disease),Vektor,xX760Xx,", 2016",Progressive Thrash Metal,7.79,6.41,1.38,10.757,3657,4612,3112,189,356,448.20,6.946,15.185,9.300,10.547,12.914,11.971,6.609,2.145,0.226
C:\YARG\Charts\Carpal Tunnel Hero -  Remastered\[CTH1R] 10 - Intergalactic War (Battle to Save Our Universe)\06. Galneryus - Resurrection (Chemfinal)\notes.chart,,,,,rock,8.40,6.91,1.49,11.455,5374,6002,3497,1091,786,811.51,5.547,19.958,8.340,10.936,15.736,14.378,5.142,1.431,0.557
C:\YARG\Charts\Carpal Tunnel Hero -  Remastered\[CTH1R] 10 - Intergalactic War (Battle to Save Our Universe)\07. Andromeda Solo Medley (CyclopsDragon)\notes.chart,Andromeda Solo Medley,Andromeda,CyclopsDragon,,rock,10.48,9.15,1.34,14.473,4034,4126,561,1192,2281,511.39,6.477,31.695,9.846,12.931,23.425,19.249,6.295,0.457,0.309
C:\YARG\Charts\Carpal Tunnel Hero -  Remastered\[CTH1R] 10 - Intergalactic War (Battle to Save Our Universe)\08. The Algorithm - Brute Force (XEntombmentX)\notes.chart,Brute Force,The Algorithm,XEntombmentX,", 2012",Electronic Progressive Metal,9.28,8.03,1.25,12.988,3295,3321,1065,31,2199,300.30,6.378,20.723,9.080,11.408,20.565,17.641,5.871,0.694,0.152
C:\YARG\Charts\Carpal Tunnel Hero -  Remastered\[CTH1R] 10 - Intergalactic War (Battle to Save Our Universe)\09. Zef - Gambit (CyclopsDragon)\notes.chart,Gambit,Zef,CyclopsDragon,", 2011",rock,26.30,24.98,1.32,33.430,3947,3947,810,607,2530,271.95,11.480,47.993,21.083,33.525,44.505,43.112,10.841,1.211,0.121
C:\YARG\Charts\Carpal Tunnel Hero -  Remastered\[CTH1R] 10 - Intergalactic War (Battle to Save Our Universe)\10. Electrocution 250 Solo Medley Deluxe (CTH1R Team)\notes.chart,,,,,rock,11.27,9.65,1.62,15.132,8130,8177,394,3434,4302,746.40,7.955,28.460,11.761,14.064,21.997,18.317,7.897,0.153,0.118
C:\YARG\Charts\Carpal Tunnel Hero -  Remastered\[CTH1R] 11 - Bonus Tier (Contributions to Those Who Helped)\01. Demons & Wizards - Fiddler on the Green (BurpLeTurtle)\notes.chart,Fiddler on the Green,Demons & Wizards,BurpLeTurtle,", 2000",Power Metal,5.71,4.61,1.10,8.177,1559,2330,909,650,0,339.82,3.707,15.185,6.061,7.788,11.086,10.243,3.174,0.855,0.272
C:\YARG\Charts\Carpal Tunnel Hero -  Remastered\[CTH1R] 11 - Bonus Tier (Contributions to Those Who Helped)\02. Utsu-P - I Want to Become a Stuffed Animal (feat. MAYU) (CyclopsDragon)\notes.chart,I Want to Become a Stuffed Animal,Utsu-P,CyclopsDragon,", 2018",rock,5.91,4.83,1.08,8.500,1456,2213,1299,17,140,271.06,3.553,13.630,5.922,8.518,11.104,10.380,3.018,1.112,0.043
C:\YARG\Charts\Carpal Tunnel Hero -  Remastered\[CTH1R] 11 - Bonus Tier (Contributions to Those Who Helped)\04. FamilyJules - Trial of Thunder (5-3) (MercuryHg34)\notes.chart,,,,,rock,5.62,4.85,0.78,8.526,995,996,487,324,184,174.97,4.315,11.139,7.877,8.252,9.679,9.379,4.065,0.800,0.425
C:\YARG\Charts\Carpal Tunnel Hero -  Remastered\[CTH1R] 11 - Bonus Tier (Contributions to Those Who Helped)\05. Ministry - Jesus Built My Hotrod (feat. Gibby Haynes) (JRabes)\notes.chart,Jesus Built My Hotrod,Ministry,JRabes,", 1992",Industrial,10.34,9.21,1.13,14.558,1968,2480,1740,220,8,260.00,6.986,18.527,13.653,13.654,18.527,15.735,6.689,1.083,0.121
C:\YARG\Charts\Carpal Tunnel Hero -  Remastered\[CTH1R] 11 - Bonus Tier (Contributions to Those Who Helped)\07. Zomboy - End Game (TYNAN Remix) (Chezy)\notes.chart,End Game (TYNAN Remix),Zomboy,Chezy,,rock,8.19,7.36,0.83,12.075,986,1152,120,98,768,259.42,4.373,29.084,7.470,10.499,21.389,16.719,3.672,0.109,0.964
C:\YARG\Charts\Carpal Tunnel Hero -  Remastered\[CTH1R] 11 - Bonus Tier (Contributions to Those Who Helped)\08. Louis Cole - Thinking (Live Sesh) (OHM)\notes.chart,Thinking (Live Sesh),Louis Cole,OHM,", 2018",Jazz,6.17,5.24,0.93,9.095,1355,1513,263,134,958,243.30,3.661,18.999,5.783,7.888,15.431,12.783,3.450,0.609,0.126
C:\YARG\Charts\Carpal Tunnel Hero -  Remastered\[CTH1R] 11 - Bonus Tier (Contributions to Those Who Helped)\09. L.E.D. - THE CANNONBALLER (FULLSIZE MIX) (feat. YURiCa) (Mintorment)\notes.chart,THE CANNONBALLER (FULLSIZE MIX) (feat. YURiCa),L.E.D.,Mintorment,", 2018",rock,7.82,6.71,1.11,11.182,2040,2384,574,885,581,233.29,7.163,17.426,9.935,11.000,12.744,12.367,6.977,1.119,0.085
C:\YARG\Charts\Carpal Tunnel Hero -  Remastered\[CTH1R] 11 - Bonus Tier (Contributions to Those Who Helped)\10. Jeff Hughell - Night Terrors (feat. Tyler Layne & Marco Pitruzzella) (LemonGH)\notes.chart,Night Terrors,Jeff Hughell,LemonGH,,rock,6.78,5.69,1.08,9.748,2036,2217,845,522,669,359.79,4.324,17.856,7.003,8.789,15.093,12.665,3.803,0.658,0.671
C:\YARG\Charts\Carpal Tunnel Hero -  Remastered\[CTH1R] 11 - Bonus Tier (Contributions to Those Who Helped)\11. Guns N' Roses - Paradise City (xX760Xx)\notes.chart,Paradise City,Guns N' Roses,xX760Xx,", 1987",Hard Rock,6.31,5.25,1.06,9.112,1940,2105,652,1288,0,403.26,4.341,21.410,6.425,8.100,15.096,11.754,4.072,0.452,0.638
C:\YARG\Charts\Carpal Tunnel Hero -  Remastered\[CTH1R] 11 - Bonus Tier (Contributions to Those Who Helped)\12. Lost Horizon - Sworn in the Metal Wind (GHX & xX760Xx)\notes.chart,Sworn In The Metal Wind,Lost Horizon,GHX,,rock,6.92,5.76,1.16,9.840,2385,2696,1833,494,58,332.60,5.317,15.758,7.643,9.649,12.393,11.738,4.733,2.385,0.558
C:\YARG\Charts\Carpal Tunnel Hero -  Remastered\[CTH1R] 11 - Bonus Tier (Contributions to Those Who Helped)\13. ONI - The Only Cure (feat. Randy Blythe) (XEntombmentX)\notes.chart,The Only Cure (feat. Randy Blythe),ONI,XEntombmentX,", 2016",Progressive Metal,8.99,7.92,1.07,12.835,2157,2171,888,538,731,284.26,5.702,21.740,8.010,12.608,18.063,16.764,5.004,1.530,0.115
C:\YARG\Charts\Carpal Tunnel Hero -  Remastered\[CTH1R] 11 - Bonus Tier (Contributions to Those Who Helped)\14. Lalle Larsson Trio - Homeland (OrangeHat)\notes.chart,Homeland,Lalle Larsson Trio,OrangeHat,", 2018",Jazz,6.58,5.65,0.93,9.689,1463,1514,0,0,1463,316.39,3.373,22.883,5.940,9.450,14.169,12.671,2.920,0.030,0.737
C:\YARG\Charts\Carpal Tunnel Hero -  Remastered\[CTH1R] 11 - Bonus Tier (Contributions to Those Who Helped)\15. Todd Duane - Scatterbrained (Peddy)\notes.chart,Scatterbrained,Todd Duane,Peddy,", 1998",Shred Rock,8.20,7.26,0.94,11.938,1387,1524,363,740,284,207.90,5.508,19.585,8.870,11.299,17.003,14.681,5.427,0.644,0.327
C:\YARG\Charts\Carpal Tunnel Hero -  Remastered\[CTH1R] 11 - Bonus Tier (Contributions to Those Who Helped)\16. Angra - The Temple of Hate (Paturages)\notes.chart,guitar,Unknown Artist,Unknown Charter,,rock,8.97,7.88,1.09,12.781,2132,2237,1255,465,412,309.73,5.604,20.608,9.590,12.553,16.600,15.375,4.973,1.184,0.454
C:\YARG\Charts\Carpal Tunnel Hero -  Remastered\[CTH1R] 11 - Bonus Tier (Contributions to Those Who Helped)\17. Alkoholizer - Fatal Failure (Miscellany)\notes.chart,Fatal Failure,Alkoholizer,Miscellany,", 2018",rock,8.12,6.89,1.23,11.423,2958,3214,2614,302,42,369.07,6.623,19.072,9.137,11.469,13.430,13.172,6.195,2.256,0.033
C:\YARG\Charts\Carpal Tunnel Hero -  Remastered\[CTH1R] 11 - Bonus Tier (Contributions to Those Who Helped)\19. Victor Wooten - Classical Thump (Angevil)\notes.chart,Classical Thump,Victor Wooten,Angevil,", 1996",Jazz Fusion,0.00,0.00,0.00,0.000,0,0,0,0,0,0.00,0.000,0.000,0.000,0.000,0.000,0.000,0.000,0.000,0.000
C:\YARG\Charts\Carpal Tunnel Hero -  Remastered\[CTH1R] 11 - Bonus Tier (Contributions to Those Who Helped)\20. Fernando Miyata - Insanely Amazing Guitar Solo (jdurandTV & xX760Xx)\notes.chart,Insanely Amazing Guitar Solo,Fernando Miyata,jdurandTV,", 2007",Shred,7.99,6.85,1.14,11.374,2273,2554,578,1253,442,224.43,6.170,22.585,8.848,11.108,14.307,13.661,5.915,0.933,0.076
C:\YARG\Charts\Carpal Tunnel Hero -  Remastered\[CTH1R] 11 - Bonus Tier (Contributions to Those Who Helped)\21. Galneryus - Resurrection Solo Medley (Chemfinal)\notes.chart,,,,,rock,10.24,8.65,1.59,13.814,7402,7542,1839,2848,2715,859.91,6.328,29.070,9.587,13.542,18.500,17.366,6.186,0.673,0.282
C:\YARG\Charts\Carpal Tunnel Hero -  Remastered\[CTH1R] 11 - Bonus Tier (Contributions to Those Who Helped)\22. Carpal Tunnel Hero Remastered Solo Medley (CTH1R Team)\notes.chart,Carpal Tunnel Hero: Remastered Solo Medley,,,,rock,11.52,9.74,1.78,15.249,11613,11861,1577,4867,5169,1017.28,7.693,31.491,11.273,14.694,20.565,18.810,7.580,0.525,0.132
C:\YARG\Charts\Carpal Tunnel Hero 2\- 00 Introduction\Introduction to Carpal Tunnel Hero 2\notes.chart,Introduction to Carpal Tunnel Hero 2,Unknown Artist,Unknown Charter,,rock,4.05,3.82,0.23,6.986,141,141,2,2,137,29.28,3.371,10.998,4.388,6.682,10.252,9.286,3.370,0.015,0.016
C:\YARG\Charts\Carpal Tunnel Hero 2\- 01 Introduction to a new Era\1 - 01 - Napalm Death - You Suffer\notes.chart,You Suffer,Napalm Death,,", 1987",rock,5.46,5.44,0.03,9.382,5,13,4,1,0,0.60,6.079,11.050,8.059,9.070,10.755,11.050,6.078,0.396,0.000
C:\YARG\Charts\Carpal Tunnel Hero 2\- 01 Introduction to a new Era\1 - 02 - Recode The Subliminal - At The End\notes.chart,At The End,Recode The Subliminal,,,rock,2.98,2.09,0.89,4.228,890,1364,797,6,87,227.54,2.034,7.904,3.257,3.846,6.077,5.376,1.180,0.776,0.656
C:\YARG\Charts\Carpal Tunnel Hero 2\- 01 Introduction to a new Era\1 - 03 - chon_story\notes.chart,chon_story,Unknown Artist,Unknown Charter,,rock,6.65,5.82,0.83,9.929,1005,1138,591,414,0,216.47,5.090,16.180,8.060,9.600,12.589,11.679,5.002,0.957,0.130
C:\YARG\Charts\Carpal Tunnel Hero 2\- 01 Introduction to a new Era\1 - 04 - Chemfinal - Avenged Sevenfold - Malaguena Salerosa\notes.chart,Malaguena Salerosa (La Malaguena),Avenged Sevenfold (Chemfinal) (2),,,rock,5.13,4.28,0.85,7.691,1012,1216,829,148,35,242.75,3.628,15.373,5.209,6.994,11.837,10.285,3.250,1.142,0.532
C:\YARG\Charts\Carpal Tunnel Hero 2\- 01 Introduction to a new Era\1 - 05 - Monuments - Atlas\notes.chart,Atlas,Monuments,Chezy,,rock,7.70,6.90,0.80,11.445,1044,1068,1043,1,0,200.19,6.983,16.547,9.938,11.269,13.393,12.748,6.829,2.046,0.333
C:\YARG\Charts\Carpal Tunnel Hero 2\- 01 Introduction to a new Era\1 - 06 - aaron\notes.chart,Aaron,Neil Cicierega,GanonMetroid,", 2015",Meme,2.90,2.24,0.66,4.476,702,712,0,0,702,260.38,1.839,9.090,3.258,4.086,6.503,5.863,1.699,0.014,0.340
C:\YARG\Charts\Carpal Tunnel Hero 2\- 01 Introduction to a new Era\1 - 07 - Repentance\notes.chart,Repentance,Dream Theater,,,rock,3.33,2.43,0.90,4.799,1237,1382,868,369,0,640.58,2.684,9.168,3.437,4.736,6.303,5.889,1.715,0.484,1.488
C:\YARG\Charts\Carpal Tunnel Hero 2\- 01 Introduction to a new Era\1 - 08 - fall of pangea\notes.chart,Fall of Pangea,Valient Thorr,GanonMetroid,", 2006",Hard Rock,5.65,4.60,1.04,8.167,1657,2004,1177,480,0,415.75,4.123,12.945,6.566,7.720,10.928,9.793,3.660,1.369,0.519
C:\YARG\Charts\Carpal Tunnel Hero 2\- 01 Introduction to a new Era\1 - 09 - Sarah Longfield - A New Discovery\notes.chart,A New Discovery,Sarah Longfield,Gabe,,rock,5.96,5.34,0.62,9.241,586,636,269,6,311,142.31,4.064,15.269,6.527,8.698,13.601,11.677,3.721,0.627,0.642
C:\YARG\Charts\Carpal Tunnel Hero 2\- 01 Introduction to a new Era\1 - 10 - Larry Carlton - Room 335\notes.chart,Room 335,Larry Carlton,,,rock,4.35,3.45,0.90,6.417,1323,1389,366,567,390,327.42,2.947,13.800,4.632,6.060,9.141,8.092,2.704,0.375,0.529
C:\YARG\Charts\Carpal Tunnel Hero 2\- 02 Training For The Big Day\2 - 01 - Boston - ForeplayLongTime\notes.chart,Foreplay/Long Time,Boston,jdurand11143,,rock,5.92,4.80,1.12,8.460,1978,2432,679,452,847,493.06,3.843,14.998,6.423,8.032,11.080,10.658,3.140,0.517,0.895
C:\YARG\Charts\Carpal Tunnel Hero 2\- 02 Training For The Big Day\2 - 02 - Shit's Fucked\notes.chart,Shit's Fucked,Stephen Paul Taylor (CyclopsDragon),CyclopsDragon,", 2014",rock,5.85,4.94,0.91,8.664,770,1413,445,0,325,190.18,3.472,11.707,7.219,8.442,11.110,9.747,3.257,1.056,0.083
C:\YARG\Charts\Carpal Tunnel Hero 2\- 02 Training For The Big Day\2 - 03 - beastly\notes.chart,Beastly,Vulfpeck,GanonMetroid,", 2012",Funk,4.74,3.99,0.76,7.245,943,943,750,193,0,246.57,3.735,13.505,5.794,6.854,9.697,8.713,3.621,1.220,0.168
C:\YARG\Charts\Carpal Tunnel Hero 2\- 02 Training For The Big Day\2 - 04 - littletybee_abby\notes.chart,Abby,Little Tybee,Unknown Charter,", 2016",rock,5.32,4.59,0.72,8.149,566,858,470,71,25,195.73,3.782,11.705,6.121,7.947,11.046,9.692,3.410,1.070,0.679
C:\YARG\Charts\Carpal Tunnel Hero 2\- 02 Training For The Big Day\2 - 05 - Experiment\notes.chart,Experiment,Garrythemod,Garrythemod,", 2017",Wire Metal,3.91,2.90,1.02,5.549,1255,1891,1233,20,2,210.19,2.960,8.196,4.569,5.161,7.671,6.585,1.391,2.117,0.064
C:\YARG\Charts\Carpal Tunnel Hero 2\- 02 Training For The Big Day\2 - 06 - MIMIZU IN THE DANCEFLOOR\notes.chart,MIMIZU IN THE DANCEFLOOR,The Ohayogozaimas (CyclopsDragon),CyclopsDragon,", 2015",rock,4.84,3.75,1.08,6.890,1701,2230,1594,107,0,312.33,3.696,11.942,5.276,6.637,9.139,8.352,2.881,2.021,0.344
C:\YARG\Charts\Carpal Tunnel Hero 2\- 02 Training For The Big Day\2 - 07 - Chemfinal - Richaad EB - Another Medium (Guitar Cover)\notes.chart,Another Medium - Guitar Remix,,,,rock,6.01,5.09,0.92,8.878,1457,1457,109,125,1223,251.08,5.094,10.841,8.316,8.861,9.437,9.342,4.906,0.167,0.329
C:\YARG\Charts\Carpal Tunnel Hero 2\- 02 Training For The Big Day\2 - 08 - davidmaximmicic_bilopt1\notes.chart,Bilo Pt. 1,David Maxim Micic,Unknown Charter,", 2011",rock,4.27,3.46,0.81,6.435,1099,1099,576,506,17,367.03,2.614,13.988,4.439,6.074,9.405,8.259,2.337,0.422,0.507
C:\YARG\Charts\Carpal Tunnel Hero 2\- 02 Training For The Big Day\2 - 09 - August Burns Red - Vanguard\notes.chart,Vanguard,August Burns Red,Chezy,,rock,5.55,4.57,0.98,8.118,1341,1697,857,356,128,331.60,3.951,11.012,6.575,8.075,9.940,9.231,3.450,0.527,0.542
C:\YARG\Charts\Carpal Tunnel Hero 2\- 02 Training For The Big Day\2 - 10 - Delusional Parasitsis - Dysmorphic Transmutation\notes.chart,Dysmorphic Transmutation,Delusional Parasitsis (ShadeGH),Unknown Charter,,rock,7.33,6.48,0.85,10.859,724,1224,521,203,0,143.58,6.476,15.915,9.377,10.674,12.926,12.094,6.185,1.261,0.490
C:\YARG\Charts\Carpal Tunnel Hero 2\- 02 Training For The Big Day\2 - 11 - The Funeral Portrait (CH)\notes.chart,The Funeral Portrait,Opeth,xX760Xx,", 2001",rock,6.24,4.89,1.35,8.589,2757,4254,2030,703,24,529.52,4.141,14.250,6.528,8.237,11.688,10.406,3.873,1.185,0.408
C:\YARG\Charts\Carpal Tunnel Hero 2\- 03 Independence\3 - 01 - Miscellany - Gunther - Ding Ding Song\notes.chart,Ding Dong Song,Günther,,", 2004",rock,3.67,2.72,0.94,5.270,1004,1562,7,9,988,238.62,2.763,8.010,4.316,4.995,6.660,6.389,2.715,0.058,0.052
C:\YARG\Charts\Carpal Tunnel Hero 2\- 03 Independence\3 - 02 - VItalj Kuprij - Waterfall\notes.chart,Waterfall,Vitalij Kuprij,ANDROMEDAYT,", 2017",rock,8.42,7.75,0.67,12.602,741,741,0,0,741,104.33,5.212,16.515,9.815,12.668,15.278,14.602,5.187,0.026,0.047
C:\YARG\Charts\Carpal Tunnel Hero 2\- 03 Independence\3 - 03 - Inginburei\notes.chart,Inginburei,The Ohayogozaimas (CyclopsDragon),CyclopsDragon,", 2015",rock,8.10,7.53,0.56,12.312,438,532,414,24,0,55.22,5.239,17.258,7.748,12.592,16.898,15.096,4.341,2.707,0.437
C:\YARG\Charts\Carpal Tunnel Hero 2\- 03 Independence\3 - 04 - Modest Mouse - Doin' The Cockroach\notes.chart,Doin' The Cockroach ,Modest Mouse,jdurand11143,,rock,6.11,5.07,1.04,8.850,1287,2001,1174,113,0,255.32,4.233,13.144,7.015,8.743,10.758,10.431,3.758,1.582,0.197
C:\YARG\Charts\Carpal Tunnel Hero 2\- 03 Independence\3 - 05 - trident tail\notes.chart,Trident Tail,Tera Melos (GanonMetroid),,,rock,6.36,5.34,1.03,9.239,1479,1926,1171,139,169,460.78,3.988,14.319,6.111,9.089,13.038,11.585,3.596,0.895,0.663
C:\YARG\Charts\Carpal Tunnel Hero 2\- 03 Independence\3 - 06 - Bleeding Skies - Lohengramm\notes.chart,Lohengramm,Bleeding Skies (Chemfinal) (3),,,rock,6.26,5.14,1.12,8.948,1701,2428,967,730,4,337.58,4.833,12.078,7.097,8.895,11.069,10.321,4.294,1.296,0.510
C:\YARG\Charts\Carpal Tunnel Hero 2\- 03 Independence\3 - 07 - Human Hive (CH)\notes.chart,Human Hive,Anterior,xX760Xx,", 2007",rock,8.21,7.17,1.03,11.821,1909,1960,1672,74,163,299.18,5.723,23.238,8.822,11.040,16.643,14.916,5.201,1.635,0.360
C:\YARG\Charts\Carpal Tunnel Hero 2\- 03 Independence\3 - 08 - The Faded Line (CH)\notes.chart,The Faded Line,Lamb of God,xX760Xx,", 2004",Groove Metal,6.93,5.90,1.03,10.036,1860,1955,1397,462,1,273.03,5.040,12.662,7.564,10.140,12.515,11.652,3.902,2.347,0.061
C:\YARG\Charts\Carpal Tunnel Hero 2\- 03 Independence\3 - 09 - potato-head in wonderland\notes.chart,potato-head in wonderland,Utsu-P (CyclopsDragon),CyclopsDragon,", 2016",rock,6.69,5.73,0.97,9.796,1364,1653,843,521,0,221.58,5.428,19.288,7.551,9.053,13.911,12.215,5.003,1.860,0.227
C:\YARG\Charts\Carpal Tunnel Hero 2\- 03 Independence\3 - 10 - FROST - Heartstrings\notes.chart,Heartstrings,FROST*,,", 2016",,4.12,3.35,0.77,6.265,883,984,389,5,489,295.68,2.852,10.239,5.018,6.075,7.931,7.421,2.633,0.494,0.613
C:\YARG\Charts\Carpal Tunnel Hero 2\- 03 Independence\3 - 11 - Chemfinal - The User Lives - The Wave That Pulled Us Under\notes.chart,The Wave That Pulled Us Under,The User Lives (Chemfinal) (4),Unknown Charter,,rock,5.99,5.02,0.97,8.779,1652,1655,751,901,0,204.23,5.611,12.335,7.754,8.594,10.275,9.731,5.468,0.655,0.124
C:\YARG\Charts\Carpal Tunnel Hero 2\- 03 Independence\3 - 12 - The Bright Light Social Hour - Rhubarb Jam\notes.chart,Rhubarb Jam,The Bright Light Social Hour,,,rock,7.50,6.65,0.84,11.101,972,1196,732,40,200,208.05,4.380,20.196,8.034,11.176,14.241,13.195,3.941,0.877,0.423
C:\YARG\Charts\Carpal Tunnel Hero 2\- 04 Worldly Traveler\4 - 01 - Play Dead\notes.chart,Play Dead,Andromeda (CyclopsDragon),CyclopsDragon,", 2011",rock,6.07,4.71,1.35,8.329,3327,4316,1393,1934,0,451.69,4.996,14.813,6.825,7.868,10.903,9.959,4.718,0.941,0.054
C:\YARG\Charts\Carpal Tunnel Hero 2\- 04 Worldly Traveler\4 - 02 - right to arm bears\notes.chart,The Right to Arm Bears,Electro Quarterstaff,GanonMetroid,", 2009",Metal,5.61,4.54,1.08,8.067,2066,2185,1080,986,0,380.48,4.545,13.166,6.628,7.862,9.899,9.410,4.345,0.935,0.435
C:\YARG\Charts\Carpal Tunnel Hero 2\- 04 Worldly Traveler\4 - 03 - Flesh and the Power it Holds (CH)\notes.chart,Flesh and the Power it Holds,Death,xX760Xx,", 1998",rock,5.82,4.69,1.13,8.295,2315,2503,1872,365,78,502.81,4.274,17.415,6.348,7.948,11.149,10.081,3.630,1.458,0.614
C:\YARG\Charts\Carpal Tunnel Hero 2\- 04 Worldly Traveler\4 - 04 - kingbaby-biggaloot\notes.chart,Big Galoot,Kingbaby (jdurand) (5),,,rock,4.28,3.55,0.73,6.581,724,878,289,203,232,208.72,3.024,12.339,4.626,6.308,9.158,8.349,2.784,0.463,0.388
C:\YARG\Charts\Carpal Tunnel Hero 2\- 04 Worldly Traveler\4 - 05 - Horobi No Uta\notes.chart,Horobi No Uta,The Ohayogozaimas (CyclopsDragon),CyclopsDragon,", 2016",rock,5.14,4.55,0.58,8.092,384,566,283,81,20,61.36,4.420,15.774,6.294,7.433,11.882,9.926,3.366,2.510,0.110
C:\YARG\Charts\Carpal Tunnel Hero 2\- 04 Worldly Traveler\4 - 06 - Gabe The Dog - The Borkening\notes.chart,The Borkening,Gabe The Dog,Gabe,,rock,3.93,3.21,0.72,6.047,856,857,810,46,0,206.08,2.902,9.662,4.243,6.006,8.135,7.347,2.271,1.512,0.134
C:\YARG\Charts\Carpal Tunnel Hero 2\- 04 Worldly Traveler\4 - 07 - Texas In July - The Void\notes.chart,The Void,Texas In July,Chezy,,rock,6.52,5.55,0.98,9.542,1249,1689,1034,215,0,207.78,4.885,13.298,8.192,9.401,11.222,10.707,4.001,2.007,0.371
C:\YARG\Charts\Carpal Tunnel Hero 2\- 04 Worldly Traveler\4 - 08 - slicethecake_theexile\notes.chart,The Exile,Slice the Cake,,", 2016",rock,6.37,5.14,1.23,8.952,2322,3185,1665,657,0,578.11,4.244,14.560,6.966,8.655,11.759,10.698,3.940,0.747,0.325
C:\YARG\Charts\Carpal Tunnel Hero 2\- 04 Worldly Traveler\4 - 09 - Sugarcoat of Love\notes.chart,Sugarcoat of Love,Utsu-P,CyclopsDragon,", 2017",rock,6.60,5.61,0.98,9.634,1355,1731,1243,52,60,236.02,4.562,16.987,6.638,9.195,13.086,12.640,3.700,2.263,0.476
C:\YARG\Charts\Carpal Tunnel Hero 2\- 04 Worldly Traveler\4 - 10 - Black Kirin - Eagle\notes.chart,Eagle,Black Kirin (ShadeGH),Unknown Charter,,rock,6.55,5.38,1.16,9.304,2500,2712,2073,427,0,400.91,3.953,19.336,6.452,8.345,14.805,12.276,3.451,1.146,0.161
C:\YARG\Charts\Carpal Tunnel Hero 2\- 04 Worldly Traveler\4 - 11 - coheedandcambria-inkeepingsecr\notes.chart,In Keeping Secrets of Silent Earth- 3,Coheed and Cambria (jdurand) (4),,,rock,5.64,4.46,1.18,7.952,1880,2834,1769,109,2,486.13,3.728,14.574,6.249,7.880,9.854,9.293,3.238,1.040,0.505
C:\YARG\Charts\Carpal Tunnel Hero 2\- 04 Worldly Traveler\4 - 12 - Apocalypse 1992\notes.chart,Apocalypse 1992,Gloryhammer,Rek3dge,,rock,4.58,3.44,1.14,6.399,1922,2584,1866,56,0,566.62,3.315,11.795,5.272,5.958,8.568,7.717,2.485,0.864,1.171
C:\YARG\Charts\Carpal Tunnel Hero 2\- 04 Worldly Traveler\4 - 13 - jingle bells\notes.chart,Jingle Bells,Brad Paisley feat. Grover,GanonMetroid,", 2007",Country,6.36,5.84,0.52,9.951,388,464,169,209,10,79.57,4.198,14.945,7.444,9.752,13.034,11.992,3.957,0.772,0.302
C:\YARG\Charts\Carpal Tunnel Hero 2\- 05 Oriental Inquisition\5 - 01 - Shokran - Interlude\notes.chart,Interlude,Shokran,jdurand11143,,rock,7.84,7.14,0.70,11.779,783,797,281,211,291,95.30,7.457,14.693,10.467,11.794,13.091,12.730,7.365,1.158,0.058
C:\YARG\Charts\Carpal Tunnel Hero 2\- 05 Oriental Inquisition\5 - 02 - zombie harem\notes.chart,Zombie Harem,Daikaiju,GanonMetroid,", 2010",Surf Rock,4.10,3.00,1.10,5.721,1680,2323,1473,207,0,305.56,2.868,9.757,4.401,5.406,7.742,7.067,2.168,1.610,0.266
C:\YARG\Charts\Carpal Tunnel Hero 2\- 05 Oriental Inquisition\5 - 03 - The Prince of the World\notes.chart,The Prince of the World,Heavenly (CyclopsDragon),CyclopsDragon,", 2006",rock,6.51,5.75,0.76,9.833,885,944,313,482,90,250.00,3.664,20.925,6.826,9.350,13.810,12.691,3.066,0.395,0.925
C:\YARG\Charts\Carpal Tunnel Hero 2\- 05 Oriental Inquisition\5 - 04 - Walk of Fame\notes.chart,Walk of Fame,The Fall of Troy,xX760Xx,", 2009","Progressive Rock, Post-Hardcore",5.87,4.91,0.96,8.621,1411,1612,713,698,0,308.90,4.039,14.243,6.366,8.463,11.393,10.407,3.839,0.674,0.273
C:\YARG\Charts\Carpal Tunnel Hero 2\- 05 Oriental Inquisition\5 - 05 - Sarah Longfield - The Salient Voyage\notes.chart,The Salient Voyage,Sarah Longfield,Gabe,,rock,5.13,4.22,0.91,7.593,1244,1422,431,147,666,311.52,3.276,13.545,5.783,7.240,10.232,9.333,2.706,0.588,0.553
C:\YARG\Charts\Carpal Tunnel Hero 2\- 05 Oriental Inquisition\5 - 06 - Cheval\notes.chart,Cheval,Igorrr (CyclopsDragon),CyclopsDragon,", 2017",rock,5.78,4.89,0.89,8.591,1257,1347,303,2,952,171.32,4.281,15.143,6.685,8.316,11.190,10.295,4.086,0.378,0.080
C:\YARG\Charts\Carpal Tunnel Hero 2\- 05 Oriental Inquisition\5 - 07 - Allegaeon - The Phylogenesis Stretch\notes.chart,The Phylogenesis Stretch,Allegaeon,ParallaxDG,,rock,6.69,5.66,1.03,9.700,1937,1946,986,951,0,254.00,5.148,16.805,7.738,9.386,12.492,11.461,4.754,1.038,0.096
C:\YARG\Charts\Carpal Tunnel Hero 2\- 05 Oriental Inquisition\5 - 08 - Blight of River Systems\notes.chart,Blight of River Systems,maudlin of the Well (Chemfinal) (4),,,rock,4.80,3.91,0.89,7.125,1184,1356,971,213,0,334.60,3.306,15.059,5.428,6.776,9.494,8.846,2.978,1.147,0.515
C:\YARG\Charts\Carpal Tunnel Hero 2\- 05 Oriental Inquisition\5 - 09 - Paulo Schroeber- Rabbit Soup\notes.chart,Rabbit Soup,Paulo Schroeber,Alexx Dominion,,rock,7.68,6.96,0.72,11.520,853,853,3,850,0,80.43,7.158,18.475,9.011,10.650,16.577,14.083,7.158,0.006,0.007
C:\YARG\Charts\Carpal Tunnel Hero 2\- 05 Oriental Inquisition\5 - 10 - Slipknot - Opium Of The People\notes.chart,Opium Of The People,Slipknot,Unknown Charter,,rock,6.15,5.23,0.91,9.086,1065,1438,657,408,0,191.64,4.248,16.040,6.642,8.498,13.238,11.388,3.939,1.066,0.346
C:\YARG\Charts\Carpal Tunnel Hero 2\- 06 Modern Assembly\6 - 01 - rhode island shred\notes.chart,Rhode Island Shred,Guthrie Govan (Chemfinal) (5),,,rock,8.91,8.04,0.87,13.001,1240,1281,160,1058,22,133.81,7.978,18.613,10.905,12.730,15.768,14.847,7.896,0.427,0.185
C:\YARG\Charts\Carpal Tunnel Hero 2\- 06 Modern Assembly\6 - 02 - Concertino in Blue\notes.chart,Concertino in Blue,Hirofumi Sasaki (CyclopsDragon),CyclopsDragon,", 2002",rock,7.07,6.50,0.58,10.882,515,554,202,308,5,94.24,4.888,16.953,8.299,11.068,13.027,12.622,4.472,0.705,0.621
C:\YARG\Charts\Carpal Tunnel Hero 2\- 06 Modern Assembly\6 - 03 - Erra - Render The Void\notes.chart,Render The Void,Erra,Chezy,,rock,7.32,6.24,1.08,10.518,1921,2221,1858,18,45,345.45,5.580,13.403,8.743,10.136,13.385,12.162,5.038,1.857,0.203
C:\YARG\Charts\Carpal Tunnel Hero 2\- 06 Modern Assembly\6 - 04 - Low Feels Blvd\notes.chart,Low Feels Blvd,The Dillinger Escape Plan (CyclopsDragon),CyclopsDragon,", 2016",rock,6.07,5.16,0.92,8.978,1073,1445,764,277,32,243.70,3.851,17.968,6.530,8.722,12.178,11.014,3.392,1.131,0.578
C:\YARG\Charts\Carpal Tunnel Hero 2\- 06 Modern Assembly\6 - 05 - Edd Instrument Solo\notes.chart,Edd Instrument Solo,"Ed, Edd n Eddy",jdurand11143,,rock,8.37,8.06,0.31,13.022,186,212,70,87,29,25.49,6.402,19.800,9.587,12.305,18.594,16.145,6.303,1.143,0.458
C:\YARG\Charts\Carpal Tunnel Hero 2\- 06 Modern Assembly\6 - 06 - The Dark Memories\notes.chart,The Dark Memories,Heavenly (CyclopsDragon),CyclopsDragon,", 2006",rock,5.93,4.94,0.99,8.665,1520,1765,1264,256,0,342.00,4.440,14.961,6.627,8.351,11.349,10.576,3.734,1.413,0.898
C:\YARG\Charts\Carpal Tunnel Hero 2\- 06 Modern Assembly\6 - 07 - baboon\notes.chart,Baboon,TTNG,GanonMetroid,", 2009",Math Rock,7.68,6.78,0.90,11.278,1343,1373,537,806,0,195.53,7.848,14.298,9.900,11.156,12.895,12.468,7.791,1.003,0.014
C:\YARG\Charts\Carpal Tunnel Hero 2\- 06 Modern Assembly\6 - 08 - Are You Dead Yet\notes.chart,Are You Dead Yet?,Children of Bodom,Rek3dge,,rock,7.49,6.57,0.92,10.988,1328,1445,1275,53,0,232.34,6.044,16.671,9.098,11.053,12.664,12.366,5.772,1.302,0.176
C:\YARG\Charts\Carpal Tunnel Hero 2\- 06 Modern Assembly\6 - 09 - Trivium - The Sin And The Sentence (Open Note Version)\notes.chart,The Sin And The Sentence,Trivium,,", 2017",rock,4.83,3.79,1.04,6.941,1955,2018,1870,85,0,340.85,3.700,15.184,5.538,6.691,8.800,8.326,3.402,1.218,0.383
C:\YARG\Charts\Carpal Tunnel Hero 2\- 06 Modern Assembly\6 - 10 - John Zorn - Snagglepuss\notes.chart,Snagglepuss,Naked City (PixelGH),PixelGH,", 1990",Jazz Grind,6.20,5.39,0.81,9.321,737,1090,413,201,123,135.27,3.922,17.627,6.530,8.973,12.853,11.827,3.466,1.112,0.441
C:\YARG\Charts\Carpal Tunnel Hero 2\- 07 The Antidote of The Modern Ages\7 - 01 - betweentheburiedandme_diseaseinjurymadness\notes.chart,"Disease, Injury, Madness",Between the Buried and Me,Unknown Charter,", 2009",rock,7.06,5.83,1.24,9.939,2480,3240,2303,177,0,899.03,3.369,21.325,6.796,9.427,14.231,12.877,3.135,0.818,0.307
C:\YARG\Charts\Carpal Tunnel Hero 2\- 07 The Antidote of The Modern Ages\7 - 02 - Misery Signals - Ursa Minor\notes.chart,Ursa Minor,Misery Signals,Chezy,,rock,7.98,7.05,0.93,11.651,943,1497,943,0,0,216.68,5.033,22.528,8.483,10.786,16.872,14.944,4.425,1.315,0.373
C:\YARG\Charts\Carpal Tunnel Hero 2\- 07 The Antidote of The Modern Ages\7 - 03 - mastodon_divinations\notes.chart,Divinations,Mastodon,,", 2009",rock,5.24,4.32,0.92,7.745,1352,1445,490,862,0,204.09,4.402,11.380,6.197,7.508,9.980,9.098,4.257,0.614,0.049
C:\YARG\Charts\Carpal Tunnel Hero 2\- 07 The Antidote of The Modern Ages\7 - 04 - Temporarily Destabilized (CH)\notes.chart,Temporarily Destabilized,CHON,xX760Xx,", 2008",rock,8.84,7.84,1.00,12.725,1509,1822,659,850,0,232.77,6.177,20.270,8.600,12.230,18.182,16.264,5.984,1.019,0.239
C:\YARG\Charts\Carpal Tunnel Hero 2\- 07 The Antidote of The Modern Ages\7 - 05 - Powerglove - Kirby\notes.chart,Kirby,Powerglove,,,rock,3.74,3.05,0.70,5.789,785,799,611,128,46,171.49,3.142,11.100,4.508,5.359,8.159,7.171,2.757,1.226,0.573
C:\YARG\Charts\Carpal Tunnel Hero 2\- 07 The Antidote of The Modern Ages\7 - 06 - Mercyful Fate - Gypsy\notes.chart,Gypsy,Mercyful Fate (ShadeGH),Unknown Charter,,rock,4.30,3.58,0.73,6.619,787,868,518,269,0,182.97,3.595,12.145,5.511,6.101,9.084,7.934,3.167,1.040,0.603
C:\YARG\Charts\Carpal Tunnel Hero 2\- 07 The Antidote of The Modern Ages\7 - 07 - Prison Born\notes.chart,Prison Born,The Faceless (CyclopsDragon),CyclopsDragon,", 2008",rock,6.22,5.50,0.73,9.465,816,866,698,118,0,102.46,5.357,13.938,7.990,9.200,11.704,10.787,4.218,2.260,0.409
C:\YARG\Charts\Carpal Tunnel Hero 2\- 07 The Antidote of The Modern Ages\7 - 08 - Joe Satriani - Crazy Joey\notes.chart,Crazy Joey,Joe Satriani (jdurand),jdurand11143,,rock,5.81,5.01,0.80,8.767,962,1063,499,447,16,207.35,3.872,11.595,7.877,8.747,9.789,9.412,3.757,0.652,0.296
C:\YARG\Charts\Carpal Tunnel Hero 2\- 07 The Antidote of The Modern Ages\7 - 10 - deadbolt\notes.chart,Deadbolt,Invalids,GanonMetroid,", 2012",Math Rock,8.08,7.28,0.80,11.971,887,1057,251,540,96,136.94,6.406,17.725,10.221,11.635,14.739,13.529,6.354,0.721,0.125
C:\YARG\Charts\Carpal Tunnel Hero 2\- 07 The Antidote of The Modern Ages\7 - 11 - persefone_livingwaves\notes.chart,Livings Waves,Persefone,Unknown Charter,", 2017",rock,5.99,4.88,1.12,8.571,2091,2416,1746,181,164,308.31,3.640,12.965,6.297,8.663,10.718,10.132,2.600,1.663,0.237
C:\YARG\Charts\Carpal Tunnel Hero 2\- 07 The Antidote of The Modern Ages\7 - 12 - Running in the 90's Metal Cover (CH)\notes.chart,Running in the 90's Metal Cover,RichaadEB,xX760Xx,", 2017",rock,7.96,6.95,1.01,11.516,1650,1834,912,267,471,223.48,6.079,19.070,9.351,10.869,15.280,13.793,5.783,1.220,0.288
C:\YARG\Charts\Carpal Tunnel Hero 2\- 08 Baroque Barrage\8 - 01 - Infant Annihilator - Neonatalimpalionecrophiliation\notes.chart,Neonatalimpalionecrophiliation,Infant Annihilator,,,rock,8.51,8.30,0.22,13.342,99,130,45,17,37,9.62,7.770,17.794,11.870,13.028,15.792,14.661,7.630,1.305,0.239
C:\YARG\Charts\Carpal Tunnel Hero 2\- 08 Baroque Barrage\8 - 02 - Painkiller (Death Cover) (CH)\notes.chart,Painkiller (Death Cover),Death,xX760Xx,", 1998",rock,6.26,5.17,1.10,8.991,2194,2303,1334,858,2,342.84,4.434,17.675,6.080,8.309,13.611,11.852,3.952,1.379,0.429
C:\YARG\Charts\Carpal Tunnel Hero 2\- 08 Baroque Barrage\8 - 03 - 09. Secret Love\notes.chart,Secret Love,Galneryus (Chemfinal) (5),,,rock,6.68,5.63,1.05,9.660,1815,2032,738,598,479,374.73,4.106,23.855,6.284,9.275,13.817,12.665,3.522,0.749,0.921
C:\YARG\Charts\Carpal Tunnel Hero 2\- 08 Baroque Barrage\8 - 04 - bizarro zarro land\notes.chart,Bizarro Zarro Land,Lightning Bolt,GanonMetroid,", 2005",Noise Rock,8.75,7.67,1.09,12.491,2254,2254,288,822,1144,280.19,7.546,16.326,11.061,12.546,13.761,13.517,7.515,0.263,0.217
C:\YARG\Charts\Carpal Tunnel Hero 2\- 08 Baroque Barrage\8 - 05 - Paralydium Project - Astral Liberation\notes.chart,Astral Liberation,The Paralydium Project (gaebpls/jdurand11143),Gabe,,rock,5.51,4.36,1.15,7.803,1905,2650,1043,265,597,486.43,3.568,16.925,5.152,7.224,12.079,10.282,2.953,0.913,0.719
C:\YARG\Charts\Carpal Tunnel Hero 2\- 08 Baroque Barrage\8 - 06 - And the Maiden Spoke\notes.chart,And the Maiden Spoke,Nevermore (CyclopsDragon),CyclopsDragon,", 2010",rock,6.87,5.89,0.97,10.034,1468,1675,1100,368,0,294.73,4.570,16.780,7.415,10.117,12.744,11.764,3.917,1.666,0.750
C:\YARG\Charts\Carpal Tunnel Hero 2\- 08 Baroque Barrage\8 - 07 - Periphery - Graveless\notes.chart,Graveless,Periphery,Chezy,,rock,8.75,7.77,0.98,12.633,1091,1690,1027,64,0,220.35,5.448,24.941,8.184,11.493,20.064,17.042,4.951,1.873,0.636
C:\YARG\Charts\Carpal Tunnel Hero 2\- 08 Baroque Barrage\8 - 08 - Chemfinal - Paul Gilbert - Bliss\notes.chart,Bliss,Paul Gilbert (Chemfinal) (5),,,rock,8.06,7.00,1.06,11.580,1713,2110,785,792,136,305.29,5.876,19.595,9.296,11.446,14.070,13.492,5.471,0.886,0.713
C:\YARG\Charts\Carpal Tunnel Hero 2\- 08 Baroque Barrage\8 - 09 - Eric Calderone - Take On Me Meets Metal\notes.chart,Take On Me Meets Metal,311Erock,GHX,,Metal,8.37,7.36,1.01,12.073,1487,1852,770,477,240,248.75,4.898,21.857,8.405,11.100,18.200,15.782,4.551,0.974,0.284
C:\YARG\Charts\Carpal Tunnel Hero 2\- 08 Baroque Barrage\8 - 10 - Wolves (CH)\notes.chart,Wolves,Machine Head (xX760Xx),xX760Xx,,rock,7.56,6.27,1.29,10.558,3175,3730,2145,966,64,517.22,5.648,18.951,8.750,10.373,12.737,12.144,5.082,1.308,0.433
C:\YARG\Charts\Carpal Tunnel Hero 2\- 09 Equanimity of the Mind\9 - 01 - macrocosm\notes.chart,The Macrocosm,Rings of Saturn (Chemfinal) (5),,,rock,7.21,6.15,1.06,10.394,2060,2101,1092,857,111,374.80,5.108,18.608,8.383,9.850,13.840,12.408,4.912,0.841,0.321
C:\YARG\Charts\Carpal Tunnel Hero 2\- 09 Equanimity of the Mind\9 - 02 - Animals as Leaders - Physical Education\notes.chart,Physical Education,Animals as Leaders,ParallaxDG,,rock,8.00,6.99,1.01,11.567,1835,1837,1135,700,0,278.48,6.260,14.982,9.431,11.619,13.661,13.071,6.099,1.549,0.072
C:\YARG\Charts\Carpal Tunnel Hero 2\- 09 Equanimity of the Mind\9 - 03 - Chemfinal - Tiluland - Tilu of the Kings\notes.chart,Tilu Of The Kings,Tiluland (Chemfinal) (5),,,rock,8.06,7.06,1.00,11.660,1782,1797,822,352,608,270.97,5.774,18.745,8.644,11.237,15.823,14.301,5.658,0.612,0.239
C:\YARG\Charts\Carpal Tunnel Hero 2\- 09 Equanimity of the Mind\9 - 04 - Silent Planet - Darkstrand (Hibakusha)\notes.chart,Darkstrand (Hibakusha),Silent Planet,Chezy,,rock,7.92,7.11,0.81,11.726,871,1106,274,474,123,187.87,5.409,15.755,10.274,11.730,13.271,12.759,4.670,0.505,0.815
C:\YARG\Charts\Carpal Tunnel Hero 2\- 09 Equanimity of the Mind\9 - 05 - Sledgehammer (CH)\notes.chart,Sledgehammer,The Fall of Troy,xX760Xx,", 2007",rock,7.49,6.28,1.21,10.579,1952,3035,1451,474,27,359.04,5.330,15.925,8.263,10.347,13.613,12.477,4.888,1.378,0.643
C:\YARG\Charts\Carpal Tunnel Hero 2\- 09 Equanimity of the Mind\9 - 06 - Thank You Scientist - Rube Goldberg Variations\notes.chart,Rube Goldberg Variations,Thank You Scientist,,,rock,5.41,4.28,1.13,7.686,2237,2502,1017,568,652,527.24,3.358,16.803,5.625,7.399,10.258,9.620,3.102,0.685,0.432
C:\YARG\Charts\Carpal Tunnel Hero 2\- 09 Equanimity of the Mind\9 - 07 - Chemfinal - 331Erock - Game of Thrones Meets Metal\notes.chart,Game of Thrones Meets Metal,331Erock (Chemfinal) (6),,,rock,6.84,5.93,0.91,10.086,1290,1423,474,263,553,208.83,4.551,16.018,7.470,9.580,14.087,12.494,4.185,0.739,0.530
C:\YARG\Charts\Carpal Tunnel Hero 2\- 09 Equanimity of the Mind\9 - 08 - The Termination Proclamation\notes.chart,The Termination Proclamation,Nevermore (CyclopsDragon),CyclopsDragon,", 2010",rock,7.19,6.29,0.89,10.597,1239,1368,650,499,90,187.53,4.931,16.850,8.320,10.250,14.352,12.345,4.141,1.172,0.659
C:\YARG\Charts\Carpal Tunnel Hero 2\- 09 Equanimity of the Mind\9 - 09 - Andromeda - Chameleon Carneval\notes.chart,Chameleon Carneval,Andromeda,,,rock,7.58,6.52,1.07,10.911,2072,2125,343,1259,470,297.31,5.391,23.405,7.800,9.800,17.621,13.947,5.281,0.545,0.155
C:\YARG\Charts\Carpal Tunnel Hero 2\- 09 Equanimity of the Mind\9 - 10 - Lily of the Moon\notes.chart,Lily of the Moon,Amberian Dawn (CyclopsDragon),CyclopsDragon,", 2012",rock,6.85,5.84,1.00,9.964,1667,1808,1185,400,82,243.05,4.164,18.095,7.125,9.717,13.548,12.276,3.139,1.621,0.203
C:\YARG\Charts\Carpal Tunnel Hero 2\- 09 Equanimity of the Mind\9 - 11 - Dokken - Tooth and Nail\notes.chart,Tooth And Nail,Dokken (ShadeGH),ShadeGH,,rock,7.65,6.71,0.94,11.182,1423,1544,637,348,438,218.03,5.829,17.078,8.978,10.305,15.705,13.650,5.619,1.104,0.451
C:\YARG\Charts\Carpal Tunnel Hero 2\- 10 Insidious Inquiries\10 - 01 - Evile - Time No More\notes.chart,Time No More,Evile (ShadeGH),,,rock,8.51,7.45,1.06,12.199,1629,2076,1345,284,0,236.17,7.483,20.075,10.265,11.820,15.053,14.041,7.274,2.251,0.457
C:\YARG\Charts\Carpal Tunnel Hero 2\- 10 Insidious Inquiries\10 - 02 - Triosphere - Steal Away The Light\notes.chart,Steal Away The Light,Triosphere (jdurand) (6.5),,,rock,5.74,4.79,0.96,8.439,1605,1606,1169,313,123,226.75,5.134,14.195,7.158,7.588,11.525,10.413,4.896,1.438,0.257
C:\YARG\Charts\Carpal Tunnel Hero 2\- 10 Insidious Inquiries\10 - 03 - Miscellany - Exodus - The Ballad of Leonard and Charles\notes.chart,The Ballad Of Leonard And Charles,Exodus,,", 2010",rock,7.07,5.82,1.25,9.926,3076,3345,1737,1335,4,393.01,5.496,16.672,7.848,9.661,12.585,11.790,4.508,1.948,0.367
C:\YARG\Charts\Carpal Tunnel Hero 2\- 10 Insidious Inquiries\10 - 04 - Canon Rock (2013 Remix)\notes.chart,Canon Rock (2013 Remix),Cole Rolland,,,rock,6.94,6.02,0.92,10.206,1404,1481,769,239,396,226.66,5.320,17.489,8.213,9.885,12.878,12.083,5.151,1.071,0.498
C:\YARG\Charts\Carpal Tunnel Hero 2\- 10 Insidious Inquiries\10 - 05 - angra_theshadowhunter\notes.chart,The Shadow Hunter,Angra,,", 2004",rock,5.80,4.71,1.08,8.328,1952,2230,1116,827,9,482.28,3.836,16.226,6.234,8.236,10.604,10.016,3.214,0.777,0.814
C:\YARG\Charts\Carpal Tunnel Hero 2\- 10 Insidious Inquiries\10 - 06 - Meshuggah - Future Breed Machine\notes.chart,Future Breed Machine,Meshuggah (ShadeGH),ShadeGH,,rock,6.21,5.02,1.19,8.779,1707,2896,1439,83,185,316.73,4.314,15.395,6.653,8.373,12.119,10.682,3.111,1.963,0.476
C:\YARG\Charts\Carpal Tunnel Hero 2\- 10 Insidious Inquiries\10 - 07 - A Man. A Plan. A Canal. Panama (CH)\notes.chart,A Man. A Plan. A Canal. Panama.,The Fall of Troy,xX760Xx,", 2007",Progressive Rock,8.23,6.81,1.42,11.315,3173,5110,2041,1037,95,496.20,5.900,19.521,8.380,10.703,15.730,14.156,5.626,1.492,0.180
C:\YARG\Charts\Carpal Tunnel Hero 2\- 10 Insidious Inquiries\10 - 08 - George Bellas - Violin Solo\notes.chart,Violin Solo,George Bellas,,,rock,11.15,10.68,0.48,16.463,399,399,34,365,0,38.42,10.169,20.290,14.116,16.324,19.070,18.408,10.166,0.137,0.015
C:\YARG\Charts\Carpal Tunnel Hero 2\- 10 Insidious Inquiries\10 - 09 - Haken - Visions\notes.chart,Visions,Haken,,", 2011",,7.89,6.38,1.52,10.717,5287,6360,1945,577,2765,1260.11,4.665,21.960,7.710,9.594,17.550,13.587,4.191,0.665,0.640
C:\YARG\Charts\Carpal Tunnel Hero 2\- 10 Insidious Inquiries\10 - 10 - gojira_silvera\notes.chart,Silvera,Gojira,,", 2016",rock,9.36,8.43,0.93,13.521,1358,1495,492,355,511,206.64,6.161,22.793,8.788,12.281,19.680,19.148,5.825,0.821,0.474
C:\YARG\Charts\Carpal Tunnel Hero 2\- 11 A State of Euphoria\11 - 01 - dreamtheater_underaglassmoon\notes.chart,Under a Glass Moon,Dream Theater,,", 1992",rock,6.81,5.67,1.14,9.713,1981,2558,1213,478,290,420.93,4.652,17.630,7.267,9.641,12.579,11.500,4.146,1.190,0.675
C:\YARG\Charts\Carpal Tunnel Hero 2\- 11 A State of Euphoria\11 - 02 - Chemfinal - Greg Howe - Jump Start\notes.chart,,,,,rock,7.09,6.06,1.03,10.265,1929,1956,565,1104,260,275.43,5.471,15.398,8.593,9.895,12.907,11.868,5.381,0.590,0.227
C:\YARG\Charts\Carpal Tunnel Hero 2\- 11 A State of Euphoria\11 - 03 - Cruciform Dachshund\notes.chart,Cruciform Dachshund,Igorrr (CyclopsDragon),CyclopsDragon,", 2010",rock,5.24,4.31,0.94,7.728,1134,1524,764,3,367,215.29,2.952,13.132,5.793,7.518,10.209,9.382,2.430,1.147,0.325
C:\YARG\Charts\Carpal Tunnel Hero 2\- 11 A State of Euphoria\11 - 04 - paranoid android\notes.chart,Paranoid Android,Consider the Source,GanonMetroid,", 2013",Prog Rock,5.48,4.57,0.92,8.110,1323,1447,712,497,114,421.70,2.822,16.328,5.205,7.806,11.657,10.652,2.455,0.583,0.569
C:\YARG\Charts\Carpal Tunnel Hero 2\- 11 A State of Euphoria\11 - 05 - Clown Parade (CH)\notes.chart,Clown Parade,Annihilator feat. Jeff Loomis (xX760Xx),xX760Xx,", 2007",rock,7.40,6.23,1.17,10.505,2619,2752,1680,929,10,311.92,4.723,22.690,5.821,9.798,17.159,14.622,4.362,1.729,0.166
C:\YARG\Charts\Carpal Tunnel Hero 2\- 11 A State of Euphoria\11 - 06 - Chemfinal - Tiluland - Heroes\notes.chart,Heroes,Tiluland (Chemfinal) (5.5),,,rock,8.56,7.57,1.00,12.358,1781,1781,189,256,1336,220.60,6.329,23.405,9.140,11.158,19.728,15.394,6.209,0.250,0.233
C:\YARG\Charts\Carpal Tunnel Hero 2\- 11 A State of Euphoria\11 - 07 - Shadow of Intent - The Shaping Sickness\notes.chart,The Shaping Sickness,Shadow of Intent,,", 2016",rock,8.33,7.25,1.08,11.926,1871,2186,1735,104,32,244.73,5.339,22.570,8.190,11.386,17.129,15.212,4.350,1.699,0.302
C:\YARG\Charts\Carpal Tunnel Hero 2\- 11 A State of Euphoria\11 - 08 - Haken - The Mind's EyePortalsShapeshifter\notes.chart,The Mind's Eye/Portals/Shapeshifter,Haken,Gabe,,rock,5.74,4.35,1.39,7.791,3769,4669,2016,1503,250,1038.96,3.497,13.133,5.795,7.470,10.891,9.457,3.174,0.619,0.451
C:\YARG\Charts\Carpal Tunnel Hero 2\- 11 A State of Euphoria\11 - 09 - Hemispheres - Gravity\notes.chart,Gravity,Hemispheres,jdurand11143,,rock,6.02,5.02,0.99,8.784,1720,1762,17,15,1688,294.22,4.201,14.117,6.840,8.579,11.211,10.463,4.134,0.040,0.347
C:\YARG\Charts\Carpal Tunnel Hero 2\- 11 A State of Euphoria\11 - 10 - Impellitteri - Stand In Line\notes.chart,Stand In Line,Impellitteri,GHX,,rock,6.72,5.79,0.93,9.884,1220,1490,910,310,0,257.43,4.797,13.914,6.861,10.087,12.825,11.738,4.603,1.252,0.341
C:\YARG\Charts\Carpal Tunnel Hero 2\- 12 Riding Along The Paradox\12 - 01 - Rhapsody - Holy Thunderforce\notes.chart,Holy Thunderforce,Rhapsody,GHX,,rock,7.79,6.85,0.94,11.371,1214,1548,719,327,168,256.01,5.335,26.847,8.490,9.567,19.455,14.990,4.981,1.115,1.035
C:\YARG\Charts\Carpal Tunnel Hero 2\- 12 Riding Along The Paradox\12 - 02 - Chemfinal - Vektor - Tetrastructural Minds\notes.chart,Tetrastructural Minds,Vektor (Chemfinal) (6),,,rock,10.30,9.10,1.20,14.409,2322,2978,2132,190,0,316.38,7.387,30.226,10.278,12.844,23.726,18.436,7.048,2.410,0.445
C:\YARG\Charts\Carpal Tunnel Hero 2\- 12 Riding Along The Paradox\12 - 03 - black pentagram\notes.chart,Black Pentagram,Unlucky Morpheus,GanonMetroid,", 2017",Power Metal,5.88,4.83,1.06,8.494,1834,2089,1677,94,63,274.84,4.807,12.220,6.765,8.275,10.784,10.001,4.016,2.217,0.660
C:\YARG\Charts\Carpal Tunnel Hero 2\- 12 Riding Along The Paradox\12 - 04 - Dystopia\notes.chart,Dystopia,Megadeth,Rek3dge,,rock,6.81,5.83,0.97,9.944,1634,1686,998,528,108,288.67,4.912,17.312,8.108,9.670,12.408,11.623,4.607,1.252,0.369
C:\YARG\Charts\Carpal Tunnel Hero 2\- 12 Riding Along The Paradox\12 - 05 - Mandroid Echostar - The Sleeper\notes.chart,The Sleeper,Mandroid Echostar (jdurand),jdurand11143,,rock,9.69,8.68,1.01,13.854,1647,1844,689,436,522,244.38,5.724,22.478,7.709,14.069,19.328,18.318,5.272,1.011,0.520
C:\YARG\Charts\Carpal Tunnel Hero 2\- 12 Riding Along The Paradox\12 - 06 - Nautiluz - Leaving All Behind\notes.chart,Leaving All Behind (ShadeGH),Nautiluz,Unknown Charter,,rock,7.81,6.75,1.06,11.230,1985,2094,895,512,578,271.32,5.299,16.713,9.018,10.845,14.558,13.198,4.693,1.038,0.468
C:\YARG\Charts\Carpal Tunnel Hero 2\- 12 Riding Along The Paradox\12 - 07 - Sonata Arctica - Destruction Preventer\notes.chart,Destruction Preventer,Sonata Arctica,,,rock,5.85,4.81,1.04,8.465,1727,2013,1026,505,196,389.15,3.873,19.003,5.658,7.779,12.860,11.318,2.978,0.778,1.061
C:\YARG\Charts\Carpal Tunnel Hero 2\- 12 Riding Along The Paradox\12 - 08 - Lamb of God - Beating On Deaths Door\notes.chart,Beating On Deaths Door,Lamb of God,jdurand11143/josh3d,,rock,6.21,5.12,1.08,8.930,1818,2216,1339,462,17,268.79,5.516,12.825,7.609,8.859,10.375,10.016,4.983,2.254,0.143
C:\YARG\Charts\Carpal Tunnel Hero 2\- 12 Riding Along The Paradox\12 - 09 - Periphery Habitual Line-Stepper\notes.chart,Habitual Line-Stepper,Periphery,Chezy,,rock,6.78,5.69,1.10,9.739,1818,2307,1765,53,0,406.98,4.590,19.180,7.217,9.069,14.050,12.245,4.009,1.837,0.512
C:\YARG\Charts\Carpal Tunnel Hero 2\- 12 Riding Along The Paradox\12 - 10 - Scarified (CH)\notes.chart,Scarified,Racer X,xX760Xx,", 1987",rock,7.60,6.72,0.88,11.193,1303,1307,243,1016,44,150.53,6.179,16.778,9.440,11.098,13.300,12.545,6.018,0.463,0.167
C:\YARG\Charts\Carpal Tunnel Hero 2\- 12 Riding Along The Paradox\12 - 11 - Cytotoxin - Outearthed\notes.chart,Outearthed,Cytotoxin,ShadeGH,,rock,9.56,8.33,1.23,13.391,2853,3195,2118,703,32,292.27,6.052,27.850,8.781,12.292,20.716,17.960,4.843,2.734,0.195
C:\YARG\Charts\Carpal Tunnel Hero 2\- 13 Progression of Wonders\13 - 01 - Liquid Tension Experiment- Paradigm Shift\notes.chart,Paradigm Shift,Liquid Tension Experiment,,,rock,6.14,5.02,1.12,8.780,2299,2423,859,1067,373,532.76,3.471,17.685,6.212,8.320,12.402,11.213,3.102,0.608,0.645
C:\YARG\Charts\Carpal Tunnel Hero 2\- 13 Progression of Wonders\13 - 02 - antimetabole\notes.chart,Antimetabole,Invalids,GanonMetroid,", 2014",Math Rock,7.26,6.21,1.05,10.478,1799,2030,436,1217,146,353.00,5.407,16.745,8.750,10.275,12.718,11.976,5.179,0.337,0.255
C:\YARG\Charts\Carpal Tunnel Hero 2\- 13 Progression of Wonders\13 - 03 - Leprous - Rewind\notes.chart,Rewind,Leprous,,", 2015",,4.98,3.82,1.16,6.996,2592,2671,2090,351,151,420.28,2.951,11.351,4.791,7.050,9.200,8.529,1.860,0.773,0.726
C:\YARG\Charts\Carpal Tunnel Hero 2\- 13 Progression of Wonders\13 - 04 - Haken - The Architect\notes.chart,The Architect,Haken,,", 2016",,7.17,5.80,1.37,9.893,3914,4502,2631,463,820,919.72,4.073,17.636,7.031,9.738,13.418,12.059,3.679,0.676,0.406
C:\YARG\Charts\Carpal Tunnel Hero 2\- 13 Progression of Wonders\13 - 05 - Within The Ruins - Ronin\notes.chart,Ronin,Within The Ruins,Chezy,,rock,7.11,6.21,0.90,10.480,1405,1406,1098,307,0,245.97,5.151,16.980,8.100,10.086,13.905,12.630,4.501,1.846,0.178
C:\YARG\Charts\Carpal Tunnel Hero 2\- 13 Progression of Wonders\13 - 06 - The Last Hero\notes.chart,The Last Hero,Alter Bridge,Rek3dge,,rock,5.88,4.67,1.20,8.266,1963,3002,1462,501,0,396.13,3.859,14.163,5.657,7.883,12.059,10.494,3.014,1.403,0.664
C:\YARG\Charts\Carpal Tunnel Hero 2\- 13 Progression of Wonders\13 - 07 - Chemfinal - Sunless Rise - Lost Path\notes.chart,Lost Path,Sunless Rise (Chemfinal) (6),,,rock,9.84,8.66,1.18,13.830,2475,2816,1468,801,206,278.40,7.329,21.451,11.125,13.170,18.428,16.398,7.143,1.289,0.191
C:\YARG\Charts\Carpal Tunnel Hero 2\- 13 Progression of Wonders\13 - 08 - The Blister Exists\notes.chart,The Blister Exists,Slipknot,,,rock,6.55,5.44,1.11,9.387,1722,2369,1414,298,10,318.20,5.250,12.932,7.834,9.404,10.837,10.564,4.777,1.630,0.588
C:\YARG\Charts\Carpal Tunnel Hero 2\- 13 Progression of Wonders\13 - 09 - Pagan's Mind - Follow Your Way\notes.chart,Follow Your Way,Pagan's Mind (jdurand),,,rock,5.20,4.13,1.06,7.464,1633,2119,630,188,815,315.09,4.021,12.578,5.802,7.032,10.022,9.233,3.545,0.748,0.583
C:\YARG\Charts\Carpal Tunnel Hero 2\- 13 Progression of Wonders\13 - 10 - firewind-maniac\notes.chart,Maniac,Firewind (jdurand) (6),jdurand,,rock,6.05,4.84,1.21,8.512,1795,3054,1049,211,535,290.09,3.885,16.815,6.525,7.487,12.971,11.071,3.632,0.609,0.203
C:\YARG\Charts\Carpal Tunnel Hero 2\- 13 Progression of Wonders\13 - 11 - Chemfinal - Bason Jecker - Perpetual Burn\notes.chart,Perpetual Burn,Jason Becker (Chemfinal) (6),,,rock,8.06,7.01,1.05,11.596,2042,2050,151,1704,187,203.58,6.512,23.585,8.208,11.097,16.358,14.574,6.498,0.177,0.031
C:\YARG\Charts\Carpal Tunnel Hero 2\- 14 Enigmatic Rhapsody\14 - 01 - Orianthi ft. Steve Vai - Highly Strung\notes.chart,Highly Strung,Orianthi ft. Steve Vai,,,rock,5.65,4.74,0.91,8.363,1367,1432,387,878,102,242.20,3.918,14.445,5.931,7.913,11.892,10.648,3.763,0.566,0.418
C:\YARG\Charts\Carpal Tunnel Hero 2\- 14 Enigmatic Rhapsody\14 - 02 - John 5 - Sugar Foot Rag\notes.chart,Sugar Foot Rag,John 5,,,rock,8.86,7.89,0.97,12.799,1404,1661,408,828,168,172.39,6.739,23.560,9.199,11.478,19.070,17.135,6.650,0.923,0.383
C:\YARG\Charts\Carpal Tunnel Hero 2\- 14 Enigmatic Rhapsody\14 - 03 - Public Enemy No. 1\notes.chart,Public Enemy No. 1,Megadeth,Rek3dge,,rock,6.58,5.56,1.02,9.556,1374,1916,1066,308,0,251.43,5.549,15.150,8.057,9.208,11.655,11.165,5.139,1.565,0.652
C:\YARG\Charts\Carpal Tunnel Hero 2\- 14 Enigmatic Rhapsody\14 - 04 - Myrath - Under Siege\notes.chart,Under Siege,Myrath,Gabe,,rock,5.49,4.61,0.88,8.172,993,1323,579,187,227,261.06,3.827,13.718,6.501,7.938,10.560,9.594,3.487,0.841,0.505
C:\YARG\Charts\Carpal Tunnel Hero 2\- 14 Enigmatic Rhapsody\14 - 05 - Envy Cat Walk\notes.chart,Envy Cat Walk,Tohma (CyclopsDragon),CyclopsDragon,", 2011",rock,7.22,6.25,0.97,10.536,1322,1660,797,160,365,220.19,5.426,21.816,7.156,9.207,17.072,14.487,5.090,1.811,0.208
C:\YARG\Charts\Carpal Tunnel Hero 2\- 14 Enigmatic Rhapsody\14 - 06 - Versailles - Aristocrat's Symphony\notes.chart,Aristocrat's Symphony,Versailles (ShadeGH),Unknown Charter,,rock,6.84,5.73,1.11,9.798,1914,2382,1630,284,0,368.00,3.972,20.131,5.865,8.634,15.735,14.365,3.264,1.535,0.760
C:\YARG\Charts\Carpal Tunnel Hero 2\- 14 Enigmatic Rhapsody\14 - 07 - Vitalism - Pagan\notes.chart,Pagan,"Vitalism, 2015",,,rock,7.34,6.34,1.00,10.668,1631,1788,731,900,0,263.92,5.048,22.563,8.035,10.306,14.099,13.061,4.545,0.795,0.382
C:\YARG\Charts\Carpal Tunnel Hero 2\- 14 Enigmatic Rhapsody\14 - 08 - Being - Arcane Acedemic\notes.chart,Arcane Acedemic,Being,,,rock,4.79,3.66,1.14,6.738,2009,2545,1628,92,289,460.59,3.268,13.093,4.965,6.573,8.887,8.252,2.280,1.565,0.655
C:\YARG\Charts\Carpal Tunnel Hero 2\- 14 Enigmatic Rhapsody\14 - 09 - Zyglrox\notes.chart,Zyglrox,Periphery (CyclopsDragon),CyclopsDragon,", 2010",rock,6.40,5.41,0.99,9.345,1542,1760,1021,247,274,291.36,5.383,13.928,7.773,9.164,11.481,10.648,5.125,1.401,0.344
C:\YARG\Charts\Carpal Tunnel Hero 2\- 14 Enigmatic Rhapsody\14 - 10 - persefone_aathma\notes.chart,persefone_aathma_retime,Unknown Artist,Unknown Charter,,rock,6.40,4.87,1.54,8.552,5215,6679,3493,1237,485,1162.11,2.973,22.040,5.070,7.988,13.541,11.680,2.182,0.901,0.376
C:\YARG\Charts\Carpal Tunnel Hero 2\- 15 The Soul In You\15 - 01 - megadeth_headcrusher\notes.chart,Head Crusher,Unknown Artist,Unknown Charter,,rock,8.22,7.29,0.92,11.984,1312,1476,1008,304,0,201.22,5.990,18.490,9.603,11.889,14.418,13.956,5.457,1.811,0.334
C:\YARG\Charts\Carpal Tunnel Hero 2\- 15 The Soul In You\15 - 02 - Rover Trip\notes.chart,Rover Trip,sakuzyo (Chemfinal) (6.5),,,rock,6.25,5.22,1.03,9.075,1381,1937,229,37,1115,267.59,3.919,20.286,5.804,8.189,14.953,12.217,3.736,0.426,0.400
C:\YARG\Charts\Carpal Tunnel Hero 2\- 15 The Soul In You\15 - 03 - Taking Back My Soul\notes.chart,Taking Back My Soul,Arch Enemy (CyclopsDragon),CyclopsDragon,", 2005",rock,7.10,6.20,0.90,10.463,1335,1407,774,561,0,273.99,4.338,20.443,7.424,10.111,14.165,13.201,4.027,0.962,0.584
C:\YARG\Charts\Carpal Tunnel Hero 2\- 15 The Soul In You\15 - 04 - exformation\notes.chart,Exformation,Monobody (GanonMetroid),GanonMetroid,,rock,7.76,6.73,1.03,11.206,1537,1963,481,410,646,303.10,5.382,16.138,8.351,11.370,13.954,13.032,5.221,0.563,0.198
C:\YARG\Charts\Carpal Tunnel Hero 2\- 15 The Soul In You\15 - 05 - Being - The Singularity 1\notes.chart,The Singularity - Terrans I,Being (jdurand) (7),,,rock,5.15,4.06,1.09,7.356,1777,2240,706,39,1032,351.95,3.427,12.566,5.513,7.111,9.675,9.051,2.881,1.049,0.377
C:\YARG\Charts\Carpal Tunnel Hero 2\- 15 The Soul In You\15 - 06 - Paul Gilbert - Fuzz Universe\notes.chart,Fuzz Universe,Paul Gilbert,jdurand11143,,rock,8.21,6.96,1.25,11.529,3153,3335,1054,1881,218,419.27,5.907,19.245,8.769,11.145,15.220,13.995,5.706,0.920,0.354
C:\YARG\Charts\Carpal Tunnel Hero 2\- 15 The Soul In You\15 - 07 - Damage Inc\notes.chart,"Damage, Inc.",Metallica,Rek3dge,,rock,6.96,5.89,1.07,10.023,1787,2169,1462,288,37,247.81,5.527,22.455,7.470,9.176,14.678,12.793,4.867,2.417,0.452
C:\YARG\Charts\Carpal Tunnel Hero 2\- 15 The Soul In You\15 - 08 - The Word Alive - Battle Royale\notes.chart,Battle Royale,The Word Alive,GHX,,rock,6.45,5.39,1.07,9.308,1683,2136,1423,260,0,232.49,4.523,16.013,7.131,9.154,11.554,11.252,3.493,1.959,0.186
C:\YARG\Charts\Carpal Tunnel Hero 2\- 15 The Soul In You\15 - 09 - Rainbowdragoneyes - The Blade Chose Me\notes.chart,The Blade Chose Me,RainbowDragonEyes,Plumato,,rock,9.43,8.52,0.91,13.640,1426,1426,349,959,118,165.71,6.939,20.130,10.475,13.414,17.455,16.195,6.864,0.676,0.208
C:\YARG\Charts\Carpal Tunnel Hero 2\- 15 The Soul In You\15 - 10 - Old School Rechart Solo Suite\notes.chart,Old School Rechart Solo Suite,Various Artists,GHX,,rock,8.78,7.62,1.16,12.434,2634,2699,734,1170,730,342.70,5.378,21.150,8.663,12.109,16.963,15.613,5.183,0.588,0.349
C:\YARG\Charts\Carpal Tunnel Hero 2\- 16 Intense Therapy\16 - 01 - shinsekai\notes.chart,Shinsekai,Shiraishi,,,rock,10.16,9.36,0.80,14.747,1046,1071,21,0,1025,88.29,9.684,18.441,12.798,14.740,16.862,16.140,9.619,0.070,0.223
C:\YARG\Charts\Carpal Tunnel Hero 2\- 16 Intense Therapy\16 - 02 - Mirage Garden\notes.chart,Mirage Garden,xi (CyclopsDragon),CyclopsDragon,", 2011",rock,5.97,5.03,0.94,8.788,1386,1541,315,496,575,229.02,4.576,15.248,6.723,8.159,12.803,10.778,4.487,0.520,0.267
C:\YARG\Charts\Carpal Tunnel Hero 2\- 16 Intense Therapy\16 - 03 - The Rivalry Between Good and Evil\notes.chart,The Rivalry Between Good and Evil,Amberian Dawn (CyclopsDragon),CyclopsDragon,", 2012",rock,7.40,6.47,0.93,10.848,1496,1496,157,546,793,234.00,5.704,19.665,8.310,10.093,15.675,13.303,5.633,0.241,0.242
C:\YARG\Charts\Carpal Tunnel Hero 2\- 16 Intense Therapy\16 - 04 - Chemfinal - Paul Wardingham - Beyond Human\notes.chart,Beyond Human,Paul Wardingham (Chemfinal) (6.5),,,rock,6.64,5.61,1.03,9.632,1921,1929,1041,462,418,278.59,4.882,17.123,7.162,9.312,12.926,11.792,4.417,1.576,0.322
C:\YARG\Charts\Carpal Tunnel Hero 2\- 16 Intense Therapy\16 - 05 - FROST - Milliontown\notes.chart,Milliontown,FROST*,Gabe,,rock,5.95,4.45,1.50,7.937,5716,6087,642,227,4847,1543.37,3.125,17.906,5.467,7.528,11.394,10.214,2.883,0.127,0.433
C:\YARG\Charts\Carpal Tunnel Hero 2\- 16 Intense Therapy\16 - 06 - Chemfinal - Andromeda - Morphing Into Nothing\notes.chart,Morphing Into Nothing,Andromeda (Chemfinal & CyclopsDragon) (6.5),,,rock,7.91,6.64,1.27,11.081,3475,3544,826,1607,1042,450.13,5.772,19.114,7.709,10.528,15.945,14.110,5.641,0.849,0.160
C:\YARG\Charts\Carpal Tunnel Hero 2\- 16 Intense Therapy\16 - 07 - slipknot_gematria\notes.chart,Gematria (The Killing Name),Slipknot,Unknown Charter,,rock,10.35,9.16,1.18,14.493,2174,2860,1975,199,0,357.91,8.183,25.424,11.638,14.237,17.769,17.002,8.121,1.579,0.058
C:\YARG\Charts\Carpal Tunnel Hero 2\- 16 Intense Therapy\16 - 08 - Dying Fetus - Subjected to a Beating\notes.chart,Subjected to a Beating,Dying Fetus (ShadeGH),Unknown Charter,,rock,6.80,5.62,1.18,9.639,2382,2847,1720,213,449,289.94,5.582,16.785,7.450,9.145,13.145,11.734,4.523,2.634,0.369
C:\YARG\Charts\Carpal Tunnel Hero 2\- 16 Intense Therapy\16 - 09 - Black Label Society - Godspeed Hell Bound\notes.chart,Godspeed Hell Bound,Black Label Society,,,rock,5.83,4.77,1.06,8.411,1872,2117,1377,271,224,278.93,5.003,16.175,6.762,8.322,10.270,9.744,4.328,1.832,0.163
C:\YARG\Charts\Carpal Tunnel Hero 2\- 16 Intense Therapy\16 - 10 - Mike Orlando - Old School Boogie\notes.chart,Old School Boogie,Mike Orlando,GHX,,rock,9.27,8.30,0.96,13.353,1526,1641,325,1003,198,158.31,7.894,26.820,11.000,12.355,18.413,16.009,7.842,0.767,0.073
C:\YARG\Charts\Carpal Tunnel Hero 2\- 17 Experimental Rendezvous\17 - 01 - lingus\notes.chart,Lingus,Snarky Puppy,GanonMetroid,", 2014",Jazz Fusion,6.00,4.80,1.20,8.456,2756,2939,254,42,2460,592.65,3.325,15.656,5.751,8.264,11.678,10.658,3.144,0.263,0.203
C:\YARG\Charts\Carpal Tunnel Hero 2\- 17 Experimental Rendezvous\17 - 02 - Todd Duane - The Rain\notes.chart,The Rain,Todd Duane,HotZin,,rock,6.27,5.51,0.76,9.486,941,941,380,558,3,206.39,3.617,15.548,7.282,9.109,12.900,11.385,3.362,0.566,0.467
C:\YARG\Charts\Carpal Tunnel Hero 2\- 17 Experimental Rendezvous\17 - 03 - Glorious Aggressor + Whisper in the Red Sky\notes.chart,Glorious Aggressor/Whisper in the Red Sky,Galneryus (Chemfinal) (6.5),,,rock,8.79,7.46,1.33,12.212,3777,4074,1868,1697,212,488.32,5.630,20.990,8.405,11.750,17.096,15.569,5.274,1.403,0.351
C:\YARG\Charts\Carpal Tunnel Hero 2\- 17 Experimental Rendezvous\17 - 04 - Houmous\notes.chart,Houmous,Igorrr (CyclopsDragon),CyclopsDragon,", 2017",rock,12.92,11.86,1.06,17.965,1840,2122,311,0,1529,209.05,6.031,48.510,10.193,18.819,22.829,23.325,5.525,0.756,0.104
C:\YARG\Charts\Carpal Tunnel Hero 2\- 17 Experimental Rendezvous\17 - 05 - Miscellany - Archspire - Spontaneous Generation\notes.chart,Spontaneous Generation,Archspire,,", 2014",rock,8.96,7.81,1.15,12.687,2368,2618,964,924,480,277.67,6.821,17.876,10.475,12.285,15.822,14.789,6.544,1.014,0.094
C:\YARG\Charts\Carpal Tunnel Hero 2\- 17 Experimental Rendezvous\17 - 06 - Expulsion - Promise Never Made\notes.chart,Promise Never Made,Expulsion (ShadeGH),ShadeGH,,rock,6.54,5.50,1.04,9.465,1850,2014,1597,253,0,216.01,5.447,14.653,7.468,9.225,11.903,11.284,4.732,2.579,0.377
C:\YARG\Charts\Carpal Tunnel Hero 2\- 17 Experimental Rendezvous\17 - 07 - James LaBrie - Mislead\notes.chart,Mislead,James LaBrie,,,rock,7.29,6.20,1.09,10.466,1770,2260,1144,300,326,253.25,4.815,19.186,8.043,9.855,14.462,12.870,4.119,1.548,0.308
C:\YARG\Charts\Carpal Tunnel Hero 2\- 17 Experimental Rendezvous\17 - 08 - Damage Control\notes.chart,Damage Control,John Petrucci,Rek3dge,,rock,7.71,6.47,1.24,10.841,2767,3295,1562,1205,0,537.78,5.419,20.748,8.087,10.687,13.747,13.178,5.239,0.984,0.494
C:\YARG\Charts\Carpal Tunnel Hero 2\- 17 Experimental Rendezvous\17 - 09 - Infant Annihilator - Paedophilic Supremecy\notes.chart,Paedophilic Supremecy,Infant Annihilator,,,rock,6.97,6.41,0.56,10.767,434,518,185,221,28,52.92,5.851,15.735,8.496,10.383,13.645,13.033,5.573,1.122,0.174
C:\YARG\Charts\Carpal Tunnel Hero 2\- 17 Experimental Rendezvous\17 - 10 - Nevermore - This Godless Endeavor\notes.chart,This Godless Endeavor,Nevermore (ShadeGH),ShadeGH,,rock,6.63,5.36,1.27,9.277,3236,3503,1261,1975,0,531.16,4.659,16.350,7.625,8.870,12.060,10.866,4.305,0.811,0.375
C:\YARG\Charts\Carpal Tunnel Hero 2\- 17 Experimental Rendezvous\17 - 11 - Guitar Hero On Tour Modern Hits Theme\notes.chart,Guitar Hero: On Tour: Modern Hits Theme,S.U.P.R.A.H.U.M.A.N. - ProtoShredanoid (CyclopsDragon),CyclopsDragon,", 2009",rock,7.76,6.87,0.89,11.397,1351,1363,253,638,460,224.97,4.504,22.964,7.763,10.673,16.926,14.803,4.282,0.391,0.400
C:\YARG\Charts\Carpal Tunnel Hero 2\- 18 The Great Attractor\18 - 01 - Chaos\notes.chart,Chaos,Ayreon (CyclopsDragon),CyclopsDragon,", 2000",rock,7.27,6.23,1.04,10.511,1993,1999,288,824,881,242.59,6.235,14.498,9.195,10.268,12.671,11.621,6.162,0.471,0.158
C:\YARG\Charts\Carpal Tunnel Hero 2\- 18 The Great Attractor\18 - 02 - Venturia - Swearing Lies\notes.chart,Swearing Lies,Venturia (ShadeGH),ShadeGH,,rock,7.44,6.34,1.10,10.662,1547,2319,1002,318,227,282.33,4.989,23.610,7.122,9.687,16.521,14.350,4.647,1.598,0.452
C:\YARG\Charts\Carpal Tunnel Hero 2\- 18 The Great Attractor\18 - 03 - Bravery in the Field\notes.chart,Bravery in the Field,Heavenly (CyclopsDragon),CyclopsDragon,", 2006",rock,7.78,6.71,1.08,11.174,1973,2184,1161,530,282,342.69,4.717,18.086,7.927,10.660,15.918,14.018,3.893,1.306,0.681
C:\YARG\Charts\Carpal Tunnel Hero 2\- 18 The Great Attractor\18 - 04 - Sergey Golovin - Headbreaker\notes.chart,Headbreaker,Sergey Golovin,HotZin,,rock,6.34,5.40,0.94,9.329,1423,1540,728,604,91,269.10,4.386,17.168,6.815,8.818,13.518,11.525,3.987,1.192,0.475
C:\YARG\Charts\Carpal Tunnel Hero 2\- 18 The Great Attractor\18 - 05 - The Black Dahlia Murder - Great Burning Nullifier\notes.chart,Great Burning Nullifier,The Black Dahlia Murder,Chezy,,rock,7.96,6.94,1.02,11.493,1817,1895,1617,200,0,192.26,5.456,17.194,8.742,11.335,14.465,13.799,4.750,2.084,0.099
C:\YARG\Charts\Carpal Tunnel Hero 2\- 18 The Great Attractor\18 - 06 - Superheroes\notes.chart,Superheroes,Racer X (CyclopsDragon),CyclopsDragon,", 2000",rock,10.48,9.40,1.08,14.811,1930,2196,795,1027,108,273.01,7.737,19.375,12.480,14.668,17.455,16.726,7.473,0.680,0.772
C:\YARG\Charts\Carpal Tunnel Hero 2\- 18 The Great Attractor\18 - 07 - Headspace - Semaphore\notes.chart,Semaphore,Headspace,jdurand11143,,rock,7.35,6.27,1.08,10.562,1884,2216,400,569,915,336.16,4.328,19.328,6.925,9.486,16.178,14.721,3.866,0.477,0.468
C:\YARG\Charts\Carpal Tunnel Hero 2\- 18 The Great Attractor\18 - 08 - dead leaves rising\notes.chart,Dead Leaves Rising,Unlucky Morpheus,GanonMetroid,", 2017",Power Metal,7.53,6.59,0.94,11.009,1288,1534,801,487,0,219.50,5.892,14.185,9.080,11.150,12.774,12.223,5.559,1.448,0.225
C:\YARG\Charts\Carpal Tunnel Hero 2\- 18 The Great Attractor\18 - 09 - Borislav Mitic - The Absolute\notes.chart,The Absolute,Borislav Mitic,,,rock,9.66,8.50,1.16,13.612,2562,2669,1012,1544,6,370.66,5.958,24.480,9.755,13.257,18.514,16.783,5.718,0.887,0.359
C:\YARG\Charts\Carpal Tunnel Hero 2\- 18 The Great Attractor\18 - 10 - silentforce_heartattack\notes.chart,Heart Attack,Silent Force,,", 2004",rock,8.15,7.06,1.09,11.665,2026,2243,656,1087,283,297.13,5.736,21.992,8.702,11.570,14.540,14.146,5.548,0.782,0.363
C:\YARG\Charts\Carpal Tunnel Hero 2\- 19 Spacial Extremes\19 - 01 - Building the Church\notes.chart,Building the Church,Steve Vai,Rek3dge,,rock,8.48,7.53,0.95,12.312,1500,1586,331,466,703,295.98,4.543,18.032,9.080,12.663,14.848,14.293,4.255,0.447,0.556
C:\YARG\Charts\Carpal Tunnel Hero 2\- 19 Spacial Extremes\19 - 02 - Cattle Decapitation - Regret and the Grave\notes.chart,Regret & The Grave,Cattle Decapitation (ShadeGH),ShadeGH,,rock,7.14,6.06,1.09,10.264,1790,2249,1620,170,0,260.84,4.315,18.370,5.795,10.209,15.392,13.413,3.152,1.607,0.838
C:\YARG\Charts\Carpal Tunnel Hero 2\- 19 Spacial Extremes\19 - 03 - Stratovarius - Stratofortress\notes.chart,Stratofortress,Stratovarius,jdurand11143,,rock,8.78,7.81,0.97,12.689,1650,1662,392,1018,240,184.09,6.994,14.825,10.825,12.835,14.325,13.872,6.616,0.798,0.241
C:\YARG\Charts\Carpal Tunnel Hero 2\- 19 Spacial Extremes\19 - 04 - jasonbecker_altitudes\notes.chart,Jason Becker - Altitudes,Unknown Artist,Unknown Charter,,rock,6.94,5.89,1.05,10.024,2031,2041,356,1165,510,300.22,4.505,15.650,7.600,9.720,13.236,12.133,4.355,0.320,0.312
C:\YARG\Charts\Carpal Tunnel Hero 2\- 19 Spacial Extremes\19 - 05 - The Aristocrats - Bad Asteroid (Live)\notes.chart,Bad Asteroid (Live),The Aristocrats (converted by jdurand) (7),Trunks252,,rock,5.86,4.84,1.03,8.511,1851,1928,469,1018,364,399.88,3.990,17.346,6.563,8.220,11.274,10.219,3.776,0.334,0.455
C:\YARG\Charts\Carpal Tunnel Hero 2\- 19 Spacial Extremes\19 - 06 - X Japan - Silent Jealousy\notes.chart,Silent Jealousy,X Japan (ShadeGH),Unknown Charter,,rock,6.54,5.38,1.17,9.296,2229,2726,1801,47,381,431.69,4.155,28.616,6.523,8.592,12.754,12.617,3.446,1.584,0.559
C:\YARG\Charts\Carpal Tunnel Hero 2\- 19 Spacial Extremes\19 - 07 - A Slight Amplification\notes.chart,A Slight Amplification,Turrigenous (CyclopsDragon),CyclopsDragon,", 2009",rock,8.13,7.04,1.09,11.632,1812,2253,988,824,0,299.49,6.281,19.980,9.265,11.351,14.617,13.732,5.964,1.307,0.762
C:\YARG\Charts\Carpal Tunnel Hero 2\- 19 Spacial Extremes\19 - 08 - Liquid Tension Experiment - Rhapsody in Blue (Prog Metal Version)\notes.chart,Rhapsody in Blue (George Gershwin cover),Liquid Tension Experiment,jdurand11143,,rock,5.45,4.23,1.22,7.612,2850,3144,1190,888,772,781.33,2.900,16.358,4.837,7.376,11.067,9.885,2.513,0.499,0.543
C:\YARG\Charts\Carpal Tunnel Hero 2\- 19 Spacial Extremes\19 - 09 - The Werewolf of Westeria\notes.chart,The Werewolf Of Westeria,John 5,Rek3dge,,rock,6.77,5.63,1.14,9.659,2228,2530,825,1194,209,388.35,3.932,19.223,7.035,9.262,13.265,12.030,3.471,0.696,0.568
C:\YARG\Charts\Carpal Tunnel Hero 2\- 19 Spacial Extremes\19 - 10 - If You Want Peace...Prepare For War\notes.chart,If you Want Peace... Prepare for War!,Children of Bodom,Rek3dge,,rock,9.14,8.13,1.00,13.123,1637,1819,799,696,142,231.59,6.939,19.653,11.212,12.254,17.395,15.329,6.616,1.637,0.226
C:\YARG\Charts\Carpal Tunnel Hero 2\- 19 Spacial Extremes\19 - 11 - Miscellany - Alustrium - The Illusion of Choice\notes.chart,The Illusion of Choice,Alustrium,,", 2015",rock,7.74,5.89,1.85,10.025,12345,14012,8628,3629,88,1912.48,4.580,21.723,7.476,9.650,13.652,12.243,4.012,1.361,0.375
"C:\YARG\Charts\Carpal Tunnel Hero 2\- 20 Beyond the Space and Time\20 - 01 - Pathfinder - Beyond the space, Beyond the time\notes.chart","Beyond The Space, Beyond The Time",Pathfinder,,", 2010",rock,7.81,6.42,1.39,10.771,4419,4756,2590,1160,669,631.81,5.056,21.416,7.967,10.265,14.982,13.309,4.547,1.230,0.445
C:\YARG\Charts\Carpal Tunnel Hero 2\- 20 Beyond the Space and Time\20 - 02 - Seven\notes.chart,Seven,Symphony X,Rek3dge,,rock,7.36,6.11,1.26,10.333,2950,3417,1522,1412,16,416.91,5.181,19.803,8.193,10.100,13.150,12.126,4.436,1.216,0.711
C:\YARG\Charts\Carpal Tunnel Hero 2\- 20 Beyond the Space and Time\20 - 03 - Miscellany - Scar Symmetry - The Kaleidoscopic God\notes.chart,The Kaleidoscopic God,Scar Symmetry,,", 2006",rock,6.24,5.07,1.18,8.847,2430,2795,2102,270,58,425.91,4.428,15.659,6.972,8.557,11.480,10.528,3.828,1.494,0.606
C:\YARG\Charts\Carpal Tunnel Hero 2\- 20 Beyond the Space and Time\20 - 04 - Sergey Golovin - Chaos Machine\notes.chart,Chaos Machine,Sergey Golovin,HotZin,,rock,7.60,6.58,1.02,11.001,1822,1884,245,295,1282,253.14,6.131,17.675,9.548,10.778,12.735,12.453,6.004,0.331,0.204
C:\YARG\Charts\Carpal Tunnel Hero 2\- 20 Beyond the Space and Time\20 - 05 - Fleshgod Apocalypse - A Million Deaths\notes.chart,A Million Deaths,Fleshgod Apocalypse (ShadeGH),ShadeGH,,rock,6.46,5.26,1.20,9.126,2886,2979,2138,198,550,309.20,4.966,15.656,7.582,8.861,11.394,10.521,4.557,1.741,0.110
C:\YARG\Charts\Carpal Tunnel Hero 2\- 20 Beyond the Space and Time\20 - 06 - Miscellany - Cryptopsy - Halothane Glow\notes.chart,Halothane Glow,Cryptopsy,,", 2015",rock,8.00,6.84,1.16,11.362,1877,2681,1697,176,4,227.74,6.895,15.629,9.602,11.156,13.695,12.859,6.597,2.226,0.210
C:\YARG\Charts\Carpal Tunnel Hero 2\- 20 Beyond the Space and Time\20 - 07 - Stéphan Forté - Enigma Opera Black\notes.chart,Enigma Opera Black,Stephan Forte (feat. Andy James),HotZin,,rock,7.94,6.95,1.00,11.506,1747,1787,691,735,321,310.18,4.315,19.953,8.186,11.175,15.959,14.176,4.008,0.641,0.393
C:\YARG\Charts\Carpal Tunnel Hero 2\- 20 Beyond the Space and Time\20 - 08 - Annihilator - Haunted\notes.chart,Haunted,Annihilator,,,rock,9.95,8.63,1.32,13.789,3444,3944,1563,1225,656,440.87,5.921,26.753,9.408,12.221,22.701,18.336,5.561,1.394,0.266
C:\YARG\Charts\Carpal Tunnel Hero 2\- 20 Beyond the Space and Time\20 - 09 - Rings of Saturn - Shards of Scorched Flesh\notes.chart,Shards of Scorched Flesh,Rings of Saturn (ShadeGH),ShadeGH,,rock,8.83,7.77,1.06,12.639,1962,2084,1342,176,444,186.48,7.644,16.758,10.317,12.821,14.643,14.130,6.578,3.275,0.038
C:\YARG\Charts\Carpal Tunnel Hero 2\- 20 Beyond the Space and Time\20 - 10 - Andromeda Solo Medley 2\notes.chart,Andromeda Solo Medley 2,Andromeda (CyclopsDragon),CyclopsDragon,,rock,8.30,6.92,1.38,11.468,4535,4596,656,2205,1674,625.47,5.448,21.384,8.975,11.091,14.801,13.767,5.293,0.358,0.328
C:\YARG\Charts\Carpal Tunnel Hero 2\- 21 Escaping The Hypernova\21 - 01 - Sunless Rise- Nothing To Save\notes.chart,Nothing To Save,Sunless Rise,,", 2015",rock,8.47,7.54,0.92,12.322,1277,1477,817,152,308,168.60,5.985,23.778,8.669,11.112,19.535,16.006,5.522,1.360,0.552
C:\YARG\Charts\Carpal Tunnel Hero 2\- 21 Escaping The Hypernova\21 - 02 - Inferi - The Ancients of Shattered Thrones\notes.chart,The Ancients of Shattered Thrones,Inferi,,", 2014",rock,7.73,6.57,1.15,10.990,2555,2642,2267,244,44,350.00,5.422,17.011,8.790,10.500,14.205,13.235,5.020,1.481,0.392
C:\YARG\Charts\Carpal Tunnel Hero 2\- 21 Escaping The Hypernova\21 - 03 - Thrillseeker\notes.chart,Thrillseeker,PrototypeRaptor (CyclopsDragon),CyclopsDragon,", 2012",rock,7.35,6.28,1.07,10.582,1834,2143,433,947,454,402.42,3.926,17.480,7.400,10.275,15.000,13.041,3.644,0.265,0.486
C:\YARG\Charts\Carpal Tunnel Hero 2\- 21 Escaping The Hypernova\21 - 04 - blast off\notes.chart,Blast Off,Trioscapes,GanonMetroid,", 2012",Prog Rock,5.65,4.70,0.95,8.309,1585,1600,101,75,1409,326.75,3.352,18.014,5.310,7.641,12.762,11.334,3.156,0.154,0.317
C:\YARG\Charts\Carpal Tunnel Hero 2\- 21 Escaping The Hypernova\21 - 05 - First Fragment - Le Serment De Tsion\notes.chart,Le Serment De Tsion,First Fragment (ShadeGH),ShadeGH,,rock,8.94,7.85,1.09,12.737,2252,2283,1742,206,304,227.04,7.555,20.740,10.407,12.483,15.727,14.726,7.310,2.148,0.059
C:\YARG\Charts\Carpal Tunnel Hero 2\- 21 Escaping The Hypernova\21 - 06 - Chemfinal - Vektor - Black Future\notes.chart,Black Future,Vektor (Chemfinal) (8),,,rock,7.93,6.77,1.16,11.267,2024,2699,1715,293,16,298.90,6.456,16.283,9.199,10.850,14.650,13.100,6.026,2.041,0.192
C:\YARG\Charts\Carpal Tunnel Hero 2\- 21 Escaping The Hypernova\21 - 07 - Into the pit\notes.chart,Into the Pit,Testament,Rek3dge,,rock,7.97,7.06,0.91,11.658,1224,1430,842,382,0,162.69,6.970,18.344,9.691,11.160,15.286,13.426,6.722,2.040,0.160
C:\YARG\Charts\Carpal Tunnel Hero 2\- 21 Escaping The Hypernova\21 - 08 - caverns\notes.chart,Caverns,Thank You Scientist (GanonMetroid),GanonMetroid,,rock,6.64,5.41,1.23,9.348,2373,3163,1554,519,300,421.10,4.371,18.023,7.046,9.200,12.187,11.137,3.985,1.055,0.231
C:\YARG\Charts\Carpal Tunnel Hero 2\- 21 Escaping The Hypernova\21 - 09 - Scar Symmetry - Holographic Universe\notes.chart,Holographic Universe,Scar Symmetry (ShadeGH),ShadeGH,,rock,7.10,5.79,1.31,9.888,3552,3904,2010,949,593,533.92,4.566,19.584,6.812,9.520,13.659,12.674,3.710,1.556,0.374
C:\YARG\Charts\Carpal Tunnel Hero 2\- 21 Escaping The Hypernova\21 - 10 - Steve Vai - Pink and Blows Over (pt. 1-3 )\notes.chart,Pink and Blows Over (Full) (Pt.1- 3),Steve Vai,,,rock,5.26,3.86,1.40,7.046,4291,4827,308,456,3527,1198.15,2.564,23.198,4.033,6.679,10.850,9.737,2.189,0.106,0.574
C:\YARG\Charts\Carpal Tunnel Hero 2\- 22 A Classic Case of Transference\22 - 01 - Amberian Dawn - Dreamchaser\notes.chart,Dreamchaser,Amberian Dawn (ShadeGH & Chemfinal),,,rock,8.78,7.76,1.02,12.614,1895,1898,233,1110,552,236.62,6.151,22.442,9.575,12.192,16.820,15.260,6.029,0.310,0.236
C:\YARG\Charts\Carpal Tunnel Hero 2\- 22 A Classic Case of Transference\22 - 02 - Cryptic Shift - Cosmic Dreams\notes.chart,Cosmic Dreams,Cryptic Shift (ShadeGH),Unknown Charter,,rock,8.95,7.70,1.25,12.539,2872,3331,1511,452,909,341.33,6.368,22.316,9.805,12.150,16.516,14.844,6.022,1.151,0.444
C:\YARG\Charts\Carpal Tunnel Hero 2\- 22 A Classic Case of Transference\22 - 03 - Dig It (Live in Studio) (CH)\notes.chart,Dig It (Live in Studio),Mike Orlando (xX760Xx),xX760Xx,", 2010",rock,9.62,8.45,1.18,13.545,2664,2801,640,1650,374,323.03,6.685,20.894,10.906,13.249,16.832,15.864,6.614,0.751,0.148
C:\YARG\Charts\Carpal Tunnel Hero 2\- 22 A Classic Case of Transference\22 - 04 - Benighted - Christraping Black Metal (Marduk Cover)\notes.chart,Christraping Black Metal (Marduk Cover),Benighted,,", 2017",rock,7.74,6.58,1.16,10.999,2007,2667,1957,0,50,172.00,6.449,16.880,8.892,10.881,13.571,12.610,6.153,2.694,0.461
C:\YARG\Charts\Carpal Tunnel Hero 2\- 22 A Classic Case of Transference\22 - 05 - Arch Echo - Spark\notes.chart,Spark,Arch Echo,Gabe,,rock,7.13,6.10,1.03,10.325,1817,1927,537,712,568,323.33,4.707,17.525,8.053,9.783,14.036,12.529,4.531,0.664,0.458
C:\YARG\Charts\Carpal Tunnel Hero 2\- 22 A Classic Case of Transference\22 - 06 - Stream of Consciousness\notes.chart,Stream of Consciousness,Dream Theater,Rek3dge,,rock,6.15,4.94,1.21,8.659,2516,3018,1555,704,257,674.76,4.205,20.408,6.287,7.827,13.465,11.094,3.708,0.596,1.061
C:\YARG\Charts\Carpal Tunnel Hero 2\- 22 A Classic Case of Transference\22 - 07 - Chemfinal - Liquid World\notes.chart,Liquid World,Francesco Fareri,,,rock,7.60,6.33,1.27,10.656,3435,3505,589,933,1913,372.82,5.826,27.090,8.820,10.104,13.721,12.659,5.707,0.457,0.119
C:\YARG\Charts\Carpal Tunnel Hero 2\- 22 A Classic Case of Transference\22 - 08 - George Bellas - Ripped to Shreds\notes.chart,Ripped to Shreds,George Bellas (ShadeGH),ShadeGH,,rock,9.60,8.50,1.09,13.619,2285,2285,508,1752,25,283.23,7.013,20.340,11.090,13.163,17.116,16.056,6.925,0.471,0.267
"C:\YARG\Charts\Carpal Tunnel Hero 2\- 22 A Classic Case of Transference\22 - 09 - Origin - Cascading Failures, Diminishing Returns\notes.chart","Cascading Failures, Diminishing Returns",Origin (ShadeGH),Unknown Charter,,rock,8.46,7.25,1.21,11.925,2804,3029,1400,682,722,258.98,6.406,17.906,9.333,11.380,15.967,14.368,6.245,1.107,0.108
C:\YARG\Charts\Carpal Tunnel Hero 2\- 22 A Classic Case of Transference\22 - 10 - Thin Lizzy - Thunder and Lightning\notes.chart,Thunder And Lightning,Thin Lizzy (jdurand) (8.5),,,rock,8.08,6.96,1.12,11.523,1997,2431,883,536,578,281.04,5.763,20.665,8.790,10.964,15.570,14.175,5.441,1.106,0.527
C:\YARG\Charts\Carpal Tunnel Hero 2\- 23 Gravity Used Against Us\23 - 01 - Burn\notes.chart,Burn,Mike Orlando (CyclopsDragon),CyclopsDragon,", 2010",rock,11.46,10.32,1.14,16.001,2538,2575,645,1756,137,250.91,8.612,27.055,12.405,15.627,20.400,19.138,8.468,0.891,0.175
C:\YARG\Charts\Carpal Tunnel Hero 2\- 23 Gravity Used Against Us\23 - 02 - Sergey Golovin - Cynical Tesla Fury\notes.chart,Cynical Tesla Fury,Sergey Golovin,HotZin,,rock,6.56,5.61,0.95,9.636,1379,1568,612,273,494,241.29,3.805,17.350,6.569,9.460,13.249,12.058,3.531,0.699,0.319
C:\YARG\Charts\Carpal Tunnel Hero 2\- 23 Gravity Used Against Us\23 - 03 - sherman is connector\notes.chart,Sherman is Connector,Invalids,GanonMetroid,", 2012",Math Rock,12.64,11.57,1.08,17.601,1615,2182,452,343,820,249.12,6.900,25.299,11.947,17.931,22.881,21.288,6.621,0.754,0.292
C:\YARG\Charts\Carpal Tunnel Hero 2\- 23 Gravity Used Against Us\23 - 04 - CrimzonAE - Annihilator- Hunter Killer\notes.chart,Hunter Killer,Annihilator,,,rock,8.78,7.59,1.19,12.388,2592,2898,1718,584,290,357.63,5.555,22.208,8.588,11.722,17.844,15.908,5.027,1.679,0.293
C:\YARG\Charts\Carpal Tunnel Hero 2\- 23 Gravity Used Against Us\23 - 05 - Chemfinal - Galneryus - United Flag\notes.chart,United Flag,,Galneryus (Chemfinal & xX760Xx) (8),,rock,9.22,8.03,1.20,12.982,2792,2943,1000,1130,662,341.60,6.008,22.613,9.120,12.565,17.825,16.326,5.629,0.936,0.336
C:\YARG\Charts\Carpal Tunnel Hero 2\- 23 Gravity Used Against Us\23 - 06 - tell-tale heart\notes.chart,The Tell-Tale Heart,Christian Muenzner,GanonMetroid,", 2011",Metal,7.93,6.72,1.20,11.200,2950,2988,724,1437,789,343.74,6.234,21.992,8.495,10.470,15.923,13.861,6.058,0.774,0.126
C:\YARG\Charts\Carpal Tunnel Hero 2\- 23 Gravity Used Against Us\23 - 07 - Marc Rizzo - Colossal Myopia\notes.chart,Colossal Myopia,Marc Rizzo (jdurand),jdurand11143,,rock,12.69,11.54,1.15,17.562,2639,2645,722,952,965,243.62,8.452,21.866,14.265,17.912,20.430,19.460,7.760,1.283,0.050
C:\YARG\Charts\Carpal Tunnel Hero 2\- 23 Gravity Used Against Us\23 - 08 - Absu - A Song for Ea\notes.chart,A Song for Ea,Absu (ShadeGH),ShadeGH,,rock,7.18,5.50,1.67,9.479,6270,9196,6002,260,8,814.40,4.584,14.599,7.545,9.306,11.738,11.156,4.063,1.782,0.264
C:\YARG\Charts\Carpal Tunnel Hero 2\- 23 Gravity Used Against Us\23 - 09 - Caprici di Diablo\notes.chart,Caprici di Diablo,Yngwie Malmsteen's Rising Force (CyclopsDragon),CyclopsDragon,", 2008",rock,10.74,9.62,1.11,15.096,2402,2402,326,2044,32,265.35,7.614,23.760,12.115,14.685,19.341,17.624,7.541,0.361,0.295
C:\YARG\Charts\Carpal Tunnel Hero 2\- 23 Gravity Used Against Us\23 - 10 - Megadeth Solo Medly\notes.chart,Megadeth Solo Medly,Megadeth,Rek3dge,,rock,9.75,8.42,1.33,13.511,3974,4051,1412,2295,267,483.27,6.626,27.306,10.857,13.025,17.480,15.939,6.426,0.850,0.317
C:\YARG\Charts\Carpal Tunnel Hero 2\- 24 Arms Quenched In Flames\24 - 01 - Riot Act (CH)\notes.chart,Riot Act,Exodus,"xX760Xx, Chemfinal, CyclopsDragon",", 2007",Thrash Metal,8.46,7.40,1.06,12.131,1591,2080,675,916,0,215.20,7.602,15.956,10.453,11.472,15.320,14.115,7.493,1.136,0.174
C:\YARG\Charts\Carpal Tunnel Hero 2\- 24 Arms Quenched In Flames\24 - 02 - The Algorithm - Trojans\notes.chart,Trojans,The Algorithm,Damnitzombiez,,rock,10.54,9.42,1.12,14.837,2189,2433,556,1422,211,272.89,7.592,23.238,11.915,13.555,21.866,17.860,7.210,0.714,0.027
C:\YARG\Charts\Carpal Tunnel Hero 2\- 24 Arms Quenched In Flames\24 - 03 - Jason Richardson - Breaking Damnation\notes.chart,Breaking Damnation (feat. Jacky Vincent),Jason Richardson,HotZin,,rock,10.17,8.95,1.22,14.218,2663,3121,1980,639,44,348.37,7.063,22.388,10.625,13.800,18.922,17.296,6.380,2.302,0.166
C:\YARG\Charts\Carpal Tunnel Hero 2\- 24 Arms Quenched In Flames\24 - 04 - Origin - Antithesis\notes.chart,Antithesis,Origin (ShadeGH),,,rock,7.04,5.54,1.50,9.533,4664,6066,3787,523,354,555.94,4.922,17.298,7.019,8.960,14.363,11.547,3.956,2.067,0.561
C:\YARG\Charts\Carpal Tunnel Hero 2\- 24 Arms Quenched In Flames\24 - 05 - Spawn of Possession - The Evangelist\notes.chart,The Evangelist,Spawn of Possession (ShadeGH),Unknown Charter,,rock,7.71,6.40,1.31,10.750,3582,3910,3015,567,0,582.24,5.776,19.312,8.457,10.536,13.326,12.808,5.451,1.692,0.362
C:\YARG\Charts\Carpal Tunnel Hero 2\- 24 Arms Quenched In Flames\24 - 06 - Speed\notes.chart,Speed,Steve Vai,Rek3dge,,rock,8.11,7.13,0.98,11.757,1491,1712,1084,55,352,224.28,7.052,16.545,10.256,11.583,13.686,13.058,6.847,1.664,0.718
C:\YARG\Charts\Carpal Tunnel Hero 2\- 24 Arms Quenched In Flames\24 - 07 - Outworld - Riders\notes.chart,Riders,Outworld (ShadeGH),ShadeGH,,rock,9.71,8.58,1.12,13.722,2425,2467,1215,957,253,322.44,6.705,18.046,11.150,13.510,16.552,15.997,6.558,0.784,0.243
C:\YARG\Charts\Carpal Tunnel Hero 2\- 24 Arms Quenched In Flames\24 - 08 - jdurand11143 - Glowman 4\notes.chart,Glowman 4,jdurand11143,,,rock,11.12,9.90,1.22,15.459,2613,3114,962,1002,649,281.53,7.561,27.303,11.426,14.359,22.050,19.682,7.296,0.996,0.070
C:\YARG\Charts\Carpal Tunnel Hero 2\- 24 Arms Quenched In Flames\24 - 09 - Vitalj Kuprij - Revenge\notes.chart,Revenge,Vitalj Kuprij,jdurand11143,,rock,8.08,6.96,1.12,11.528,2142,2419,877,606,659,278.15,5.171,16.268,8.744,11.440,14.360,13.789,4.605,1.225,0.293
C:\YARG\Charts\Carpal Tunnel Hero 2\- 24 Arms Quenched In Flames\24 - 10 - Chemfinal - Buckethead - Worms for the Garden\notes.chart,Worms for the Garden (*),Buckethead (Chemfinal) (8.5),,,rock,8.54,6.90,1.63,11.449,8185,8398,3826,3866,493,1109.32,5.574,20.453,8.837,11.150,14.844,13.688,5.335,1.159,0.437
C:\YARG\Charts\Carpal Tunnel Hero 2\- 25 (Greetings Fellow Guitar Nerds!)\25 - 01 - Devin Townsend - Nerd Alert\notes.chart,Nerd Alert,Devin Townsend,,", 2009",rock,8.03,6.94,1.09,11.496,2220,2242,251,1969,0,247.11,6.048,18.875,9.870,11.123,13.885,13.171,5.831,0.339,0.358
C:\YARG\Charts\Carpal Tunnel Hero 2\- 25 (Greetings Fellow Guitar Nerds!)\25 - 02 - yuhki\notes.chart,Yuhkinen,Yuhkinen (Chemfinal) (9),,,rock,9.62,8.44,1.18,13.527,2837,2837,342,956,1539,341.80,6.904,21.051,10.732,13.500,16.357,15.667,6.640,0.455,0.175
C:\YARG\Charts\Carpal Tunnel Hero 2\- 25 (Greetings Fellow Guitar Nerds!)\25 - 03 - scarsymmetry_deviatefromtheform\notes.chart,Deviate From The Form,Scar Symmetry,,", 2006",rock,9.56,8.36,1.19,13.433,2679,2905,1224,502,953,319.93,6.929,22.095,10.958,13.365,15.963,15.416,6.506,1.348,0.105
C:\YARG\Charts\Carpal Tunnel Hero 2\- 25 (Greetings Fellow Guitar Nerds!)\25 - 04 - Stephan Forte - De Praestigiis Daemonum\notes.chart,De Praestigiis Daemonum,Stephan Forte,,,rock,6.70,5.71,0.99,9.773,1663,1735,453,902,308,304.70,3.977,17.438,6.567,9.509,13.656,12.435,3.733,0.515,0.658
C:\YARG\Charts\Carpal Tunnel Hero 2\- 25 (Greetings Fellow Guitar Nerds!)\25 - 05 - Chemfinal - Origin - The Beyond Within\notes.chart,The Beyond Within,Origin (Chemfinal) (9),,,rock,7.06,5.93,1.13,10.081,2173,2484,1846,327,0,199.44,6.034,12.331,8.390,10.124,11.827,11.227,4.940,3.075,0.021
C:\YARG\Charts\Carpal Tunnel Hero 2\- 25 (Greetings Fellow Guitar Nerds!)\25 - 06 - Chemfinal - Mike Orlando - Throwdown\notes.chart,Throwdown,Mike Orlando (Chemfinal) (8.5),,,rock,9.14,7.96,1.18,12.891,2662,2799,814,1635,213,283.38,7.180,19.711,10.325,12.350,16.675,15.423,7.096,1.013,0.177
C:\YARG\Charts\Carpal Tunnel Hero 2\- 25 (Greetings Fellow Guitar Nerds!)\25 - 07 - electrocution250-gee-wiz\notes.chart,Gee-Wiz,Electrocution 250,,,rock,12.88,12.21,0.68,18.410,739,747,22,615,102,51.39,10.174,25.673,13.176,18.315,24.219,22.260,10.084,0.064,0.175
C:\YARG\Charts\Carpal Tunnel Hero 2\- 25 (Greetings Fellow Guitar Nerds!)\25 - 08 - Judas Priest Solo Medley (CH)\notes.chart,Judas Priest Solo Medley,Judas Priest (xX760Xx),xX760Xx,", 2017",rock,9.91,8.51,1.40,13.631,4794,4840,1732,1979,1083,587.03,6.674,22.426,10.726,13.359,17.332,16.025,6.536,0.906,0.303
C:\YARG\Charts\Carpal Tunnel Hero 2\- 26 The Continuous Strain On Ya Fingers\26 - 01 - Coyote Kisses - Acid Wolfpack\notes.chart,Acid Wolfpack,Coyote Kisses,jdurand11143,,rock,10.57,9.42,1.15,14.830,2281,2651,508,135,1638,320.28,5.556,21.200,9.585,14.786,19.328,19.237,5.436,0.582,0.163
C:\YARG\Charts\Carpal Tunnel Hero 2\- 26 The Continuous Strain On Ya Fingers\26 - 02 - Shane Gibson - Artichoke Samurai\notes.chart,Artichoke Samurai,Shane Gibson,,", 2009",rock,8.32,7.21,1.10,11.871,2344,2344,651,1693,0,355.72,5.720,18.798,8.730,11.069,17.075,15.002,5.624,0.681,0.421
C:\YARG\Charts\Carpal Tunnel Hero 2\- 26 The Continuous Strain On Ya Fingers\26 - 03 - Ultimate Youtube Guitarist Shred Song\notes.chart,Ultimate Youtube Guitarist Shred Song,Various Youtube Guitarists,GHX,,rock,9.84,8.77,1.07,13.973,2087,2166,934,952,201,287.95,6.227,28.275,9.715,12.946,20.715,18.234,5.999,1.002,0.444
C:\YARG\Charts\Carpal Tunnel Hero 2\- 26 The Continuous Strain On Ya Fingers\26 - 04 - Symphony X - Underworld Solo Medley\notes.chart,Underworld Solo Medley,Symphony X,,", 1995",rock,9.25,7.85,1.40,12.747,4695,4816,822,3036,837,541.32,6.274,24.935,9.441,12.240,17.593,15.596,6.149,0.585,0.225
C:\YARG\Charts\Carpal Tunnel Hero 2\- 26 The Continuous Strain On Ya Fingers\26 - 05 - electrocution250-dr_fluffels\notes.chart,Dr. Fluffles,Electrocution 250,,,rock,8.52,7.28,1.24,11.962,3018,3268,494,1124,1400,423.34,5.098,26.622,8.609,10.980,18.044,15.325,4.738,0.478,0.302
C:\YARG\Charts\Carpal Tunnel Hero 2\- 26 The Continuous Strain On Ya Fingers\26 - 06 - Warmen Solo Medley\notes.chart,Warmen Solo Medley,Warmen (ChemFinal) (8.5),,,rock,9.55,8.19,1.36,13.199,4376,4376,541,1437,2398,479.60,6.840,21.456,10.840,12.771,16.675,15.375,6.681,0.430,0.150
C:\YARG\Charts\Carpal Tunnel Hero 2\- 26 The Continuous Strain On Ya Fingers\26 - 07 - The Who - Baba O'Riley\notes.chart,Baba O'Riley,The Who,jdurand11143,,rock,5.07,4.00,1.08,7.261,2095,2186,436,31,1628,304.71,4.017,11.750,6.161,7.210,8.550,8.108,3.621,0.741,0.513
C:\YARG\Charts\Carpal Tunnel Hero 2\- 26 The Continuous Strain On Ya Fingers\26 - 08 - G3 - Voodoo Child (Live)\notes.chart,Voodoo Child (Live),G3 (ShadeGH),ShadeGH,,rock,9.95,8.59,1.36,13.739,4233,4389,658,2935,640,537.86,6.349,21.410,10.463,13.430,17.828,16.486,6.174,0.382,0.402
C:\YARG\Charts\Carpal Tunnel Hero 2\- 27 Your Body Hurting Yet\27 - 01 - ringsofsaturn_hyperforms\notes.chart,Hyperforms,Rings of Saturn,Unknown Charter,", 2012",rock,8.19,7.10,1.09,11.722,1901,2268,829,344,728,228.48,6.009,17.135,9.054,11.921,13.878,13.533,5.714,1.195,0.193
C:\YARG\Charts\Carpal Tunnel Hero 2\- 27 Your Body Hurting Yet\27 - 02 - Time Requiem Solo Medley\notes.chart,Time Requiem Solo Medley,Time Requiem (ChemFinal) (9),,,rock,10.90,9.27,1.62,14.639,8229,8231,217,870,7142,853.20,7.459,22.505,11.961,14.432,17.798,16.874,7.426,0.122,0.137
"C:\YARG\Charts\Carpal Tunnel Hero 2\- 27 Your Body Hurting Yet\27 - 03 - Beyond the Space, Beyond the Time Solo Medley\notes.chart","Beyond The Space, Beyond The Time Solo Medley",Pathfinder,,", 2010",rock,8.76,7.26,1.51,11.935,6037,6214,934,3451,1652,700.95,5.854,23.625,9.195,11.543,15.572,14.424,5.730,0.419,0.272
C:\YARG\Charts\Carpal Tunnel Hero 2\- 27 Your Body Hurting Yet\27 - 04 - Jim VanCleve - Train 45\notes.chart,Train 45, Jim VanCleve,jdurand11143,,rock,10.68,9.68,1.00,15.167,1569,1815,687,882,0,160.90,8.897,20.734,12.353,14.915,18.529,17.571,8.603,1.428,0.053
C:\YARG\Charts\Carpal Tunnel Hero 2\- 27 Your Body Hurting Yet\27 - 05 - Not another Dragonforce Medley\notes.chart,DragonMedley,Dragonforce,,,rock,10.85,9.22,1.63,14.573,8004,8271,2151,3366,2487,950.43,6.393,32.603,10.020,13.543,21.124,19.308,6.108,0.664,0.431
C:\YARG\Charts\Carpal Tunnel Hero 2\- 27 Your Body Hurting Yet\27 - 06 - The Algorithm -  Bouncing dot\notes.chart,Bouncing Dot,The Algorithm,PixelGH,,rock,10.80,9.64,1.17,15.115,2535,2744,467,664,1404,309.19,6.994,22.630,11.993,14.534,19.630,18.068,6.844,0.519,0.020
C:\YARG\Charts\Carpal Tunnel Hero 2\- 27 Your Body Hurting Yet\27 - 07 - Steve Ouimette - Lous Revenge\notes.chart,Lous Revenge,Steve 7 Ouimette,,,rock,8.11,7.03,1.08,11.621,2020,2180,612,1215,193,255.46,5.550,16.953,9.953,11.405,13.950,13.030,5.354,0.740,0.231
C:\YARG\Charts\Carpal Tunnel Hero 2\- 27 Your Body Hurting Yet\27 - 08 - Canon Rock (Keyboard Remix)\notes.chart,Canon Rock (Keyboard Remix),Joe Atlan,,,rock,11.22,10.17,1.04,15.814,2013,2015,0,0,2013,252.24,5.566,26.546,9.679,15.424,22.658,20.937,5.436,0.062,0.377
C:\YARG\Charts\Carpal Tunnel Hero 2\- 27 Your Body Hurting Yet\27 - 09 - Chemfinal - X Japan - Art of Life\notes.chart,Art of Life (***),X Japan (Chemfinal) (9),,,rock,6.71,5.04,1.68,8.803,7276,9304,4329,201,2746,1727.83,3.632,24.044,6.049,8.132,13.177,11.570,3.261,0.758,0.415
C:\YARG\Charts\Carpal Tunnel Hero 2\- 28 Masochrists Only Beyond This Point\28 - 01 - Brain Drill - Quantum Catastrophe\notes.chart,Quantum Catastrophe,Brain Drill (ShadeGH),,,rock,10.32,8.70,1.62,13.875,7738,8174,2045,4490,1203,643.98,7.957,22.937,11.000,13.289,18.433,16.509,7.811,0.794,0.148
C:\YARG\Charts\Carpal Tunnel Hero 2\- 28 Masochrists Only Beyond This Point\28 - 02 - New Game\notes.chart,New Game,Nitro Fun (CyclopsDragon),CyclopsDragon,", 2014",rock,11.60,10.52,1.08,16.260,2174,2224,401,945,828,254.88,7.390,26.726,10.740,15.835,23.575,20.458,7.278,0.649,0.130
C:\YARG\Charts\Carpal Tunnel Hero 2\- 28 Masochrists Only Beyond This Point\28 - 03 - Fleshgod Apocalypse - The Betrayal\notes.chart,The Betrayal,Fleshgod Apocalypse (ShadeGH),Unknown Charter,,rock,5.64,4.29,1.35,7.703,3606,4248,3537,69,0,307.17,3.518,14.124,5.608,7.351,10.937,9.496,2.331,2.238,0.172
C:\YARG\Charts\Carpal Tunnel Hero 2\- 28 Masochrists Only Beyond This Point\28 - 04 - The Algorithm - Logic Bomb\notes.chart,Logic Bomb,The Algorithm,PixelGH,,rock,11.01,9.87,1.15,15.415,2442,2605,761,624,1057,273.64,7.563,29.700,11.588,14.760,20.431,19.166,7.244,0.797,0.076
C:\YARG\Charts\Carpal Tunnel Hero 2\- 28 Masochrists Only Beyond This Point\28 - 05 - Steve Vai - Solo Medley\notes.chart,Steve Vai Solo Medley,Steve Vai (ShadeGH),Unknown Charter,,rock,10.63,9.15,1.48,14.474,5781,5861,784,2474,2523,613.60,7.062,26.559,10.863,13.870,19.582,17.793,6.949,0.410,0.291
C:\YARG\Charts\Carpal Tunnel Hero 2\- 28 Masochrists Only Beyond This Point\28 - 06 - Speed of Link\notes.chart,Speed of Link,antiPLUR (CyclopsDragon),CyclopsDragon,", 2015",rock,9.06,7.92,1.14,12.830,2588,2588,444,0,2144,198.40,9.146,15.563,11.786,12.789,14.005,13.640,9.116,0.420,0.090
C:\YARG\Charts\Carpal Tunnel Hero 2\- 28 Masochrists Only Beyond This Point\28 - 07 ringsofsaturn_relicthe\notes.chart,The Relic,Rings of Saturn,captaintoasty,", 2017",rock,10.76,9.52,1.23,14.968,3140,3200,1426,466,1248,282.68,7.199,19.980,11.943,14.873,18.281,17.310,6.991,1.189,0.088
C:\YARG\Charts\Carpal Tunnel Hero 2\- 28 Masochrists Only Beyond This Point\28 - 08 - Chemfinal - Fearofdark - Penguins of the Apocalypse\notes.chart,Penguins of the Apocalypse,Fearofdark (Chemfinal) (10),,,rock,12.67,11.65,1.02,17.708,1733,1871,87,732,914,183.80,7.933,27.120,13.554,17.027,23.437,21.566,7.894,0.164,0.273
C:\YARG\Charts\Carpal Tunnel Hero 2\- 28 Masochrists Only Beyond This Point\28 - 09 - Infant Annihilator - Behold The Kingdom of the Wretched Undying\notes.chart,Behold the Kingdom of the Wretched Undying,Infant Annihilator (ShadeGH),ShadeGH,,rock,6.82,5.15,1.67,8.969,7081,9153,6113,832,136,1009.59,4.121,18.203,6.796,8.865,11.440,10.681,3.289,1.395,0.593
C:\YARG\Charts\Carpal Tunnel Hero 2\- 28 Masochrists Only Beyond This Point\28 - 10 - Joe Satriani - Joe Satriani Solo Medley\notes.chart,Joe Satriani Solo Medley,Joe Satriani,jdurand11143,,rock,10.70,9.14,1.56,14.461,6827,7017,918,2749,3160,735.49,7.073,29.853,11.315,13.588,19.508,17.833,6.940,0.496,0.253
C:\YARG\Charts\Carpal Tunnel Hero 2\- 28 Masochrists Only Beyond This Point\28 - 11 - Liquid Tension Experiment - Acid Rain (Live)\notes.chart,Acid Rain (Live),Liquid Tension Experiment (ShadeGH),,,rock,11.35,9.95,1.40,15.519,4679,4834,759,2380,1540,538.34,7.045,26.915,10.870,14.992,21.191,19.679,6.907,0.564,0.228
C:\YARG\Charts\Carpal Tunnel Hero 2\- 28 Masochrists Only Beyond This Point\28 - 12 - Rings of Saturn Solos Suite\notes.chart,Rings of Saturn Solos Suite,Rings of Saturn (ANDROMEDAYT),,,rock,10.16,8.63,1.53,13.788,6489,6565,852,4742,895,651.09,7.121,21.770,10.634,13.031,18.770,16.944,7.035,0.238,0.187
C:\YARG\Charts\Carpal Tunnel Hero 2\- 28 Masochrists Only Beyond This Point\28 - 13 - Guitars That Ate My Brain Solo Medley\notes.chart,Guitars That Ate My Brain Medley,Various Guitarists,,", 2009",rock,11.49,9.97,1.51,15.554,6194,6301,1344,4424,426,577.81,7.621,24.827,11.440,15.185,20.665,18.972,7.508,0.657,0.225
"C:\YARG\Charts\Carpal Tunnel Hero 2\- 29 Seriously, Don't Even Attempt these! (FU10!)\29 - 01 - Skrillex - The Devils Den\notes.chart",The Devil's Den,Skrillex ft. Wolfgang Gartner,,,rock,16.21,15.07,1.14,21.936,2343,2585,234,237,1872,285.01,7.717,31.635,14.545,22.743,27.644,26.507,7.606,0.319,0.417
"C:\YARG\Charts\Carpal Tunnel Hero 2\- 29 Seriously, Don't Even Attempt these! (FU10!)\29 - 02 - Heavenly Spores\notes.chart",Heavenly Spores,Blitz Lunar (CyclopsDragon),CyclopsDragon,", 2009",rock,23.36,22.16,1.19,30.258,2907,2907,28,272,2607,203.36,13.936,53.222,18.968,26.716,48.867,43.036,13.884,0.056,0.042
"C:\YARG\Charts\Carpal Tunnel Hero 2\- 29 Seriously, Don't Even Attempt these! (FU10!)\29 - 03 - chronos\notes.chart",Chronos,Danimal Cannon and Zef,GanonMetroid,", 2012",Chiptune,13.76,12.66,1.11,18.970,2357,2361,569,658,1130,267.41,7.456,43.178,10.508,15.386,38.633,27.781,7.271,0.957,0.194
"C:\YARG\Charts\Carpal Tunnel Hero 2\- 29 Seriously, Don't Even Attempt these! (FU10!)\29 - 04 - Kendrick Lamar - Tammy's Song (Gamo)\notes.chart",Tammy's Song (Her Evils),Kendrick Lamar (Gamo) (FU),Gamo,,rock,15.15,13.81,1.34,20.402,4175,4175,0,0,4175,158.73,14.568,24.745,16.866,20.610,23.688,22.713,14.568,0.000,0.000
"C:\YARG\Charts\Carpal Tunnel Hero 2\- 29 Seriously, Don't Even Attempt these! (FU10!)\29 - 05 - Blitz Lunar - The Labyrinth of Skadi\notes.chart",The Labyrinth of Skadi,Blitz Lunar (ShadeGH),Unknown Charter,,rock,13.26,12.05,1.21,18.212,2940,3063,407,643,1890,294.96,8.154,45.968,13.947,17.915,22.704,21.964,7.919,0.399,0.266
"C:\YARG\Charts\Carpal Tunnel Hero 2\- 29 Seriously, Don't Even Attempt these! (FU10!)\29 - 06 - Fearofdark - Rain Dance\notes.chart",,,,,rock,15.88,14.69,1.18,21.480,2858,2858,133,782,1943,247.14,9.459,37.940,14.885,21.123,29.170,26.681,9.411,0.142,0.184
"C:\YARG\Charts\Carpal Tunnel Hero 2\- 29 Seriously, Don't Even Attempt these! (FU10!)\29 - 07 - Chemfinal - Blitz Lunar - You Time You Show You Universe\notes.chart",You Time You Show You Universe,Blitz Lunar (Chemfinal) (FU),,,rock,20.13,18.72,1.41,26.284,4854,4900,525,1354,2975,368.32,10.873,35.483,21.895,26.364,30.870,29.299,10.821,0.349,0.029
"C:\YARG\Charts\Carpal Tunnel Hero 2\- 29 Seriously, Don't Even Attempt these! (FU10!)\29 - 08 - MECHAMOZART - ACTION CLASSICAL INC\notes.chart",ACTION CLASSICAL INC,MECHAMOZART,Adohu,,rock,18.77,17.51,1.26,24.857,3338,3478,461,752,2125,274.62,9.266,42.903,18.617,23.580,34.597,30.662,9.117,0.510,0.288
C:\YARG\Charts\Carpal Tunnel Hero 2\- Bonus Terimal Redux Full Album (Vektor)\30 - 01 - Vektor - Charging the Void\notes.chart,Charging the Void,Vektor,,,rock,7.47,5.94,1.53,10.106,4201,6526,4048,143,10,539.82,4.733,16.104,7.935,9.931,13.004,11.765,4.017,1.936,0.359
C:\YARG\Charts\Carpal Tunnel Hero 2\- Bonus Terimal Redux Full Album (Vektor)\30 - 02 - Chemfinal - Vektor - Cygnus Terminal\notes.chart,Cygnus Terminal,Vektor (Chemfinal) (5.5),,,rock,7.44,6.02,1.41,10.219,2903,4961,2712,191,0,493.91,5.313,16.041,8.305,9.978,12.614,11.954,5.064,1.496,0.165
C:\YARG\Charts\Carpal Tunnel Hero 2\- Bonus Terimal Redux Full Album (Vektor)\30 - 03 - Vektor - LCD (Liquid Crystal Display)\notes.chart,LCD (Liquid Crystal Disease),Vektor,,,rock,10.57,9.17,1.40,14.499,3798,4812,2548,594,656,448.14,7.449,35.910,10.208,13.590,20.342,18.985,7.100,1.916,0.093
C:\YARG\Charts\Carpal Tunnel Hero 2\- Bonus Terimal Redux Full Album (Vektor)\30 - 04 - Vektor - Mountains Above the Sun & Ultimate Artificer\notes.chart,Mountains Above the Sun/Ultimate Artificer,Vektor (ChemFinal & ShadeGH),,,rock,9.89,8.62,1.27,13.776,2385,3495,2144,241,0,377.00,6.621,25.030,9.515,13.303,19.502,17.304,6.219,1.964,0.602
C:\YARG\Charts\Carpal Tunnel Hero 2\- Bonus Terimal Redux Full Album (Vektor)\30 - 05 - Miscellany - Chemfinal - Vektor - Pteropticon\notes.chart,Pteropticon,Vektor,,,rock,9.77,8.55,1.22,13.677,2740,3116,2098,594,48,357.72,7.226,18.590,11.604,13.685,16.141,15.017,6.930,1.951,0.468
C:\YARG\Charts\Carpal Tunnel Hero 2\- Bonus Terimal Redux Full Album (Vektor)\30 - 06 - Vektor - Psychotropia (Open Note Version)\notes.chart,Psychotropia,Vektor,,", 2016",rock,7.37,6.02,1.35,10.211,3412,4270,2871,526,15,456.64,5.459,19.265,7.779,9.047,16.257,12.850,4.886,2.018,0.700
C:\YARG\Charts\Carpal Tunnel Hero 2\- Bonus Terimal Redux Full Album (Vektor)\30 - 07 - Chemfinal - Vektor - Pillars of Sand\notes.chart,Pillars of Sand,Vektor (ChemFinal) (6),,,rock,8.66,7.40,1.26,12.134,2328,3406,2273,55,0,316.23,6.964,18.589,9.804,11.786,15.209,14.292,6.708,1.847,0.250
C:\YARG\Charts\Carpal Tunnel Hero 2\- Bonus Terimal Redux Full Album (Vektor)\30 - 08 - Chemfinal - Vektor - Collapse\notes.chart,Collapse,Vektor (ChemFinal) (4),,,rock,6.08,4.87,1.21,8.566,1966,3010,1703,246,17,552.54,3.633,15.584,5.752,8.277,12.273,10.880,3.204,0.983,0.566
C:\YARG\Charts\Carpal Tunnel Hero 2\- Bonus Terimal Redux Full Album (Vektor)\30 - 09 - Chemfinal - Vektor - Recharging the Void\notes.chart,Recharging the Void (*),Vektor (ChemFinal) (6.5),,,rock,7.75,6.18,1.58,10.434,4990,7352,4850,140,0,785.21,5.265,21.344,8.069,10.170,13.281,12.561,4.781,1.951,0.474
C:\YARG\Charts\Carpal Tunnel Hero 3\[CTH3] 001. Athletic Tryouts\Minutemen - Viet Nam [JoeyD]\notes.chart,Viet Nam,Minutemen,JoeyD,", 1984",Rock,5.99,5.34,0.64,9.246,406,682,367,39,0,88.08,6.033,14.056,8.018,8.715,11.960,10.618,5.845,2.103,0.094
C:\YARG\Charts\Carpal Tunnel Hero 3\[CTH3] 001. Athletic Tryouts\Rancid - Fall Back Down [ThundahK]\notes.chart,Fall Back Down,Rancid,ThundahK,", 2003",Punk Rock,2.89,1.90,0.99,3.908,944,1761,818,88,38,207.50,2.448,7.823,3.301,3.613,5.080,4.744,1.293,1.386,0.551
C:\YARG\Charts\Carpal Tunnel Hero 3\[CTH3] 001. Athletic Tryouts\Scott Schrear - NFL on FOX Theme [jdurandTV]\notes.chart,NFL Theme but the horns are blasted to high heaven,National Football League,jdurand11143,", 2018",rock,3.27,2.84,0.43,5.468,238,337,43,0,195,72.87,2.915,8.545,4.153,5.441,6.890,6.462,2.276,0.169,1.210
C:\YARG\Charts\Carpal Tunnel Hero 3\[CTH3] 001. Athletic Tryouts\Wesley Willis - Rock _n_ Roll McDonald_s [Peddy]\notes.chart,Rock 'n' Roll McDonald's,Wesley Willis,Peddy,", 1995",Outsider Music,2.94,1.96,0.98,4.001,578,1726,578,0,0,140.22,3.048,9.750,3.600,3.875,4.537,4.517,0.645,2.307,1.516
C:\YARG\Charts\Carpal Tunnel Hero 3\[CTH3] 002. Warming Up\Anubys - Flying Through the Sky [Haggis]\notes.chart,Flying Through the Sky,Anubys,Haggis,", 2012",Ramcore,4.80,3.95,0.85,7.195,938,1209,911,18,9,192.11,4.031,14.098,5.882,6.768,9.535,8.626,3.738,1.606,0.021
C:\YARG\Charts\Carpal Tunnel Hero 3\[CTH3] 002. Warming Up\Blumen - Mirage [Haggis]\notes.chart,mirage,Blumen,Haggis,", 2019",Jazzcore,6.01,5.40,0.61,9.323,608,620,0,0,608,78.80,5.903,12.213,8.096,9.311,10.528,10.279,5.479,0.530,0.397
C:\YARG\Charts\Carpal Tunnel Hero 3\[CTH3] 002. Warming Up\Kate Bush - The Saxophone Song [ΩHM]\notes.chart,The Saxophone Song,Kate Bush,OHM,", 1978",Baroque Pop,5.77,4.96,0.81,8.686,914,1100,354,0,560,209.11,4.398,13.311,7.178,8.598,10.411,9.906,4.179,0.474,0.430
C:\YARG\Charts\Carpal Tunnel Hero 3\[CTH3] 002. Warming Up\Rusted Root - Send Me On My Way [Miscellany]\notes.chart,Send Me On My Way,Rusted Root,Miscellany,", 1994",Roots Rock,6.22,5.09,1.13,8.884,1219,2509,1040,77,102,256.35,4.321,14.929,6.550,8.026,14.046,11.151,3.697,1.793,0.055
C:\YARG\Charts\Carpal Tunnel Hero 3\[CTH3] 002. Warming Up\Stevie Ray Vaughan - Let Me Love You Baby [JoeyD]\notes.chart,Let Me Love You Baby,Stevie Ray Vaughan,JoeyD,", 1989",Blues Rock,5.99,5.41,0.58,9.348,448,562,318,130,0,157.00,3.325,15.379,6.585,8.940,13.320,11.733,3.110,0.725,0.412
C:\YARG\Charts\Carpal Tunnel Hero 3\[CTH3] 003. Field Day\Dance Gavin Dance - Chocolate Jackalope [Miscellany]\notes.chart,,,,,rock,5.21,4.26,0.94,7.662,1271,1556,784,233,254,218.47,4.353,9.675,6.681,7.534,8.952,8.530,3.977,0.846,0.314
C:\YARG\Charts\Carpal Tunnel Hero 3\[CTH3] 003. Field Day\Satoshi Bandoh - Bb Freeway [JoeyD]\notes.chart,Bb Freeway,Satoshi Bandoh,JoeyD,", 2016",Jazz Fusion,5.39,4.52,0.87,8.048,1221,1285,155,188,878,294.90,3.058,15.265,5.081,7.877,11.434,10.446,2.899,0.226,0.429
"C:\YARG\Charts\Carpal Tunnel Hero 3\[CTH3] 003. Field Day\Stevie Wonder - Sir Duke [jdurandTV, Haggis]\notes.chart",Sir Duke,Stevie Wonder,jdurandTV & Haggis,", 1973",Soul,4.61,3.77,0.83,6.921,1018,1161,499,205,314,231.78,3.633,11.136,5.493,6.736,8.747,8.212,3.541,0.841,0.204
C:\YARG\Charts\Carpal Tunnel Hero 3\[CTH3] 003. Field Day\The Animals - House of the Rising Sun [Haggis]\notes.chart,House of the Rising Sun,The Animals,Haggis,", 1964",Rock,4.46,3.48,0.97,6.472,1361,1687,539,149,673,262.14,3.693,9.720,5.175,6.171,8.010,8.003,3.386,0.779,0.576
C:\YARG\Charts\Carpal Tunnel Hero 3\[CTH3] 004. Back on the Field\An Endless Sporadic - Eternal Bloom [jdurandTV]\notes.chart,Eternal Bloom,An Endless Sporadic,jdurandTV,", 2009",Progressive Rock,5.71,4.68,1.03,8.283,1439,1944,817,487,135,375.86,3.533,13.667,5.919,7.766,11.961,10.564,3.056,0.905,0.694
C:\YARG\Charts\Carpal Tunnel Hero 3\[CTH3] 004. Back on the Field\Blind Guardian - Ashes to Ashes [BurpLeTurtle]\notes.chart,Ashes to Ashes,Blind Guardian,BurpLeTurtle,", 1992",Speed Metal,6.43,5.26,1.17,9.127,2587,2735,2122,425,40,351.88,4.671,12.664,7.255,9.206,11.143,10.282,4.083,1.948,0.223
C:\YARG\Charts\Carpal Tunnel Hero 3\[CTH3] 004. Back on the Field\Europe - Boyazont [Peddy]\notes.chart,Boyazont,Europe,Peddy,", 1983",Rock,7.33,6.56,0.77,10.967,949,985,379,554,16,145.47,4.698,18.340,8.480,10.860,13.491,13.056,4.405,0.747,0.411
C:\YARG\Charts\Carpal Tunnel Hero 3\[CTH3] 004. Back on the Field\Jerry Reed - The Claw [Haggis]\notes.chart,The Claw,Jerry Reed,Haggis,", 1967",Country,9.20,8.48,0.73,13.582,691,864,597,94,0,116.56,8.553,21.716,11.085,12.866,17.360,16.425,8.500,1.688,0.118
C:\YARG\Charts\Carpal Tunnel Hero 3\[CTH3] 004. Back on the Field\Paul Gilbert - Olympic [HellAshes]\notes.chart,Olympic,Paul Gilbert,HellAshes,", 2010",Rock,6.67,5.60,1.07,9.622,1824,2123,627,1042,155,350.88,4.441,17.920,6.897,9.007,13.982,12.233,4.219,0.467,0.384
C:\YARG\Charts\Carpal Tunnel Hero 3\[CTH3] 005. Draft Picks\Impellitteri - 17th Century Chicken Pickin' [Chemfinal]\notes.chart,,,,,rock,8.60,7.67,0.93,12.500,1495,1495,41,1454,0,147.86,7.759,18.920,10.985,12.405,14.010,13.851,7.739,0.071,0.053
C:\YARG\Charts\Carpal Tunnel Hero 3\[CTH3] 005. Draft Picks\Lost Society - Piss Out My Ass [Miscellany]\notes.chart,piss,lost,,,rock,9.60,8.82,0.78,14.037,689,1010,531,97,61,114.39,8.645,18.211,11.801,13.575,17.242,16.270,8.346,2.213,0.147
C:\YARG\Charts\Carpal Tunnel Hero 3\[CTH3] 005. Draft Picks\Steely Dan - Reelin' In The Years [JoeyD]\notes.chart,Reelin' In The Years,Steely Dan,JoeyD,", 1972",Rock,5.43,4.57,0.87,8.113,1110,1270,590,380,140,260.22,3.437,18.859,5.157,7.759,12.032,10.643,3.211,0.952,0.152
C:\YARG\Charts\Carpal Tunnel Hero 3\[CTH3] 005. Draft Picks\Stevie Wonder - Contusion [ΩHM]\notes.chart,Contusion,Stevie Wonder,OHM,", 1976",Jazz Fusion,5.97,5.18,0.79,9.013,949,1031,172,581,196,223.10,3.553,15.848,5.960,8.810,12.625,11.481,3.286,0.204,0.453
C:\YARG\Charts\Carpal Tunnel Hero 3\[CTH3] 005. Draft Picks\The Greyboy Allstars - V Neck Sweater [JoeyD]\notes.chart,V Neck Sweater,The Greyboy Allstars,JoeyD,", 2007",Funk,3.65,3.02,0.63,5.747,629,657,157,0,472,146.96,3.002,8.222,4.527,5.478,7.368,7.063,2.894,0.403,0.192
C:\YARG\Charts\Carpal Tunnel Hero 3\[CTH3] 006. Hitting the Gym\Alain Caron - 1-4-U [JoeyD]\notes.chart,1-4-U,Alain Caron,JoeyD,", 2013",Jazz Fusion,7.27,6.18,1.09,10.440,2134,2277,544,1320,270,405.00,5.323,17.405,8.310,10.270,13.047,12.180,5.263,0.441,0.214
C:\YARG\Charts\Carpal Tunnel Hero 3\[CTH3] 006. Hitting the Gym\Gojira - Explosia [Miscellany]\notes.chart,Explosia,Gojira,Miscellany,", 2012",Progressive Death Metal,6.54,5.28,1.25,9.157,2466,3389,2335,129,2,388.86,3.287,14.673,4.563,9.398,13.995,11.939,2.053,1.573,0.515
C:\YARG\Charts\Carpal Tunnel Hero 3\[CTH3] 006. Hitting the Gym\Jamiroquai - Canned Heat [ΩHM]\notes.chart,Canned Heat,Jamiroquai,OHM,", 1999",Post-Disco,4.31,3.47,0.85,6.449,1161,1207,469,50,642,315.61,2.897,11.268,5.004,6.324,8.178,7.672,2.576,0.752,0.343
C:\YARG\Charts\Carpal Tunnel Hero 3\[CTH3] 006. Hitting the Gym\Joe Robinson - Lethal Injection [Revelsa]\notes.chart,Lethal Injection,Joe Robinson,Revelsa,", 2012",Blues Rock,6.32,5.45,0.87,9.395,1185,1291,736,449,0,203.21,5.084,14.877,7.546,9.441,11.203,10.696,4.796,1.663,0.289
C:\YARG\Charts\Carpal Tunnel Hero 3\[CTH3] 006. Hitting the Gym\The Main Squeeze - I'll Take Another [jdurandTV]\notes.chart,I'll Take Another,The Main Squeeze,,,rock,4.99,3.90,1.10,7.108,2263,2304,1275,617,371,570.34,3.325,18.051,5.228,6.671,10.129,8.930,3.116,0.728,0.418
C:\YARG\Charts\Carpal Tunnel Hero 3\[CTH3] 006. Hitting the Gym\The Smiths - Bigmouth Strikes Again [Haggis]\notes.chart,Bigmouth Strikes Again,The Smiths,Haggis,", 1986",Indie Rock,5.00,3.90,1.10,7.113,1367,2310,1362,5,0,188.28,4.709,10.291,6.283,7.000,8.251,7.837,4.025,2.742,0.081
C:\YARG\Charts\Carpal Tunnel Hero 3\[CTH3] 007. The Glory of Winning\Æternity - Panic Attack (DT cover) (feat. Mono_ & Aeon Bridge) [Aren Eternal]\notes.chart,"Panic Attack (Dream Theater cover, feat. Mono_ & Aeon Bridge)",Æternity,<color=#AEFFFF>Aren Eternal</color>,", 2021",Synthetic Metal,6.53,5.28,1.26,9.151,3018,3412,1991,649,378,437.33,4.458,23.657,6.438,8.189,14.127,12.222,3.972,1.708,0.207
C:\YARG\Charts\Carpal Tunnel Hero 3\[CTH3] 007. The Glory of Winning\High on Fire - Snakes for the Divine [Miscellany]\notes.chart,Snakes for the Divine,High on Fire,Miscellany,", 2010",Sludge Metal,6.33,5.03,1.30,8.795,3254,3749,1823,908,523,497.96,4.722,19.128,7.121,8.403,11.331,10.499,4.305,0.991,0.242
C:\YARG\Charts\Carpal Tunnel Hero 3\[CTH3] 007. The Glory of Winning\Mariya Takeuchi - Plastic Love [Haggis]\notes.chart,Plastic Love,Mariya Takeuchi,Haggis,", 1984",City Pop,5.78,4.86,0.92,8.538,1297,1476,868,277,152,286.82,4.788,11.871,7.160,8.433,10.247,9.642,4.551,1.456,0.286
C:\YARG\Charts\Carpal Tunnel Hero 3\[CTH3] 007. The Glory of Winning\Polyphia - Light [jdurandTV]\notes.chart,,,,,rock,5.52,4.66,0.85,8.255,1205,1226,603,541,61,223.06,4.320,13.201,6.514,7.905,10.860,9.914,4.232,0.872,0.391
C:\YARG\Charts\Carpal Tunnel Hero 3\[CTH3] 007. The Glory of Winning\Rob Scallon - For That Second [3-UP]\notes.chart,For That Second,Rob Scallon,,,rock,3.84,3.02,0.82,5.740,891,1122,0,6,885,227.34,3.656,8.220,4.883,5.666,6.734,6.484,3.481,0.001,0.454
C:\YARG\Charts\Carpal Tunnel Hero 3\[CTH3] 007. The Glory of Winning\Sarah Longfield - Cataclysm [ΩHM]\notes.chart,Cataclysm,Sarah Longfield,OHM,", 2018",Djent,5.20,4.32,0.88,7.748,1229,1303,675,88,466,203.91,4.223,13.633,6.075,7.286,10.539,9.481,4.011,0.851,0.469
C:\YARG\Charts\Carpal Tunnel Hero 3\[CTH3] 008. Throw a Football\Christopher Larkin - Daughter of Hallownest [TFG85]\notes.chart,Daughter of Hallownest,Christopher Larkin,Octaffinity1985,", 2018",Game Soundtrack,6.83,5.98,0.85,10.154,1130,1232,838,292,0,170.34,4.529,16.475,7.883,9.845,13.415,12.058,4.266,0.894,0.044
C:\YARG\Charts\Carpal Tunnel Hero 3\[CTH3] 008. Throw a Football\Dave Weckl - Vuelo [JoeyD]\notes.chart,Vuelo,Dave Weckl Band,JoeyD,", 2005",Jazz Fusion,4.91,3.96,0.95,7.209,1509,1585,0,0,1509,343.28,3.143,12.830,5.077,6.674,10.806,9.278,2.991,0.049,0.325
"C:\YARG\Charts\Carpal Tunnel Hero 3\[CTH3] 008. Throw a Football\Emerson, Lake & Palmer - Hoedown [iZenPenguin]\notes.chart",Hoedown,"Emerson, Lake & Palmer",iZenPenguin,", 1972",Progressive Rock,5.30,4.32,0.98,7.752,1480,1692,0,0,1480,218.73,4.241,12.195,6.296,7.617,9.518,8.995,4.141,0.136,0.162
C:\YARG\Charts\Carpal Tunnel Hero 3\[CTH3] 008. Throw a Football\Mörglbl - Tea Time for Pünks [Miscellany]\notes.chart,Tea Time for Pünks,Mörblgl,Miscellany,", 2015",Progressive Metal,7.22,6.22,1.00,10.494,1613,1780,706,610,297,338.28,4.492,20.642,7.601,10.140,14.566,12.874,4.210,0.786,0.392
C:\YARG\Charts\Carpal Tunnel Hero 3\[CTH3] 008. Throw a Football\Sacred Mother Tongue - Evolve Become [Peddy]\notes.chart,Evolve  Become,Sacred Mother Tongue,Peddy,", 2013",Metal,6.73,5.76,0.97,9.844,1425,1650,1229,196,0,227.09,6.015,15.686,8.190,9.404,12.492,11.578,5.198,2.218,0.518
C:\YARG\Charts\Carpal Tunnel Hero 3\[CTH3] 008. Throw a Football\Thomas Blug - My House is Green [Supahfast198]\notes.chart,,,,,rock,5.96,5.15,0.81,8.972,1041,1088,469,456,116,237.63,3.989,16.264,6.164,8.486,12.953,11.584,3.753,0.703,0.655
C:\YARG\Charts\Carpal Tunnel Hero 3\[CTH3] 009. Touchdown\Converge - Reap What You Sow [Miscellany]\notes.chart,Reap What We Sow,Converge,Miscellany,", 2009",Mathcore,6.44,5.57,0.87,9.571,1139,1276,728,383,28,159.02,6.301,12.062,8.799,9.372,10.819,10.358,5.978,2.035,0.193
C:\YARG\Charts\Carpal Tunnel Hero 3\[CTH3] 009. Touchdown\Instant Reality - Zoom! [Supradyke]\notes.chart,Zoom!,Instant Reality,Supradyke,", 2019",Saturncore,6.09,5.27,0.82,9.144,1105,1111,0,0,1105,171.30,4.317,13.383,6.772,8.999,11.821,11.095,4.296,0.069,0.141
C:\YARG\Charts\Carpal Tunnel Hero 3\[CTH3] 009. Touchdown\Larry Carlton - Point It Up [Peddy]\notes.chart,Point It Up,Larry Carlton,Peddy,", 1978",Jazz Fusion,7.26,6.33,0.93,10.655,1477,1497,372,1098,7,269.54,4.601,18.720,7.724,10.240,14.627,13.268,4.414,0.455,0.466
C:\YARG\Charts\Carpal Tunnel Hero 3\[CTH3] 009. Touchdown\Louis Cole - Real Life [JoeyD]\notes.chart,Real Life,Louis Cole,JoeyD,", 2018",Synth Funk,4.21,3.48,0.72,6.475,799,857,570,10,219,164.22,3.648,11.300,5.027,6.454,8.230,7.455,2.771,1.385,0.575
C:\YARG\Charts\Carpal Tunnel Hero 3\[CTH3] 009. Touchdown\The Winery Dogs - Elevate [jdurandTV]\notes.chart,Elevate,The Winery Dogs,jdurandTV,", 2014",Progressive Blues Rock,7.46,6.51,0.95,10.894,1469,1603,514,614,341,297.50,4.546,20.421,6.385,9.829,17.667,15.542,4.064,0.520,0.797
C:\YARG\Charts\Carpal Tunnel Hero 3\[CTH3] 009. Touchdown\Yes - Owner of a Lonely Heart [Stickheadz32]\notes.chart,Owner of a Lonely Heart,Yes,Stickheadz32,", 1983",Pop Rock,6.99,6.18,0.81,10.433,844,1104,623,160,61,260.85,4.888,12.109,8.372,10.911,11.615,11.343,4.593,0.788,0.524
C:\YARG\Charts\Carpal Tunnel Hero 3\[CTH3] 010. out of 10\Chaotrope - Yuugen [Chaotrope]\notes.chart,notes,,,,rock,7.66,6.71,0.95,11.184,1400,1568,530,550,320,289.36,4.135,28.075,6.293,8.562,23.270,17.156,3.682,0.915,0.430
C:\YARG\Charts\Carpal Tunnel Hero 3\[CTH3] 010. out of 10\Dave Weckl - Crazy Horse [JoeyD]\notes.chart,Crazy Horse,Dave Weckl,JoeyD,", 1994",Fusion,3.80,2.95,0.85,5.631,1123,1229,87,15,1021,329.43,2.489,12.357,3.946,5.255,8.379,7.211,2.223,0.107,0.486
"C:\YARG\Charts\Carpal Tunnel Hero 3\[CTH3] 010. out of 10\Emerson, Lake & Palmer - Tank [Edit] [ΩHM]\notes.chart",Tank [Edit],"Emerson, Lake & Palmer",OHM,", 1970",Progressive Rock,4.95,4.09,0.86,7.403,1138,1237,42,43,1053,270.07,3.052,13.928,5.018,6.881,11.295,9.615,2.865,0.100,0.363
C:\YARG\Charts\Carpal Tunnel Hero 3\[CTH3] 010. out of 10\Green Mountain Grass - Governor's Breakup [iZenPenguin]\notes.chart,Govenor's Breakup,Green Mountain Grass,iZenPenguin,", 2008",Bluegrass,8.19,7.35,0.83,12.067,1065,1160,344,721,0,117.03,6.818,19.515,9.069,11.872,15.635,14.466,6.604,1.202,0.180
C:\YARG\Charts\Carpal Tunnel Hero 3\[CTH3] 010. out of 10\NOFX - The Separation of Church and Skate [ThundahK]\notes.chart,The Separation of Church and Skate,NOFX,ThundahK,", 2003",Punk Rock,4.71,3.82,0.89,6.993,1000,1344,905,94,1,166.52,3.375,10.316,5.252,6.901,9.343,8.203,2.877,1.161,0.284
C:\YARG\Charts\Carpal Tunnel Hero 3\[CTH3] 011. The Afterparty\Andy McKee - Drifting [Haggis]\notes.chart,Drifting,Andy McKee,Haggis,", 2005",Fingerstyle,4.72,3.91,0.81,7.125,792,1102,303,28,461,180.10,4.193,11.250,5.750,7.012,8.761,8.280,3.929,0.630,1.148
C:\YARG\Charts\Carpal Tunnel Hero 3\[CTH3] 011. The Afterparty\ERRA - Ghost of Nothing [TFG85]\notes.chart,Ghost of Nothing,ERRA,Octaffinity1985,", 2018",Djent,6.15,5.24,0.91,9.102,1425,1432,557,292,576,251.75,5.382,13.835,7.780,8.965,10.714,10.254,5.269,0.828,0.234
C:\YARG\Charts\Carpal Tunnel Hero 3\[CTH3] 011. The Afterparty\Gorguts - Obscura [NarugaKuruga]\notes.chart,Obscura,Gorguts,NarugaKuruga,", 1998",Technical/Avant-Garde Death Metal,8.24,7.25,0.99,11.925,1207,1734,768,36,403,242.40,7.045,14.634,10.463,11.642,14.625,13.038,6.897,0.756,0.412
C:\YARG\Charts\Carpal Tunnel Hero 3\[CTH3] 011. The Afterparty\Louis Cole - Weird Part of the Night [JoeyD]\notes.chart,Weird Part of the Night,Louis Cole,JoeyD,", 2018",Synth Funk,4.81,3.90,0.91,7.109,1124,1428,817,171,136,255.34,3.730,12.374,4.954,6.916,10.027,8.779,3.477,1.487,0.065
C:\YARG\Charts\Carpal Tunnel Hero 3\[CTH3] 011. The Afterparty\Mahavishnu Orchestra - Birds of Fire [iZenPenguin]\notes.chart,Birds of Fire,Mahavishnu Orchestra,iZenPenguin,", 1973",Avant-Garde Rock,6.37,5.45,0.93,9.393,1483,1496,981,298,204,319.50,3.768,19.336,6.363,8.510,15.170,12.281,3.462,1.218,0.416
C:\YARG\Charts\Carpal Tunnel Hero 3\[CTH3] 011. The Afterparty\Schoolyard Heroes - Bury the Tooth of the Hydra and a Skeleton Army Will Arise [torqqes]\notes.chart,Bury the Tooth of the Hydra and a Skeleton Army Will Arise,Schoolyard Heroes,torqqes,", 2003",Horror Punk,5.20,4.35,0.84,7.792,803,1198,577,226,0,189.94,3.464,15.078,5.158,6.909,12.545,10.694,2.975,0.815,0.800
C:\YARG\Charts\Carpal Tunnel Hero 3\[CTH3] 012. Double Wing\Almeida - Payday [ThundahK]\notes.chart,Payday,Almeida,ThundahK,", 2015",Melodic Hardcore,6.50,5.76,0.75,9.837,863,920,256,82,525,93.85,6.304,14.829,8.820,9.428,12.005,10.946,6.071,1.069,0.219
C:\YARG\Charts\Carpal Tunnel Hero 3\[CTH3] 012. Double Wing\Michael Jackson - Black or White [Peddy]\notes.chart,Black or White,Michael Jackson,Peddy,", 1991",Pop Rock,5.33,4.51,0.82,8.024,684,1129,596,79,9,192.65,3.514,17.874,5.279,7.067,13.978,10.629,3.099,1.240,0.452
C:\YARG\Charts\Carpal Tunnel Hero 3\[CTH3] 012. Double Wing\Scottay - Quicksilver [jdurandTV]\notes.chart,Quicksilver,Scottay,jdurandTV,", 2020",rock,7.59,6.56,1.03,10.973,1351,1939,1172,179,0,235.76,5.674,13.645,9.155,10.925,12.951,12.365,5.156,1.731,0.326
C:\YARG\Charts\Carpal Tunnel Hero 3\[CTH3] 012. Double Wing\Snarky Puppy - One Hope (feat. Knower) [ΩHM]\notes.chart,One Hope (feat. KNOWER),Snarky Puppy,OHM,", 2016",Power Jazz Fusion,5.51,4.74,0.77,8.369,752,982,232,0,520,190.98,3.215,19.823,4.755,6.896,16.778,11.996,2.755,0.684,0.455
C:\YARG\Charts\Carpal Tunnel Hero 3\[CTH3] 012. Double Wing\Venturia - A New Dawn Rising [Spachi]\notes.chart,A New Dawn Rising,Venturia,Spachi,", 2012",Progressive Metal,12.18,11.18,1.01,17.102,1403,1837,969,429,5,231.27,5.799,26.915,7.283,17.630,25.340,24.069,5.204,1.704,0.810
C:\YARG\Charts\Carpal Tunnel Hero 3\[CTH3] 013. Unlucky Throw\Conjurer - Choke - Hollow [Chezy]\notes.chart,Choke and Hollow,Conjurer,Chezy,,rock,6.28,4.86,1.42,8.544,3087,5076,2838,249,0,745.26,3.859,35.881,6.117,7.844,11.820,11.517,3.265,1.026,0.888
C:\YARG\Charts\Carpal Tunnel Hero 3\[CTH3] 013. Unlucky Throw\King Crimson - Cirkus [ΩHM]\notes.chart,Cirkus,King Crimson,OHM,", 1970",Psychedelic Rock,5.52,4.58,0.94,8.132,1548,1554,538,281,729,386.39,3.296,14.066,5.571,7.750,11.653,10.432,3.136,0.429,0.396
C:\YARG\Charts\Carpal Tunnel Hero 3\[CTH3] 013. Unlucky Throw\Sham Makdessi - Deadly Speed (feat. Morgan Sansous) [ThundahK]\notes.chart,Deadly Speed (feat. Morgan Sansous),Sham Makdessi,ThundahK,", 2014",Thrash Metal,7.16,6.16,1.00,10.410,1726,1806,426,1300,0,179.06,5.831,18.000,7.775,8.775,16.245,14.465,5.603,0.979,0.135
C:\YARG\Charts\Carpal Tunnel Hero 3\[CTH3] 013. Unlucky Throw\Tauk - Mindshift [Peddy]\notes.chart,Mindshift,Tauk,Peddy,", 2014",Fusion Rock,6.32,5.36,0.96,9.267,1600,1617,264,288,1048,352.39,3.912,14.378,7.020,9.153,11.891,11.022,3.598,0.217,0.648
C:\YARG\Charts\Carpal Tunnel Hero 3\[CTH3] 014. Foul Ball\Allan Holdsworth - Non-Brewed Condiment [ΩHM]\notes.chart,Non-Brewed Condiment,Allan Holdsworth,OHM,", 1986",Jazz Fusion,5.93,5.13,0.80,8.944,1054,1063,146,201,707,193.48,4.051,12.907,7.155,8.725,11.141,10.576,3.915,0.189,0.416
C:\YARG\Charts\Carpal Tunnel Hero 3\[CTH3] 014. Foul Ball\As I Lay Dying - Blinded [Revelsa]\notes.chart,Blinded,As I Lay Dying,Revelsa,", 2019",Metalcore,7.71,6.74,0.97,11.216,1536,1686,927,353,256,197.70,6.393,17.850,9.605,11.157,13.267,12.336,6.018,1.895,0.119
C:\YARG\Charts\Carpal Tunnel Hero 3\[CTH3] 014. Foul Ball\Mastodon - Jaguar God [HellAshes]\notes.chart,Jaguar God,Mastodon,HellAshes,", 2017",Groove Metal,5.91,4.73,1.19,8.348,2472,2872,1727,745,0,445.35,4.715,14.930,7.027,7.893,10.685,9.853,4.467,1.024,0.358
C:\YARG\Charts\Carpal Tunnel Hero 3\[CTH3] 014. Foul Ball\Myrath - Dance [BurpLeTurtle]\notes.chart,Dance,Myrath,BurpLeTurtle,", 2019",Oriental Metal,5.69,4.84,0.85,8.513,1196,1215,343,789,64,222.86,4.029,19.499,5.901,7.401,14.994,11.039,3.931,0.525,0.246
C:\YARG\Charts\Carpal Tunnel Hero 3\[CTH3] 014. Foul Ball\Pagan's Mind - Intermission [jdurandTV]\notes.chart,Intermission,Pagan's Mind,jdurandTV,", 2011",Progressive Power Metal,5.72,4.54,1.18,8.070,2019,2827,1479,260,280,337.18,3.918,13.028,6.435,7.803,10.598,9.450,3.027,1.599,0.184
C:\YARG\Charts\Carpal Tunnel Hero 3\[CTH3] 014. Foul Ball\Psychedelic Porn Crumpets - Digital Hunger [ThundahK]\notes.chart,Digital Hunger,Psychedelic Porn Crumpets,ThundahK,", 2019",Psychedelic Rock,4.70,4.00,0.70,7.271,744,803,81,150,513,139.22,3.000,12.056,4.545,6.692,11.132,10.051,2.720,0.544,0.281
C:\YARG\Charts\Carpal Tunnel Hero 3\[CTH3] 015. Out of Bounds\BAND-MAID - H-G-K [Spachi]\notes.chart,H-G-K,BAND-MAID,Spachi,", 2021",Hard Rock,6.35,5.45,0.90,9.400,1158,1385,734,372,52,181.72,4.817,15.290,7.230,9.090,12.388,11.315,4.553,1.411,0.260
"C:\YARG\Charts\Carpal Tunnel Hero 3\[CTH3] 015. Out of Bounds\Booze Cruise - I Said Light Cream Cheese, Not Light on the Cream Cheese [7777villain]\notes.chart",Cream Cheese,Boozy Cruisy,7777villain,,rock,7.32,6.26,1.06,10.557,1625,2096,817,184,624,267.72,5.001,12.713,8.843,10.598,12.263,11.757,4.725,0.967,0.339
C:\YARG\Charts\Carpal Tunnel Hero 3\[CTH3] 015. Out of Bounds\Casiopea - Conjunction [JoeyD]\notes.chart,Conjunction,CASIOPEA,JoeyD,", 2017",Jazz Fusion,5.83,5.06,0.77,8.835,911,971,210,467,234,160.79,4.215,15.280,6.496,8.494,12.019,10.933,4.107,0.532,0.267
C:\YARG\Charts\Carpal Tunnel Hero 3\[CTH3] 015. Out of Bounds\Pour Habit - Hell Bent [ThundahK]\notes.chart,Hell Bent,Pour Habit,ThundahK,", 2009",Melodic Hardcore,4.83,3.92,0.92,7.138,1000,1447,974,26,0,148.47,3.505,11.249,5.188,7.003,9.483,8.709,2.441,2.168,0.567
C:\YARG\Charts\Carpal Tunnel Hero 3\[CTH3] 015. Out of Bounds\RADWIMPS - Kaishin No Ichigeki [GHX]\notes.chart,Kaishin no Ichigeki,Radwimps,GHX,", 2013",J-Rock,6.50,5.31,1.18,9.203,2307,2855,2180,127,0,264.37,4.596,16.543,6.711,8.916,12.292,11.421,4.181,1.555,0.358
C:\YARG\Charts\Carpal Tunnel Hero 3\[CTH3] 015. Out of Bounds\Seventh Wonder - Move On Through [Peddy]\notes.chart,Move on Through,Seventh Wonder,Peddy,", 2010",Progressive Metal,5.80,4.83,0.97,8.502,1544,1665,805,691,48,301.39,4.644,14.580,6.543,8.101,11.545,10.334,4.381,1.129,0.539
C:\YARG\Charts\Carpal Tunnel Hero 3\[CTH3] 016. Halftime Show\Æternity - Hangar 18 (Megadeth cover) [Aren Eternal]\notes.chart,Hangar 18 (Megadeth cover),Æternity,<color=#AEFFFF>Aren Eternal</color>,", 2021",Synthetic Metal,8.03,6.92,1.11,11.470,2043,2375,999,807,237,307.98,5.609,21.130,8.202,10.436,17.634,14.801,5.439,1.062,0.398
C:\YARG\Charts\Carpal Tunnel Hero 3\[CTH3] 016. Halftime Show\Alain Caron - Freedom Jazz Dance [JoeyD]\notes.chart,Freedom Jazz Dance,Alain Caron,JoeyD,", 1993",Fusion,6.35,5.51,0.84,9.483,1154,1176,183,688,283,209.49,5.246,12.521,8.303,9.591,10.346,10.286,5.157,0.249,0.190
C:\YARG\Charts\Carpal Tunnel Hero 3\[CTH3] 016. Halftime Show\DOMi vs. Louis Cole - FUNK FIGHT [ΩHM]\notes.chart,FUNK FIGHT,DOMi vs Louis Cole,OHM,", 2017",Electro Funk,5.15,4.32,0.83,7.742,1000,1160,0,0,1000,187.79,3.334,18.873,5.198,7.408,11.066,10.014,3.206,0.226,0.066
C:\YARG\Charts\Carpal Tunnel Hero 3\[CTH3] 016. Halftime Show\Jimi Hendrix - Voodoo Child (Slight Return) (Live at Atlanta Pop Festival) [ΩHM]\notes.chart,"Voodoo Child (Slight Return) (Live at Atlanta Pop Festival, 1970)",Jimi Hendrix,OHM,", 2015",Psychedelic Rock,5.10,3.92,1.19,7.136,2348,2877,1132,1140,76,410.71,3.841,12.845,5.535,6.893,9.365,8.570,3.479,1.070,0.222
C:\YARG\Charts\Carpal Tunnel Hero 3\[CTH3] 016. Halftime Show\Koji Kondo - Athletic Theme (Super Mario World) [Peddy]\notes.chart,Athletic Theme (Super Mario World),Koji Kondo,Nintendo,", 1992",Soundtrack,5.13,4.44,0.68,7.929,665,765,165,93,407,107.87,4.515,11.205,6.238,7.730,10.598,9.157,4.340,1.054,0.100
C:\YARG\Charts\Carpal Tunnel Hero 3\[CTH3] 016. Halftime Show\The Human Abstract - Echelons to Molotovs [HellAshes]\notes.chart,Echelons to Molotovs,The Human Abstract,HellAshes,", 2006",Metal,8.73,7.85,0.87,12.747,1288,1294,1067,221,0,152.00,7.899,15.745,10.900,12.745,14.563,14.152,7.695,2.472,0.016
C:\YARG\Charts\Carpal Tunnel Hero 3\[CTH3] 017. Encore\Andy Timmons Band - Headed for the Ditch [Miscellany]\notes.chart,Headed for the Ditch,Andy Timmons Band,Miscellany,", 2006",Bluegrass,8.56,7.52,1.03,12.297,1638,1959,291,1339,8,195.71,6.950,17.350,10.331,12.148,14.707,13.884,6.798,0.508,0.435
C:\YARG\Charts\Carpal Tunnel Hero 3\[CTH3] 017. Encore\Chick Corea Elektric Band - Got a Match [ΩHM]\notes.chart,Got A Match?,Chick Corea Elektric Band,OHM,", 1986",Jazz Fusion,7.03,6.00,1.03,10.186,1876,1934,148,337,1391,333.95,4.418,15.656,7.700,10.107,13.014,12.057,4.335,0.150,0.203
C:\YARG\Charts\Carpal Tunnel Hero 3\[CTH3] 017. Encore\ED to Shred - Finding the Edge [jdurandTV]\notes.chart,,,,,rock,5.58,4.74,0.84,8.365,1161,1188,472,685,4,169.06,3.814,14.797,5.925,7.871,12.010,10.704,3.579,0.827,0.282
C:\YARG\Charts\Carpal Tunnel Hero 3\[CTH3] 017. Encore\Gama Bomb - James Joints [ThundahK]\notes.chart,James Joints,Gama Bomb,ThundahK,", 2015",Thrash Metal,6.57,5.99,0.58,10.173,490,559,432,58,0,49.10,5.873,12.663,8.967,10.034,11.754,11.203,5.133,2.571,0.115
"C:\YARG\Charts\Carpal Tunnel Hero 3\[CTH3] 017. Encore\Gran Turismo Solo Medley [Eva, XEntombmentX, jdurandTV]\notes.chart",Gran Turismo Medley,Various Artist,EvaCH,", 2021",Solo Medley,7.03,5.60,1.43,9.617,4623,5128,827,1015,2781,827.77,4.498,21.410,7.241,9.144,13.208,11.855,4.275,0.384,0.447
C:\YARG\Charts\Carpal Tunnel Hero 3\[CTH3] 017. Encore\Liquid Tension Experiment - Kindred Spirits [Peddy]\notes.chart,Kindred Spirits,Liquid Tension Experiment,Peddy,", 1998",Progressive Metal,5.80,4.79,1.01,8.436,1778,1845,526,706,546,388.32,3.794,17.035,5.942,8.146,11.776,10.537,3.617,0.457,0.543
C:\YARG\Charts\Carpal Tunnel Hero 3\[CTH3] 018. Putting in the Grind\Battle Beast - Rain Man [Angevil]\notes.chart,Rain Man,Battle Beast,Angevil,", 2013",Heavy Metal,9.62,8.54,1.08,13.662,1615,2203,849,436,330,297.41,5.213,20.610,10.148,13.662,17.278,16.246,4.938,0.799,0.387
C:\YARG\Charts\Carpal Tunnel Hero 3\[CTH3] 018. Putting in the Grind\Hail the Sun - Disappearing Syndrome [HellAshes]\notes.chart,Disappearing Syndrome,Hail the Sun,HellAshes,", 2014",Post Hardcore,6.52,5.41,1.11,9.346,1372,2385,1131,241,0,316.84,3.730,17.421,5.670,8.990,13.716,12.559,3.030,1.149,0.497
C:\YARG\Charts\Carpal Tunnel Hero 3\[CTH3] 018. Putting in the Grind\Pantera - Rise [Miscellany]\notes.chart,Rise,Pantera,Miscellany,", 1992",Thrash Metal,7.22,6.07,1.15,10.284,1980,2596,1525,366,89,274.49,5.559,18.745,7.498,10.037,13.421,12.752,5.092,2.176,0.287
C:\YARG\Charts\Carpal Tunnel Hero 3\[CTH3] 018. Putting in the Grind\The Aristocrats - Blues Fuckers [Stickheadz32]\notes.chart,Blues Fuckers,The Aristocrats,Stickheadz32,", 2011",Jazz Fusion,6.44,5.42,1.03,9.350,1567,1940,577,990,0,296.16,4.713,17.299,7.137,8.890,12.445,11.604,4.300,0.789,0.538
C:\YARG\Charts\Carpal Tunnel Hero 3\[CTH3] 018. Putting in the Grind\The Beatles - A Hard Dayscography's Medley [ΩHM]\notes.chart,A Hard Dayscography's Medley,The Beatles,OHM,", 1970",Classic Pop-Rock,6.34,5.04,1.30,8.806,2984,3776,1153,545,1286,632.25,3.692,22.734,6.049,8.159,13.119,11.551,3.385,0.754,0.366
C:\YARG\Charts\Carpal Tunnel Hero 3\[CTH3] 019. The Pay-off\Alkemyst - Enter the Carnival [BurpLeTurtle]\notes.chart,Enter the Carnival,Alkemyst,BurpLeTurtle,", 2008",Power Metal,8.25,7.19,1.07,11.837,2088,2136,555,1529,4,219.04,7.080,17.165,9.975,11.580,14.662,13.331,6.839,0.724,0.279
C:\YARG\Charts\Carpal Tunnel Hero 3\[CTH3] 019. The Pay-off\Brad Paisley - Time Warp [Haggis]\notes.chart,Time Warp,Brad Paisley,Haggis,", 2005",Country,8.73,7.68,1.05,12.508,1844,2041,426,1087,331,231.61,6.583,20.550,10.290,12.026,15.995,14.620,6.458,0.622,0.269
C:\YARG\Charts\Carpal Tunnel Hero 3\[CTH3] 019. The Pay-off\Haji's Kitchen - Machine [jdurandTV]\notes.chart,Machine,Haji's Kitchen,jdurandTV,", 1995",Groove Metal,7.36,6.25,1.11,10.540,2374,2374,911,1428,35,298.84,6.067,18.095,8.625,10.125,13.625,12.323,5.901,1.300,0.163
C:\YARG\Charts\Carpal Tunnel Hero 3\[CTH3] 019. The Pay-off\Paul Gilbert - Burning Organ [Peddy]\notes.chart,Burning Organ,Paul Gilbert,Peddy,", 2002",Hard Rock,6.15,5.12,1.03,8.920,1658,1961,683,704,271,316.00,3.865,17.920,5.639,8.250,13.824,12.079,3.574,0.750,0.378
C:\YARG\Charts\Carpal Tunnel Hero 3\[CTH3] 019. The Pay-off\Polkadot Cadaver - Last Call in Jonestown [ThundahK]\notes.chart,Last Call in Jonestown,Polkadot Cadaver,ThundahK,", 2013",Avant-Garde Metal ,5.90,4.85,1.05,8.529,1660,2051,1340,320,0,239.83,4.433,12.675,6.880,8.156,11.112,10.138,3.912,2.289,0.300
C:\YARG\Charts\Carpal Tunnel Hero 3\[CTH3] 019. The Pay-off\The Volcanos - Half Moon Bay [ThundahK]\notes.chart,Half Moon Bay,The Volcanos,ThundahK,", 1996",Surf Rock,5.21,4.41,0.79,7.886,943,1039,914,29,0,115.06,3.755,13.413,6.200,7.568,10.454,9.428,3.148,1.725,0.290
C:\YARG\Charts\Carpal Tunnel Hero 3\[CTH3] 020. Open Season\7 for 4 - E-Gyptian [iZenPenguin]\notes.chart,E-Gyptian,7 for 4,iZenPenguin,", 2001",Progressive Rock,6.94,5.86,1.07,9.989,1992,2176,697,958,337,300.94,5.486,18.384,7.875,9.749,12.787,11.771,5.345,0.980,0.262
C:\YARG\Charts\Carpal Tunnel Hero 3\[CTH3] 020. Open Season\Chick Corea Elektric Band - King Cockroach [JoeyD]\notes.chart,King Cockroach,Chick Corea Elektric Band,JoeyD,", 1986",Jazz Fusion,5.78,4.75,1.03,8.383,1678,1929,246,420,1012,401.63,3.503,17.070,5.981,8.056,11.642,10.493,3.146,0.169,0.586
C:\YARG\Charts\Carpal Tunnel Hero 3\[CTH3] 020. Open Season\Clown Core Solo Medley [CTH3 Team]\notes.chart,Clown Core Solo Medley,Clown Core,"jdurandTV, Stickheadz32, Haggis, iZenPenguin, ΩHM, Chezy",", 2021",Avant-garde Jazz,6.03,4.79,1.24,8.444,3229,3284,0,0,3229,561.18,3.615,17.951,6.277,7.972,11.741,10.565,3.391,0.192,0.204
C:\YARG\Charts\Carpal Tunnel Hero 3\[CTH3] 020. Open Season\Ethan Meixsell - Takeoff [Miscellany]\notes.chart,Takeoff,Ethan Meixsell,Miscellany,", 2014",Hard Rock,7.59,6.69,0.91,11.148,1165,1412,363,646,156,164.92,7.046,14.125,10.108,10.835,12.845,12.303,6.976,1.009,0.261
C:\YARG\Charts\Carpal Tunnel Hero 3\[CTH3] 020. Open Season\Joe Satriani - Crushing Day [Peddy]\notes.chart,Crushing Day,Joe Satriani,Peddy,", 1987",Rock,6.43,5.50,0.93,9.468,1411,1494,696,682,33,309.65,3.962,14.383,6.929,9.300,12.650,11.429,3.747,0.569,0.547
C:\YARG\Charts\Carpal Tunnel Hero 3\[CTH3] 020. Open Season\Loudness - Demon Disease [Peddy]\notes.chart,Demon Disease,Loudness,Peddy,", 1989",Speed Metal,7.41,6.35,1.06,10.680,1779,2093,1176,592,11,258.73,6.026,15.285,9.141,10.669,12.196,11.873,5.624,1.991,0.357
C:\YARG\Charts\Carpal Tunnel Hero 3\[CTH3] 020. Open Season\Nita Strauss - Our Most Desperate Hour [iZenPenguin]\notes.chart,Our Most Desperate Hour,Nita Strauss,iZenPenguin,", 2018",Metal,7.23,6.30,0.93,10.602,1493,1514,657,773,63,241.44,4.815,18.430,7.387,9.980,15.378,13.634,4.619,0.884,0.267
C:\YARG\Charts\Carpal Tunnel Hero 3\[CTH3] 020. Open Season\Tuska20 - The Anniversary Song [Miscellany]\notes.chart,,,,,rock,6.77,5.65,1.11,9.690,2381,2398,1223,589,569,446.89,4.793,25.866,7.218,8.650,14.453,12.741,4.565,0.654,0.272
C:\YARG\Charts\Carpal Tunnel Hero 3\[CTH3] 021. Offensive Tackle\Eric Johnson - Zap [Haggis]\notes.chart,Zap,Eric Johnson,Haggis,", 1986",Blues Rock,8.64,7.65,0.99,12.465,1715,1768,1083,599,33,270.58,5.963,20.452,8.990,12.137,16.858,15.351,5.650,1.943,0.284
C:\YARG\Charts\Carpal Tunnel Hero 3\[CTH3] 021. Offensive Tackle\Frank Zappa - RDNZL [ΩHM]\notes.chart,RDNZL,Frank Zappa,OHM,", 1978",Avant-Garde,6.51,5.33,1.18,9.233,2644,2812,345,590,1709,488.54,3.936,20.232,6.296,8.828,13.060,11.905,3.793,0.321,0.355
C:\YARG\Charts\Carpal Tunnel Hero 3\[CTH3] 021. Offensive Tackle\Impact Fuze - Moscow [Supahfast198]\notes.chart,Moscow,Impact Fuze,,,rock,7.77,6.64,1.13,11.081,2233,2491,640,1273,320,331.27,6.236,16.755,9.301,10.991,12.965,12.569,6.110,0.851,0.346
C:\YARG\Charts\Carpal Tunnel Hero 3\[CTH3] 021. Offensive Tackle\John Mayer - Neon (Live in LA) [Haggis]\notes.chart,Neon (Live in LA),John Mayer,Haggis,", 2008",Acoustic Rock,8.26,7.08,1.18,11.695,1983,2821,1219,764,0,331.45,7.011,22.106,9.650,11.155,14.741,13.942,6.762,1.649,0.389
C:\YARG\Charts\Carpal Tunnel Hero 3\[CTH3] 021. Offensive Tackle\Kevin Ferguson - Gotta Go [Peddy]\notes.chart,Gotta Go,Kevin Ferguson,Peddy,", 2021",Avant-Garde Rock,7.38,6.52,0.86,10.920,1241,1241,680,345,216,125.28,6.644,14.459,9.671,10.526,13.176,12.242,6.438,1.037,0.156
C:\YARG\Charts\Carpal Tunnel Hero 3\[CTH3] 021. Offensive Tackle\Magic Kingdom - The Iron Mask [iZenPenguin]\notes.chart,The Iron Mask,Magic Kingdom,iZenPenguin,", 2004",Power Metal,9.13,8.03,1.10,12.981,2256,2319,812,742,702,222.99,6.941,17.061,11.145,12.915,15.165,14.334,6.561,1.465,0.344
C:\YARG\Charts\Carpal Tunnel Hero 3\[CTH3] 021. Offensive Tackle\Megadriver - Bloody Tears (From Castlevania 2 Simon's Quest) [Miscellany]\notes.chart,Bloody Tears,Megadriver,Miscellany,", 2016",Heavy Metal,6.17,5.38,0.78,9.304,1015,1016,376,563,76,161.13,4.909,20.988,6.750,8.495,14.083,11.927,4.853,0.753,0.265
C:\YARG\Charts\Carpal Tunnel Hero 3\[CTH3] 021. Offensive Tackle\Panzerballett - Typewriter II [Miscellany]\notes.chart,Typewritter II,Panzerballett,Miscellany,", 2015",Progressive Jazz,6.84,5.79,1.05,9.889,2023,2044,1065,754,204,369.01,4.471,18.828,6.636,9.346,14.375,12.932,4.015,1.255,0.229
C:\YARG\Charts\Carpal Tunnel Hero 3\[CTH3] 022. 22-Yard Punt\Alhambra - Siegfried Solo Medley [Peddy]\notes.chart,Siegfried Solo Medley,Alhambra,Peddy,", 2012",Solo Medley,9.32,7.90,1.42,12.802,5045,5073,1095,1897,2053,635.21,6.102,22.451,9.302,12.321,17.430,15.946,5.988,0.588,0.267
C:\YARG\Charts\Carpal Tunnel Hero 3\[CTH3] 022. 22-Yard Punt\Dave Weckl - In The Pocket [JoeyD]\notes.chart,In The Pocket,Dave Weckl,JoeyD,", 1994",Fusion,4.98,3.95,1.03,7.186,1462,1951,237,113,1112,317.86,3.428,10.809,5.709,6.966,9.175,8.533,3.127,0.304,0.499
C:\YARG\Charts\Carpal Tunnel Hero 3\[CTH3] 022. 22-Yard Punt\Kiko Loureiro - Cutting Edge [ThundahK]\notes.chart,Cutting Edge,Kiko Loureiro,ThundahK,", 2009",Progressive Metal,8.24,7.22,1.01,11.888,1773,1858,262,1511,0,229.04,6.181,18.605,9.080,11.578,15.570,14.254,6.054,0.383,0.292
C:\YARG\Charts\Carpal Tunnel Hero 3\[CTH3] 022. 22-Yard Punt\RichaadEB - Big Shot (Deltarune) [Peddy]\notes.chart,Big Shot,RichaadEB,Peddy,", 2021",Metal,7.28,6.29,0.99,10.589,1760,1769,758,544,458,280.98,5.214,17.870,8.619,10.369,13.251,12.217,4.912,1.245,0.363
C:\YARG\Charts\Carpal Tunnel Hero 3\[CTH3] 022. 22-Yard Punt\RichaadEB - The World Revolving (Deltarune) [Miscellany]\notes.chart,The World Revolving,RichaadEB,Miscellany,", 2018",Power Metal,7.34,6.46,0.89,10.824,1348,1348,585,251,512,202.11,5.285,20.490,8.156,10.438,14.487,13.195,5.162,0.927,0.416
C:\YARG\Charts\Carpal Tunnel Hero 3\[CTH3] 022. 22-Yard Punt\Silent Force - Death Comes in Disguise [Peddy]\notes.chart,Death Comes in Disguise,Silent Force,Peddy,", 2004",Power Metal,8.47,7.53,0.94,12.313,1487,1533,534,641,312,268.16,4.919,28.013,8.240,11.186,19.890,16.153,4.539,0.551,0.642
C:\YARG\Charts\Carpal Tunnel Hero 3\[CTH3] 022. 22-Yard Punt\The Helix Nebula - Sea of Suns [Eva]\notes.chart,Sea of Suns,The Helix Nebula,EvaCH,", 2014",Progressive Metal,7.32,6.26,1.06,10.545,1705,2095,981,585,139,333.12,5.241,16.383,8.033,10.286,13.970,12.552,4.642,1.152,0.750
C:\YARG\Charts\Carpal Tunnel Hero 3\[CTH3] 022. 22-Yard Punt\Wardrum - Let the Flames Grow [Spachi]\notes.chart,Let the Flames Grow,Wardrum,Spachi,", 2016",Progressive Power Metal,5.48,4.57,0.90,8.122,1234,1407,974,245,15,256.55,4.336,13.944,5.951,7.787,11.155,10.074,3.404,1.598,1.035
C:\YARG\Charts\Carpal Tunnel Hero 3\[CTH3] 023. Lunch Break\Dan James Griffin - Butterfly [XEntombmentX]\notes.chart,Butterfly,Dan James Griffin,XEntombmentX,", 2017",Math Rock,5.67,4.79,0.88,8.438,1121,1310,362,620,139,175.10,4.655,12.766,7.128,8.174,10.144,9.817,4.327,1.092,0.119
C:\YARG\Charts\Carpal Tunnel Hero 3\[CTH3] 023. Lunch Break\House of Waters - Juice [jdurandTV]\notes.chart,Juice,House of Waters,jdurandTV,,rock,9.00,7.98,1.03,12.911,1528,1919,1425,103,0,192.66,7.665,19.404,11.150,12.614,15.414,14.526,7.331,2.353,0.006
C:\YARG\Charts\Carpal Tunnel Hero 3\[CTH3] 023. Lunch Break\Joe Robinson - Chickin Lickin [Stickheadz32]\notes.chart,Chickin Lickin,Joe Robinson,Stickheadz32,", 2007",Bluegrass,9.98,9.26,0.72,14.625,775,840,157,618,0,85.95,8.629,22.355,12.010,14.151,18.373,17.087,8.602,0.580,0.085
C:\YARG\Charts\Carpal Tunnel Hero 3\[CTH3] 023. Lunch Break\John Coltrane - Countdown [iZenPenguin]\notes.chart,Countdown,John Coltrane,iZenPenguin,", 1960",Jazz,7.52,6.75,0.77,11.231,990,990,0,0,990,112.76,6.077,16.065,9.239,11.048,13.545,12.976,6.028,0.050,0.194
C:\YARG\Charts\Carpal Tunnel Hero 3\[CTH3] 023. Lunch Break\Lost Society - Samy Elbanna Vs. Arttu Lesonen [Miscellany]\notes.chart,Samy Elbana Vs. Arttu Lesonen,Lost Society,Miscellany,", 2016",Shred,10.18,9.06,1.11,14.363,2371,2391,245,1819,307,256.87,6.471,25.585,9.125,13.589,21.515,19.076,6.356,0.311,0.216
C:\YARG\Charts\Carpal Tunnel Hero 3\[CTH3] 023. Lunch Break\Majestic - Voodoo Treasure [Peddy]\notes.chart,Voodoo Treasure,Majestic,Peddy,", 2000",Neoclassical Metal,8.47,7.27,1.20,11.954,2618,2961,519,1258,841,374.48,5.312,24.809,8.425,10.926,18.185,15.560,4.941,0.544,0.403
C:\YARG\Charts\Carpal Tunnel Hero 3\[CTH3] 023. Lunch Break\Moron Police - The Phantom Below [TFG85]\notes.chart,The Phantom Below,Moron Police,TFG85,", 2019",Rock,7.09,6.11,0.98,10.344,1312,1715,691,213,408,240.68,4.666,19.198,7.172,9.326,15.825,13.858,4.290,1.141,0.398
"C:\YARG\Charts\Carpal Tunnel Hero 3\[CTH3] 023. Lunch Break\Oytun Ersan - Oh, That Butterfly! [jdurandTV]\notes.chart","Oh, That Butterfly",Oytun Ersan,jdurandTV,", 2018",Jazz Fusion,7.10,5.93,1.17,10.079,2751,2774,585,796,1370,479.15,4.511,19.121,7.259,9.374,14.724,12.870,4.403,0.576,0.276
C:\YARG\Charts\Carpal Tunnel Hero 3\[CTH3] 023. Lunch Break\Steve Vai - Fire Garden Suite [GHX]\notes.chart,Fire Garden Suite,Steve Vai,GHX,", 1996",Instrumental Rock,7.22,5.91,1.31,10.053,3629,3918,1516,1395,718,587.42,4.726,21.101,7.425,9.370,14.358,12.724,4.356,1.013,0.364
C:\YARG\Charts\Carpal Tunnel Hero 3\[CTH3] 024. Quarterback Shuffle\Country Bones - Outlaw Run (feat. Richard Fortus) [jdurandTV]\notes.chart,Outlaw Run (feat. Richard Fortus),Country Bones,jdurandTV,", 2014",Country / Rock,7.74,6.65,1.09,11.095,1856,2245,696,1097,63,284.12,5.824,21.735,8.453,10.335,15.657,13.826,5.696,0.997,0.282
C:\YARG\Charts\Carpal Tunnel Hero 3\[CTH3] 024. Quarterback Shuffle\Judas Priest - You've Got Another Thing Coming (Live) [Miscellany]\notes.chart,Somethin,Judas,,,rock,7.34,6.03,1.31,10.228,3396,3915,1851,1388,157,640.09,4.380,23.665,7.667,9.980,13.055,12.574,3.939,0.717,0.444
C:\YARG\Charts\Carpal Tunnel Hero 3\[CTH3] 024. Quarterback Shuffle\Louis Cole - Mean It [JoeyD]\notes.chart,Mean It,Louis Cole,JoeyD,", 2016",Synth Funk,6.89,5.91,0.98,10.058,1451,1715,456,196,799,246.05,4.396,15.048,7.818,10.044,12.600,11.620,3.975,1.223,0.087
C:\YARG\Charts\Carpal Tunnel Hero 3\[CTH3] 024. Quarterback Shuffle\Michael Lee Firkins - Runaway Train [Supahfast198]\notes.chart,,,,,rock,7.37,6.42,0.94,10.781,1259,1554,452,739,68,183.98,5.855,16.181,9.482,10.304,12.918,12.409,5.620,0.974,0.389
C:\YARG\Charts\Carpal Tunnel Hero 3\[CTH3] 024. Quarterback Shuffle\Milan Polak - Quicksilver [Peddy]\notes.chart,Quicksilver,Milan Polak,Peddy,", 2003",Shred,8.08,7.08,1.00,11.695,1756,1783,277,1005,474,215.88,6.163,16.175,9.601,11.557,14.067,13.435,6.044,0.498,0.227
C:\YARG\Charts\Carpal Tunnel Hero 3\[CTH3] 024. Quarterback Shuffle\OHMphrey - Ramona's Car Wash [ΩHM]\notes.chart,Ramona's Car Wash,OHMphrey,OHM,", 2012",Fusion,6.55,5.61,0.94,9.632,1441,1526,457,566,418,294.96,3.911,15.200,6.942,9.435,12.777,11.867,3.758,0.571,0.302
C:\YARG\Charts\Carpal Tunnel Hero 3\[CTH3] 024. Quarterback Shuffle\Persefone - Rage Stained Blade [iZenPenguin]\notes.chart,Rage Stained Blade,Persefone,iZenPenguin,", 2009",Melodic Death Metal,8.54,7.42,1.11,12.162,2196,2388,1007,1125,64,273.50,6.520,20.025,9.783,11.936,14.908,14.268,6.064,1.483,0.094
C:\YARG\Charts\Carpal Tunnel Hero 3\[CTH3] 024. Quarterback Shuffle\The Reverend Horton Heat - Livin' on the Edge (of Houston) [Stickheadz32]\notes.chart,Livin' on the Edge (of Houston),The Reverend Horton Heat,Stickheadz32,", 1993",Rockabilly,9.26,8.06,1.20,13.031,1563,2945,1269,294,0,171.41,7.016,18.050,9.873,13.261,15.282,15.333,6.802,1.832,0.110
C:\YARG\Charts\Carpal Tunnel Hero 3\[CTH3] 025. Scrimmage\Anthriel - Rhapsody of Fire [Peddy]\notes.chart,Rhapsody of Fire,Anthriel,Peddy,", 2017",Progressive Power Metal,7.08,5.89,1.19,10.028,2871,2914,509,1759,603,421.62,5.499,20.327,7.925,9.419,13.689,12.198,5.267,0.473,0.211
C:\YARG\Charts\Carpal Tunnel Hero 3\[CTH3] 025. Scrimmage\Chrono Diver -PENDULUMs- [Rek3dge]\notes.chart,Chrono Diver -PENDULUMs-,猫叉L.E.D.Master+,Rek3dge,", 2018",SDVX,11.89,11.10,0.80,17.002,984,1050,150,139,695,117.97,8.340,20.770,14.105,17.255,19.675,18.716,8.189,0.422,0.224
C:\YARG\Charts\Carpal Tunnel Hero 3\[CTH3] 025. Scrimmage\Evile - Hell Unleashed [Miscellany]\notes.chart,Hell Unleashed,Evile,Miscellany,", 2021",Thrash Metal,7.29,6.17,1.12,10.426,2103,2443,1761,235,107,206.27,5.756,22.235,8.500,9.440,14.476,13.025,5.207,2.520,0.290
"C:\YARG\Charts\Carpal Tunnel Hero 3\[CTH3] 025. Scrimmage\Glen Drover, Fredrik Åkesson - Don't Let the World Pass You By (Jean-Luc Ponty cover) [Peddy]\notes.chart",Don't Let the World Pass You By (Jean-Luc Ponty cover),"Glen Drover, Fredrik Åkesson ",Peddy,", 2011",Progressive Rock,6.86,5.75,1.10,9.835,2333,2340,443,1594,296,382.34,4.534,22.478,7.065,8.800,15.298,12.894,4.295,0.425,0.530
C:\YARG\Charts\Carpal Tunnel Hero 3\[CTH3] 025. Scrimmage\Megadeth - Last Rites - Loved To Deth [ΩHM]\notes.chart,Last Rites/Loved To Deth,Megadeth,OHM,", 1985",Thrash Metal,8.39,7.25,1.14,11.927,2204,2563,966,970,268,274.44,7.161,14.975,10.361,11.710,13.970,13.352,6.990,1.564,0.220
C:\YARG\Charts\Carpal Tunnel Hero 3\[CTH3] 025. Scrimmage\Nili Brosh - Adaptable Creatures [iZenPenguin]\notes.chart,Adaptable Creatures,Nili Brosh,iZenPenguin,", 2014",Shred,6.67,5.65,1.02,9.686,1880,1880,638,486,756,270.88,5.256,18.315,7.155,9.181,13.283,12.188,5.156,0.877,0.203
C:\YARG\Charts\Carpal Tunnel Hero 3\[CTH3] 025. Scrimmage\Sammy Boller - Illusions [ThundahK]\notes.chart,Illusions,Sammy Boller,ThundahK,", 2020",Progressive Metal,8.69,7.64,1.06,12.450,2073,2074,905,164,1004,210.32,7.059,18.990,8.790,12.663,15.662,14.942,7.037,0.674,0.032
C:\YARG\Charts\Carpal Tunnel Hero 3\[CTH3] 025. Scrimmage\Silex - Forevermore [Peddy]\notes.chart,Forevermore,Silex,Peddy,", 2017",Neoclassical Metal,9.32,8.35,0.96,13.417,1629,1637,317,1142,170,212.68,6.538,20.103,10.756,13.409,16.229,15.357,6.368,0.491,0.384
C:\YARG\Charts\Carpal Tunnel Hero 3\[CTH3] 025. Scrimmage\Van Halen - Sinner_s Swing! [NunoVH]\notes.chart,Sinner's Swing!,Van Halen,NunoVH,", 1981",rock,8.51,7.63,0.88,12.445,851,1309,495,121,235,184.74,5.383,17.184,9.880,12.478,15.002,14.301,4.958,1.250,0.880
C:\YARG\Charts\Carpal Tunnel Hero 3\[CTH3] 026. Penalty Point\Adrien Moignard _ Gonzalo Bergara - Djangos Tiger [Haggis]\notes.chart,Django's Tiger,Adrien Moignard & Gonzalo Bergara,Haggis,", 2013",Gypsy Jazz,8.79,7.84,0.96,12.723,1584,1612,272,1312,0,192.54,7.274,20.100,10.393,12.214,16.365,14.957,7.231,0.438,0.073
C:\YARG\Charts\Carpal Tunnel Hero 3\[CTH3] 026. Penalty Point\Extreme - Midnight Express [Angevil]\notes.chart,Midnight Express,Extreme,Angevil,", 1995",Acoustic,7.58,6.51,1.07,10.899,1614,2152,857,757,0,223.94,6.328,16.257,8.845,10.958,13.010,12.278,5.964,1.764,0.531
C:\YARG\Charts\Carpal Tunnel Hero 3\[CTH3] 026. Penalty Point\Jelonek - Vendome 1212 [BurpLeTurtle]\notes.chart,Vendome 1212,Jelonek,BurpLeTurtle,", 2007",Symphonic Metal,7.34,6.42,0.92,10.778,1447,1447,179,1268,0,167.96,5.983,16.825,9.345,9.625,15.000,13.050,5.837,0.443,0.168
C:\YARG\Charts\Carpal Tunnel Hero 3\[CTH3] 026. Penalty Point\Knower - What Did I Do To You [ΩHM]\notes.chart,What Did I Do To You (ft. John Escreet and Aya Toyoshima),Knower,OHM,", 2011",Indie Jazz,6.42,5.63,0.79,9.657,999,1035,271,162,566,157.81,4.678,15.678,8.001,9.513,11.565,11.097,4.236,0.851,0.383
"C:\YARG\Charts\Carpal Tunnel Hero 3\[CTH3] 026. Penalty Point\Matteo Mancuso Solo Medley [Haggis, Peddy, iZenPenguin, ΩHM, Stickheadz32]\notes.chart",Matteo Mancuso Solo Medley,Matteo Mancuso,"Haggis, Peddy, iZenPenguin, ΩHM, Stickheadz32",", 2021",Solo Medley,8.15,6.81,1.34,11.321,3962,4151,809,2769,384,606.74,5.402,20.295,8.845,10.975,14.628,13.539,5.227,0.359,0.386
C:\YARG\Charts\Carpal Tunnel Hero 3\[CTH3] 026. Penalty Point\Michael Romeo - Sevil Alucard [Peddy]\notes.chart,Sevil Alucard,Michael Romeo,Peddy,", 1994",Neoclassical Metal,7.59,6.42,1.17,10.779,2612,2757,625,940,1047,303.76,6.036,16.415,8.597,10.391,13.935,12.800,5.936,0.869,0.143
C:\YARG\Charts\Carpal Tunnel Hero 3\[CTH3] 027. Go Long!\Cacophony - Go Off! [Stickheadz32]\notes.chart,Go Off!,Cacophony,Stickheadz32,", 1989",Jazz Fusion,7.51,6.55,0.96,10.954,1599,1617,356,1208,35,221.30,5.577,19.710,8.960,10.425,14.184,13.021,5.447,0.462,0.321
C:\YARG\Charts\Carpal Tunnel Hero 3\[CTH3] 027. Go Long!\Jethro Tull - Locomotive Breath (Live) [Haggis]\notes.chart,Locomotive Breath (Live),Jethro Tull,Haggis,", 2007",Progressive Rock,6.12,5.07,1.05,8.849,1666,2048,483,158,1025,338.38,3.685,16.956,6.224,8.515,12.232,11.192,3.279,0.665,0.433
C:\YARG\Charts\Carpal Tunnel Hero 3\[CTH3] 027. Go Long!\John 5 - 27 Needles [ΩHM]\notes.chart,27 Needles,John 5,OHM,", 2007",Shred,7.99,6.78,1.20,11.278,2945,3005,1358,1484,103,361.47,6.559,17.825,9.232,10.952,14.389,13.015,6.381,1.378,0.198
C:\YARG\Charts\Carpal Tunnel Hero 3\[CTH3] 027. Go Long!\Kreator - From Flood Into Fire [Miscellany]\notes.chart,From Flood Into Fire,Kreator,Miscellany,,rock,7.67,6.64,1.03,11.081,1890,1935,1460,202,228,320.69,5.177,39.398,6.944,8.798,21.878,15.992,4.885,1.433,0.117
C:\YARG\Charts\Carpal Tunnel Hero 3\[CTH3] 027. Go Long!\Metallica - Motorbreath [Miscellany]\notes.chart,Motorbreath,Metallica,Miscellany,", 1983",Thrash Metal,9.08,8.05,1.04,13.006,1383,1979,898,485,0,178.15,7.372,22.824,10.584,12.809,15.851,15.056,6.756,2.760,0.221
C:\YARG\Charts\Carpal Tunnel Hero 3\[CTH3] 027. Go Long!\Shadow of Intent - From Ruin... We Rise [Miscellany]\notes.chart,From Ruin... We Rise,Shadow of Intent,Miscellany,", 2022",Deathcore,5.88,4.69,1.19,8.294,1639,2919,999,159,481,287.84,4.254,11.400,6.881,7.938,10.532,9.741,3.079,1.358,0.338
C:\YARG\Charts\Carpal Tunnel Hero 3\[CTH3] 027. Go Long!\Speedy West & Jimmy Bryant - China Boy [OrangeHat & jdurandTV]\notes.chart,China Boy,Jimmy Bryant,OrangeHat,,rock,7.84,6.65,1.20,11.091,2589,2952,731,1826,32,371.05,6.019,18.526,8.916,10.590,14.555,13.203,5.938,0.726,0.187
C:\YARG\Charts\Carpal Tunnel Hero 3\[CTH3] 028. Interception\Dance Gavin Dance - Lyrics Lie [Chezy]\notes.chart,Lyrics Lie,Dance Gavin Dance,Chezy,,rock,7.38,6.41,0.97,10.764,1595,1652,187,30,1378,220.80,5.737,14.088,8.213,11.105,12.708,12.213,5.621,0.454,0.159
"C:\YARG\Charts\Carpal Tunnel Hero 3\[CTH3] 028. Interception\HeXeN Solo Medley [ThundahK, Miscellany]\notes.chart",HeXeN Solo Medley,HeXeN,"ThundahK, Miscellany",,Thrash Metal,9.42,7.81,1.60,12.691,7758,7814,2404,3920,1434,792.56,6.634,22.235,10.004,12.230,16.531,15.168,6.470,0.893,0.206
C:\YARG\Charts\Carpal Tunnel Hero 3\[CTH3] 028. Interception\Kill the Noise - Black Magic (Kill the Noise Pt. 2) [Miscellany]\notes.chart,Black Magic (Kill the Noise Pt. 2),Kill the Noise,Miscellany,", 2012",EDM,7.58,6.66,0.92,11.113,1221,1453,564,286,371,234.16,5.420,20.308,8.201,10.630,14.708,14.040,4.640,0.905,1.051
C:\YARG\Charts\Carpal Tunnel Hero 3\[CTH3] 028. Interception\MABlands Chugs - Chug Dat Drink (feat. Michael Angelo Batio) [jdurandTV]\notes.chart,Chug Dat Drink (Badlands),MABlands Chugs,jdurandTV,,Hiphop Shred,5.62,4.88,0.74,8.573,848,908,208,394,246,151.38,4.203,16.430,6.661,8.157,11.320,10.529,4.119,0.395,0.146
C:\YARG\Charts\Carpal Tunnel Hero 3\[CTH3] 028. Interception\Mastodon - Capillarian Crest [Angevil]\notes.chart,Capillarian Crest,Mastodon,Angevil,", 2006",Sludge Metal,7.78,6.69,1.09,11.145,1988,2265,1284,704,0,259.22,6.401,13.635,9.835,10.915,13.012,12.365,5.968,1.399,0.226
C:\YARG\Charts\Carpal Tunnel Hero 3\[CTH3] 028. Interception\Panzerballett - The IKEA Trauma (ft. Mattias IA Eklundh) [Peddy]\notes.chart,The IKEA Trauma (ft. Mattias IA Enklundh),Panzerballett,Peddy,", 2012",IKEA Metal,6.58,5.65,0.93,9.686,1246,1498,593,531,122,243.77,4.894,14.998,7.157,9.794,12.055,11.417,4.607,0.680,0.912
C:\YARG\Charts\Carpal Tunnel Hero 3\[CTH3] 028. Interception\Sithu Aye - Solstice [ΩHM]\notes.chart,Solstice,Sithu Aye,OHM,", 2013",Djent,5.36,4.41,0.96,7.872,1559,1609,733,763,63,309.40,3.654,17.373,5.811,7.450,10.902,9.885,3.461,0.845,0.421
C:\YARG\Charts\Carpal Tunnel Hero 3\[CTH3] 029. End Zone\Ember Falls - The Lamb Lies Down in Sacrifice [Stickheadz32]\notes.chart,The Lamb Lies Down in Sacrifice,Ember Falls,Stickheadz32,", 2017",Melodic Death Metal,6.62,5.56,1.07,9.553,2021,2125,902,410,709,240.00,5.893,15.720,8.001,9.107,12.279,11.132,5.652,1.872,0.103
"C:\YARG\Charts\Carpal Tunnel Hero 3\[CTH3] 029. End Zone\Guthrie Govan - Rhode Island Shred (GotE) [OrangeHat, Chemfinal]\notes.chart",Rhode Island Shred,Guthrie Govan,"OrangeHat, Chemfinal",", 1993",KKona,11.59,10.70,0.88,16.496,1314,1327,73,995,246,121.46,8.894,27.275,12.317,15.535,24.418,19.920,8.880,0.179,0.080
C:\YARG\Charts\Carpal Tunnel Hero 3\[CTH3] 029. End Zone\Johnny Hiland - Call Me the Breeze (JJ Cale cover) [iZenPenguin]\notes.chart,Call Me the Breeze (JJ Cale cover),Johnny Hilland,iZenPenguin,", 2017",Southern Rock,8.98,7.94,1.04,12.858,1757,1986,829,663,265,294.90,6.424,22.830,10.109,12.466,16.309,15.452,6.229,1.086,0.561
C:\YARG\Charts\Carpal Tunnel Hero 3\[CTH3] 029. End Zone\Joscho Stephan - Blues For Tommy (feat. Tommy Emmanuel) [Haggis]\notes.chart,Blues For Tommy (feat. Tommy Emmanuel),Joscho Stephan,Haggis,", 2015",Gypsy Jazz,9.96,8.94,1.02,14.193,1728,1904,527,1177,24,192.92,8.135,21.361,11.713,13.843,17.398,16.476,8.025,0.969,0.087
C:\YARG\Charts\Carpal Tunnel Hero 3\[CTH3] 029. End Zone\Kadinja - Strive [Haggis]\notes.chart,Strive,Kadinja,Haggis,", 2019",Metalcore,7.29,6.34,0.96,10.657,1349,1613,776,291,282,193.17,6.563,14.839,9.199,10.444,12.497,12.040,6.379,1.703,0.282
C:\YARG\Charts\Carpal Tunnel Hero 3\[CTH3] 029. End Zone\Lorna Shore - To the Hellfire [Miscellany]\notes.chart,To the Hellfire,Lorna Shore,Miscellany,", 2021",Deathcore,5.93,4.70,1.23,8.302,2269,3205,1873,396,0,362.13,4.020,14.478,6.631,8.111,10.483,9.732,3.604,1.030,0.493
C:\YARG\Charts\Carpal Tunnel Hero 3\[CTH3] 029. End Zone\Marmalade butcher - Immortality Math Club [ThundahK]\notes.chart,Immortality Math Club,Marmalade Butcher,ThundahK,", 2014",Math Rock,6.02,5.08,0.95,8.860,1326,1564,804,227,295,211.14,4.727,11.949,7.230,8.763,10.776,10.161,4.433,1.245,0.332
C:\YARG\Charts\Carpal Tunnel Hero 3\[CTH3] 030. Blitz\Arturo Sandoval - Things to Come [jdurandTV]\notes.chart,,,,,rock,7.18,5.93,1.24,10.088,3287,3305,0,2,3285,425.47,5.333,14.985,8.276,9.894,12.359,11.654,5.289,0.089,0.112
C:\YARG\Charts\Carpal Tunnel Hero 3\[CTH3] 030. Blitz\Bradley Hall - 15 Original Solos [Peddy]\notes.chart,15 Original Solos,Bradley Hall,Peddy,", 2019",Solo Medley,7.74,6.43,1.32,10.783,3936,3960,901,2918,117,610.16,4.812,19.420,7.985,10.300,14.858,13.329,4.680,0.428,0.369
C:\YARG\Charts\Carpal Tunnel Hero 3\[CTH3] 030. Blitz\Dizzy Gillespie - Be Bop (Dizzy's Fingers) [Haggis]\notes.chart,Be Bop (Dizzy's Fingers),Dizzy Gillespie,Haggis,", 1975",Bebop,7.87,6.86,1.01,11.383,1828,1854,280,379,1169,260.77,5.388,19.868,8.846,10.897,14.907,13.883,5.331,0.337,0.143
C:\YARG\Charts\Carpal Tunnel Hero 3\[CTH3] 030. Blitz\Jason Becker - Temple of the Absurd [Chemfinal]\notes.chart,,,,,rock,6.44,5.43,1.01,9.374,1798,1828,800,982,16,275.31,4.804,15.650,7.049,8.975,12.692,11.517,4.645,0.938,0.266
C:\YARG\Charts\Carpal Tunnel Hero 3\[CTH3] 030. Blitz\Luna Sea - Slave [jdurandTV]\notes.chart,Slave,Luna Sea,jdurandTV,", 1997",rock,5.89,4.80,1.09,8.458,1334,2245,935,371,28,206.07,4.760,12.140,6.773,8.686,9.685,9.440,4.339,1.942,0.249
C:\YARG\Charts\Carpal Tunnel Hero 3\[CTH3] 031. New York Giants\Count Basie - The Kid From Red Bank [Haggis]\notes.chart,The Kid From Red Bank,Count Basie,Haggis,", 1958",Big Band,5.76,4.91,0.85,8.617,884,1216,0,0,884,152.39,4.043,12.330,6.818,8.325,11.498,10.082,3.751,0.140,0.403
C:\YARG\Charts\Carpal Tunnel Hero 3\[CTH3] 031. New York Giants\Extreme - Mutha (Don't Wanna Go To School Today) [ΩHM]\notes.chart,Mutha (Don't Wanna Go To School Today),Extreme,OHM,", 1989",Hard Rock,8.10,7.02,1.08,11.606,1907,2222,610,873,424,277.12,6.057,18.331,9.425,11.247,14.870,13.511,5.884,0.797,0.333
C:\YARG\Charts\Carpal Tunnel Hero 3\[CTH3] 031. New York Giants\Infectious Grooves - Violent & Funky [Peddy]\notes.chart,Violent & Funky,Infectious Grooves,Peddy,", 1994",Funk Metal,6.81,5.63,1.18,9.664,2761,2800,1253,1508,0,253.59,5.847,12.361,8.879,9.666,10.339,10.303,5.273,2.387,0.027
C:\YARG\Charts\Carpal Tunnel Hero 3\[CTH3] 031. New York Giants\Joe Satriani - Big Bad Moon [Angevil]\notes.chart,Big Bad Moon,Joe Satriani,Angevil,", 1989",Blues Rock,8.40,7.39,1.01,12.121,1483,1832,711,432,340,310.82,5.216,24.998,8.527,11.282,17.868,15.628,4.791,1.174,0.847
C:\YARG\Charts\Carpal Tunnel Hero 3\[CTH3] 031. New York Giants\Novos Baianos - Um Bilhete para Didi [iZenPenguin]\notes.chart,Um Bilhete para Didi,Novos Baianos,iZenPenguin,", 1972",Samba,6.46,5.54,0.92,9.530,1415,1473,1136,273,6,171.95,5.830,17.003,7.536,8.644,13.914,11.823,5.254,2.988,0.070
C:\YARG\Charts\Carpal Tunnel Hero 3\[CTH3] 031. New York Giants\The Forrest Gump Mile High Marathon - Stupid Is As Stupid Does [Stickheadz32]\notes.chart,Stupid Is As Stupid Does,The Forrest Gump Mile High Marathon,Stickheadz32,", 2010",Gumpcore Deathgroove Shrimpslam,7.86,7.05,0.81,11.652,544,1078,529,0,15,136.19,5.455,14.051,9.571,12.167,12.696,12.572,5.176,1.468,0.778
C:\YARG\Charts\Carpal Tunnel Hero 3\[CTH3] 031. New York Giants\Trivium - The Phalanx [Miscellany]\notes.chart,The Phalanx,Trivium,Miscellany,", 2021",Metalcore,6.59,5.42,1.17,9.358,2052,2740,1323,724,5,426.64,4.144,20.479,6.546,8.172,15.603,12.419,3.577,0.906,0.647
C:\YARG\Charts\Carpal Tunnel Hero 3\[CTH3] 032. New England Patriots\Hibria - Deadly Vengeance [Peddy]\notes.chart,Deadly Vengeance,Hibria,Peddy,", 2013",Power Metal,7.83,6.78,1.05,11.281,1605,2040,982,400,223,298.62,5.525,20.006,8.775,10.930,14.959,13.363,5.086,1.244,0.682
C:\YARG\Charts\Carpal Tunnel Hero 3\[CTH3] 032. New England Patriots\I Am Abomination - Let the Medley Tell the Truth [Chezy]\notes.chart,Let the Medley Tell the Truth,I Am Abomination,Chezy,,rock,7.44,6.48,0.97,10.852,1626,1664,483,622,521,203.59,6.228,15.515,8.813,10.620,13.545,12.579,6.133,0.823,0.204
C:\YARG\Charts\Carpal Tunnel Hero 3\[CTH3] 032. New England Patriots\Kadinja - Glhf (feat. Rick Graham) [XEntombmentX]\notes.chart,Glhf (feat. Rick Graham),Kadinja,XEntombmentX,", 2017",Progressive Metalcore,6.52,5.45,1.07,9.407,1737,2133,1163,511,63,273.67,4.905,18.668,7.260,9.017,12.423,11.460,4.077,1.838,0.329
C:\YARG\Charts\Carpal Tunnel Hero 3\[CTH3] 032. New England Patriots\Leftover Salmon - Bill's Boogie (Live) [iZenPenguin]\notes.chart,Bill's Boogie,Leftover Salmon,iZenPenguin,", 2002",Southern Rock,9.82,8.67,1.16,13.840,2069,2658,732,267,1070,296.24,6.586,25.605,9.572,12.825,20.313,18.225,6.396,1.331,0.282
C:\YARG\Charts\Carpal Tunnel Hero 3\[CTH3] 032. New England Patriots\Marmalade butcher - Fukasetsu Fukasetsuten Fukanou Sekai [ThundahK]\notes.chart,Fukasetsu Fukasetsuten Fukanou Sekai,Marmalade Butcher,ThundahK,", 2014",Math Rock,7.05,6.01,1.04,10.204,1745,1979,754,527,464,241.90,5.403,13.708,8.642,9.998,12.288,11.581,4.757,1.255,0.198
C:\YARG\Charts\Carpal Tunnel Hero 3\[CTH3] 032. New England Patriots\Sergey Golovin - Horizon Runner [Revelsa]\notes.chart,Horizon Runner,Sergey Golovin,Revelsa,", 2019",Progressive Rock,9.38,8.36,1.01,13.430,1798,1869,874,624,300,288.25,5.944,19.570,8.899,13.906,17.076,16.200,5.769,0.930,0.259
C:\YARG\Charts\Carpal Tunnel Hero 3\[CTH3] 032. New England Patriots\zabutom - Blast off into Space [3-UP]\notes.chart,Blast off into Space,zabutom,3-UP,", 2011",Chiptune,7.54,6.83,0.72,11.340,842,842,23,521,298,108.16,6.764,22.560,8.800,10.481,16.133,14.048,6.754,0.116,0.043
C:\YARG\Charts\Carpal Tunnel Hero 3\[CTH3] 033. Philadelphia Eagles\Alex Argento - Flashlights [gaebpls]\notes.chart,Flashlights,Alex Argento,gaebpls,", 2021",Prog Rock,7.01,5.97,1.04,10.143,1973,1973,404,1116,453,282.10,5.716,17.793,8.307,9.615,13.115,12.140,5.645,0.588,0.285
C:\YARG\Charts\Carpal Tunnel Hero 3\[CTH3] 033. Philadelphia Eagles\Exodus - Class Dismissed (A Hate Primer) [torqqes]\notes.chart,Class Dismissed (A Hate Primer),Exodus,torqqes,", 2010",Thrash Metal,9.22,7.94,1.28,12.859,2900,3612,1936,880,84,430.46,7.879,17.031,11.127,12.825,14.758,14.152,7.712,1.875,0.334
C:\YARG\Charts\Carpal Tunnel Hero 3\[CTH3] 033. Philadelphia Eagles\Gioachino Rossini - William Tell Overture Finale [Haggis]\notes.chart,William Tell Overture: Finale,Gioachino Rossini,Haggis,", 1992",Classical,6.70,5.76,0.94,9.839,1519,1561,858,543,118,177.69,5.771,14.557,8.199,9.925,11.100,11.066,5.146,1.871,0.148
C:\YARG\Charts\Carpal Tunnel Hero 3\[CTH3] 033. Philadelphia Eagles\Jeff Loomis - Escape Velocity [Revelsa]\notes.chart,Escape Velocity,Jeff Loomis,Revelsa,", 2012",Progressive Metal,8.82,7.74,1.08,12.593,2223,2225,993,1068,162,266.79,5.775,22.690,9.370,12.385,16.563,15.101,5.491,1.208,0.220
C:\YARG\Charts\Carpal Tunnel Hero 3\[CTH3] 033. Philadelphia Eagles\Kiko Loureiro - Imminent Threat (feat. Marty Friedman)\notes.chart,,,,,rock,7.03,5.98,1.06,10.152,1988,2074,872,1084,32,305.99,4.726,15.465,7.740,10.037,12.962,12.022,4.356,1.179,0.344
C:\YARG\Charts\Carpal Tunnel Hero 3\[CTH3] 033. Philadelphia Eagles\Kiuas - Warrior Soul [jdurandTV]\notes.chart,Warrior Soul,Kiuas,jdurandTV,", 2016",Folk Power Metal,6.52,5.38,1.14,9.303,2242,2541,1656,330,256,341.80,4.869,17.000,6.856,9.098,12.597,11.177,4.315,1.662,0.506
C:\YARG\Charts\Carpal Tunnel Hero 3\[CTH3] 034. Chicago Bears\Benny Jansson - Happy Fingers [iZenPenguin]\notes.chart,Happy Fingers,Benny Jansson,iZenPenguin,", 2003",Jazz Fusion,8.16,7.31,0.85,12.005,1205,1208,133,633,439,168.06,5.479,17.051,9.667,11.966,14.433,13.800,5.371,0.218,0.348
C:\YARG\Charts\Carpal Tunnel Hero 3\[CTH3] 034. Chicago Bears\Jeremy Barnes - Zee Man [jdurandTV]\notes.chart,Zee Man,Jeremy Barnes,jdurandTV,", 2004",Shred Fusion,10.87,9.76,1.10,15.277,2258,2345,276,1462,520,275.87,7.100,26.610,9.619,13.820,23.718,21.409,7.081,0.311,0.088
C:\YARG\Charts\Carpal Tunnel Hero 3\[CTH3] 034. Chicago Bears\John McLaughlin Solo Medley 2 [ΩHM]\notes.chart,"Shakti, Mahavishnu, essentially John McLaughlin Solo Medley",John McLaughlin,OHM,", 2017",Fusion,8.80,7.16,1.64,11.798,8357,8603,2197,3186,2974,1209.83,5.363,20.038,9.062,11.501,15.352,14.112,5.188,0.698,0.211
C:\YARG\Charts\Carpal Tunnel Hero 3\[CTH3] 034. Chicago Bears\Liquid Trio Experiment 2 - The Chicago Blues & Noodle Factory [ΩHM]\notes.chart,The Chicago Blues & Noodle Factory,Liquid Trio Experiment 2,OHM,", 2009",Blues,8.51,7.31,1.20,12.000,2929,2979,937,1868,124,408.04,5.405,21.245,8.695,10.972,18.570,15.161,5.120,0.834,0.359
C:\YARG\Charts\Carpal Tunnel Hero 3\[CTH3] 034. Chicago Bears\Moon Tooth - Queen Wolf [ThundahK]\notes.chart,Queen Wolf,Moon Tooth,ThundahK,", 2016",Progressive Metal,7.08,6.02,1.06,10.210,1950,2092,1298,652,0,291.67,5.723,16.465,8.101,9.759,13.390,12.271,5.428,1.036,0.408
C:\YARG\Charts\Carpal Tunnel Hero 3\[CTH3] 034. Chicago Bears\Serpentine Dominion - Jagged Cross Legions [Peddy]\notes.chart,Jagged Cross Legions,Serpentine Dominion,Peddy,", 2016",Deathcore,6.93,5.94,0.99,10.103,1623,1743,1331,251,41,204.32,5.408,16.001,8.208,9.820,12.737,11.791,4.929,2.008,0.186
C:\YARG\Charts\Carpal Tunnel Hero 3\[CTH3] 034. Chicago Bears\The Black Dahlia Murder - On Stirring Seas of Salted Blood [Philanthrope]\notes.chart,On Stirring Seas of Salted Blood,The Black Dahlia Murder,Philanthrope,", 2011",Melodic Death Metal,4.64,3.38,1.27,6.308,2691,3499,2360,236,95,273.25,3.287,11.511,4.298,5.795,9.518,8.367,2.543,1.901,0.066
C:\YARG\Charts\Carpal Tunnel Hero 3\[CTH3] 035. Seattle Seahawks\Alex Masi - Asparagus Piss [Stickheadz32]\notes.chart,Asparagus Piss,Alex Masi,Stickheadz32,", 2006",Jizz Fusion,7.69,6.81,0.87,11.324,1281,1289,346,458,477,183.83,5.356,17.555,8.824,10.999,14.563,13.562,5.128,0.704,0.388
C:\YARG\Charts\Carpal Tunnel Hero 3\[CTH3] 035. Seattle Seahawks\Charlie Parker Quartet - Confirmation [Haggis]\notes.chart,Confirmation,Charlie Parker Quartet,Haggis,", 1945",Jazz,5.14,4.37,0.77,7.821,978,980,42,1,935,172.81,4.126,12.598,6.264,7.524,10.088,9.300,4.103,0.100,0.081
C:\YARG\Charts\Carpal Tunnel Hero 3\[CTH3] 035. Seattle Seahawks\dam'nco - French Kiss [XEntombmentX]\notes.chart,French Kiss,Dam'nco,XEntombmentX,", 2016",Jazz Fusion,6.08,4.85,1.23,8.523,3065,3204,288,234,2543,607.45,3.439,16.209,5.538,8.168,12.657,10.988,3.247,0.321,0.331
C:\YARG\Charts\Carpal Tunnel Hero 3\[CTH3] 035. Seattle Seahawks\Leo Brouwer (Gerasimos Selindis) - Danza del Altiplano [Philanthrope]\notes.chart,Danza del Altiplano,Leo Brouwer (Gerasimos Selindis),Philanthrope,", 1962",Contemporary Music,9.07,8.22,0.85,13.243,932,1201,557,356,19,208.46,5.458,26.767,8.980,11.494,21.195,18.532,4.802,1.107,0.803
C:\YARG\Charts\Carpal Tunnel Hero 3\[CTH3] 035. Seattle Seahawks\Moray Pringle - 80-20 [DaiJyoubs]\notes.chart,80/20,Moray Pringle,DaiJyoubs,", 2021",Instrumental Rock,7.62,6.61,1.01,11.040,1773,1856,406,1349,18,229.61,6.297,18.485,8.522,10.425,15.072,13.558,6.259,0.627,0.207
C:\YARG\Charts\Carpal Tunnel Hero 3\[CTH3] 035. Seattle Seahawks\Slipknot - Welcome [Miscellany]\notes.chart,Welcome,Slipknot,Miscellany,", 2004",Nu Metal,6.62,5.66,0.96,9.706,1203,1621,861,329,13,193.48,5.842,15.848,8.169,9.390,12.381,11.005,5.543,2.140,0.238
C:\YARG\Charts\Carpal Tunnel Hero 3\[CTH3] 035. Seattle Seahawks\The Outlaws - Green Grass & High Tides (Live) [GHX]\notes.chart,Green Grass & High Tides (Live),The Outlaws,GHX,", 1976",Southern Rock,7.78,6.27,1.51,10.559,5453,6290,2907,2546,0,836.62,5.185,18.511,7.948,10.010,14.413,13.133,4.951,1.307,0.225
C:\YARG\Charts\Carpal Tunnel Hero 3\[CTH3] 036. San Francisco 49ers\Django Reinhardt - Tiger Rag [ΩHM]\notes.chart,Tiger Rag,Django Reinhardt,OHM,", 1934",Jazz,7.67,6.79,0.88,11.287,1246,1316,438,807,1,172.86,5.528,17.780,8.697,11.010,14.611,13.485,5.353,1.017,0.173
C:\YARG\Charts\Carpal Tunnel Hero 3\[CTH3] 036. San Francisco 49ers\Dusty Kid - Innu [ΩHM]\notes.chart,Innu,Dusty Kid,OHM,", 2015",Folk EDM,8.08,6.97,1.11,11.539,2357,2357,1091,7,1259,268.70,4.645,15.750,9.594,11.552,13.512,12.953,4.230,0.724,0.118
C:\YARG\Charts\Carpal Tunnel Hero 3\[CTH3] 036. San Francisco 49ers\Eidola - Mutual Fear (feat. Jon Mess) [Chezy]\notes.chart,Mutual Fear,Eidola,Chezy,,rock,6.42,5.53,0.89,9.517,968,1338,897,71,0,218.00,4.258,12.033,7.139,9.496,11.996,11.298,3.884,1.362,0.650
C:\YARG\Charts\Carpal Tunnel Hero 3\[CTH3] 036. San Francisco 49ers\GaMetal - The Long Distance of Murder (F-Zero X) [Peddy]\notes.chart,The Long Distance of Murder,GaMetal,Peddy,", 2021",Metal,7.30,6.40,0.90,10.753,1350,1388,602,650,98,191.60,5.651,16.034,8.510,10.765,13.192,12.311,5.303,0.937,0.439
"C:\YARG\Charts\Carpal Tunnel Hero 3\[CTH3] 036. San Francisco 49ers\Imperial Circus Dead Decadence - Zankoku-sa wa Sono Nakigara wo Neburazaru [Miscellany, DaiJyoubs]\notes.chart",Zankoku-sa wa Sono Nakigara wo Neburazaru,Imperial Circus Dead Decadence,,,rock,6.35,5.30,1.05,9.184,1724,2065,1385,190,149,254.36,4.568,19.499,7.275,8.807,11.899,11.060,4.096,1.598,0.283
C:\YARG\Charts\Carpal Tunnel Hero 3\[CTH3] 036. San Francisco 49ers\Rodrigo y Gabriela Solo Medley [Yenlow73 & Angevil]\notes.chart,Rodrigo y Gabriela Solo Medley,Rodrigo y Gabriela,"Yenlow73, Angevil",", 2019",Flamenco,8.02,6.65,1.37,11.093,4204,4523,1315,2570,319,596.66,5.324,21.721,8.086,10.520,15.466,13.958,5.070,0.779,0.272
C:\YARG\Charts\Carpal Tunnel Hero 3\[CTH3] 037. Miami Dolphins\Azure - Ameotoko II - Cloudburst [Miscellany]\notes.chart,Ameotoko II - Cloudburst,Azure,Miscellany,", 2021",Progressive Metal,7.80,6.65,1.15,11.095,2312,2646,1483,593,236,427.51,4.764,21.281,7.776,10.590,15.785,14.033,4.186,1.194,0.907
C:\YARG\Charts\Carpal Tunnel Hero 3\[CTH3] 037. Miami Dolphins\M2U - Nemesis [Supradyke]\notes.chart,Nemesis,M2U,Supradyke,", 2015",EDM,7.12,6.42,0.70,10.773,789,811,0,0,789,102.80,6.217,13.343,8.568,10.913,13.028,12.087,6.055,0.009,0.211
C:\YARG\Charts\Carpal Tunnel Hero 3\[CTH3] 037. Miami Dolphins\Mike Stern - Chromazone [JoeyD]\notes.chart,Chromazone,Mike Stern,JoeyD,", 1988",Jazz Fusion,5.83,4.82,1.01,8.485,1816,1834,303,519,994,347.72,3.665,16.223,6.065,8.152,11.792,10.605,3.491,0.298,0.329
C:\YARG\Charts\Carpal Tunnel Hero 3\[CTH3] 037. Miami Dolphins\Paul Gilbert - Werewolves of Portland [xX760Xx]\notes.chart,Werewolves of Portland,Paul Gilbert,xX760Xx,", 2021",rock,7.19,6.13,1.06,10.361,1936,2121,1084,809,43,343.79,5.090,17.819,7.562,9.879,14.148,13.052,4.813,1.028,0.396
C:\YARG\Charts\Carpal Tunnel Hero 3\[CTH3] 037. Miami Dolphins\Seda - Super Coaster [ΩHM]\notes.chart,Super Coaster,Seda,OHM,", 2020",Fusion,7.26,6.46,0.80,10.828,1019,1057,235,362,422,153.88,5.450,18.477,8.423,10.488,14.150,12.938,5.311,0.542,0.449
C:\YARG\Charts\Carpal Tunnel Hero 3\[CTH3] 038. Detroit Lions\Borislav Mitic - Fighter of Glory [Peddy]\notes.chart,Fighter of Glory,Borislav Mitic,Peddy,", 2009",Neoclassical Metal,9.03,7.94,1.09,12.866,2154,2273,480,1107,567,274.20,6.305,21.735,9.433,12.350,17.431,16.035,6.176,0.677,0.228
C:\YARG\Charts\Carpal Tunnel Hero 3\[CTH3] 038. Detroit Lions\Drumcorps - Hell Yeahhhh [ThundahK]\notes.chart,Hell Yeahhhh,Drumcorps,ThundahK,", 2021",Breakcore,5.36,4.55,0.81,8.092,853,1077,596,17,240,128.53,4.259,13.646,5.980,7.466,12.091,10.145,3.319,2.227,0.244
C:\YARG\Charts\Carpal Tunnel Hero 3\[CTH3] 038. Detroit Lions\Eternity's End - Into Timeless Realms [Miscellany]\notes.chart,Into Timeless Realms,Enternity's End,Miscellany,", 2019",Power Metal,7.88,6.74,1.14,11.226,2386,2551,1726,466,194,267.81,5.601,22.260,8.345,10.996,14.474,13.720,5.216,1.694,0.367
C:\YARG\Charts\Carpal Tunnel Hero 3\[CTH3] 038. Detroit Lions\James Norbert Ivanyi - The Fusion Jinx [Eva]\notes.chart,The Fusion Jinx,James Norbert Ivanyi,EvaCH,", 2020",Jazz Fusion,7.32,6.45,0.87,10.817,1188,1290,222,614,352,193.04,5.071,19.220,8.021,10.626,14.172,13.065,4.907,0.338,0.520
"C:\YARG\Charts\Carpal Tunnel Hero 3\[CTH3] 038. Detroit Lions\National Suicide - Anotheround Solo Medley [OrangeHat, Miscellany, jdurandTV]\notes.chart",Anotheround Solo Medley,National Suicide,OrangeHat and Co.,", 2016",Trash Metal,10.60,9.20,1.40,14.548,4788,4821,860,2926,1002,528.51,6.848,35.159,10.450,13.051,22.994,18.818,6.666,0.495,0.322
C:\YARG\Charts\Carpal Tunnel Hero 3\[CTH3] 038. Detroit Lions\Trivium - To the Rats [Miscellany]\notes.chart,To the Rats,Trivium,Miscellany,", 2006",Thrash Metal,8.06,7.03,1.02,11.628,1546,1904,1208,171,167,219.83,6.509,20.793,9.420,11.108,15.162,13.793,5.571,2.437,0.734
C:\YARG\Charts\Carpal Tunnel Hero 3\[CTH3] 038. Detroit Lions\Turbid North - The Hunter [jdurandTV]\notes.chart,The Hunter,Turbid North,jdurandTV,", 2010",Melodic Death Metal,5.93,4.75,1.18,8.385,2213,2798,1916,297,0,493.26,3.490,18.052,5.819,8.105,11.677,10.577,2.888,1.127,0.722
C:\YARG\Charts\Carpal Tunnel Hero 3\[CTH3] 038. Detroit Lions\Wuthering Heights - Bad Hobbits Die Hard [xX760Xx]\notes.chart,Bad Hobbits Die Hard,Wuthering Heights,xX760Xx,,rock,10.14,9.16,0.98,14.486,1715,1716,845,403,467,192.68,6.007,20.360,10.052,14.913,18.126,17.250,5.647,1.475,0.194
C:\YARG\Charts\Carpal Tunnel Hero 3\[CTH3] 039. Tennessee Titans\Brent Mason - Hot Wired [Haggis]\notes.chart,Hot Wired,Brent Mason,Haggis,", 1997",Country,11.27,10.23,1.03,15.890,1610,1967,414,987,209,185.88,9.343,21.020,13.589,15.738,18.339,17.882,9.308,1.029,0.145
C:\YARG\Charts\Carpal Tunnel Hero 3\[CTH3] 039. Tennessee Titans\Cole Rolland - Time You Left Behind [Miscellany]\notes.chart,Time You Left Behind,Cole Rolland,Miscellany,", 2012",Metal,7.81,6.77,1.04,11.261,1812,2004,753,747,312,261.00,5.769,17.535,8.583,11.011,14.649,13.476,5.542,1.112,0.240
C:\YARG\Charts\Carpal Tunnel Hero 3\[CTH3] 039. Tennessee Titans\Hoshina Anniversary - Technodildo [OrangeHat]\notes.chart,Technodildo,Hoshina Anniversary,OrangeHat,", 2010",Techno,11.87,10.78,1.09,16.595,2243,2243,613,275,1355,251.08,7.664,24.480,12.339,16.354,21.321,20.092,7.559,1.167,0.000
C:\YARG\Charts\Carpal Tunnel Hero 3\[CTH3] 039. Tennessee Titans\Lost Symphony - Conflagration [Miscellany]\notes.chart,Conflagration,Lost Symphony,Miscellany,", 2020",Heavy Metal,7.45,6.47,0.98,10.843,1704,1711,628,928,148,273.89,5.032,17.700,8.385,10.734,13.513,12.827,4.819,0.760,0.507
C:\YARG\Charts\Carpal Tunnel Hero 3\[CTH3] 039. Tennessee Titans\Rusty Cooley - Hillbilly Militia [iZenPenguin]\notes.chart,Hillbilly Militia,Rusty Cooley,iZenPenguin,", 2003",Shred,8.32,7.23,1.09,11.894,2240,2258,308,1515,417,244.60,6.917,18.936,9.637,11.325,16.245,13.817,6.856,0.485,0.120
C:\YARG\Charts\Carpal Tunnel Hero 3\[CTH3] 039. Tennessee Titans\Sepultura - Slaves of Pain [ThundahK]\notes.chart,Slaves of Pain,Sepultura,ThundahK,", 1989",Thrash Metal,8.17,7.07,1.11,11.671,2064,2361,1835,104,125,240.83,6.013,17.601,9.422,11.169,15.143,13.876,5.485,2.006,0.167
C:\YARG\Charts\Carpal Tunnel Hero 3\[CTH3] 039. Tennessee Titans\Twiddle - Every Soul [jdurandTV]\notes.chart,Every Soul,Twiddle,jdurandTV,,rock,6.89,5.74,1.15,9.819,2372,2632,251,52,2069,347.98,4.594,16.673,6.863,9.687,13.174,12.136,4.477,0.684,0.138
C:\YARG\Charts\Carpal Tunnel Hero 3\[CTH3] 039. Tennessee Titans\Vinnie Moore - Slam [iZenPenguin]\notes.chart,Slam,Vinnie Moore,iZenPenguin,", 2015",Rock,6.95,5.96,0.99,10.131,1670,1751,459,1165,46,272.66,5.180,18.920,7.952,9.721,13.360,12.160,5.068,0.584,0.310
C:\YARG\Charts\Carpal Tunnel Hero 3\[CTH3] 040. Beyond the End Goal\Byonoisegenerator - 4°Flutterflux [Miscellany]\notes.chart,,,,,rock,8.02,7.32,0.70,12.021,526,798,327,42,157,98.84,5.982,15.446,10.499,11.869,13.904,13.321,5.865,1.439,0.106
C:\YARG\Charts\Carpal Tunnel Hero 3\[CTH3] 040. Beyond the End Goal\Gojira - 04 [ΩHM]\notes.chart,04,Gojira,OHM,", 2000",Death Metal,5.75,5.01,0.74,8.765,904,905,17,14,873,128.77,4.532,9.878,6.998,9.113,9.877,9.635,4.352,0.025,0.282
C:\YARG\Charts\Carpal Tunnel Hero 3\[CTH3] 040. Beyond the End Goal\J.S. Bach - Partita for Violin Solo No. 1 in B Minor 4. Double (Presto) [Haggis]\notes.chart,"Partita for Violin Solo No. 1 in B Minor, BWV 1002 : 4. Double. Presto",J.S. Bach,Haggis,", 2018",Classical,11.55,10.52,1.02,16.266,1910,1910,1870,40,0,202.73,10.582,22.388,13.677,16.077,19.470,18.324,10.556,1.542,0.017
C:\YARG\Charts\Carpal Tunnel Hero 3\[CTH3] 040. Beyond the End Goal\Jarvis9999 - The Great Beyond [Jarvis9999]\notes.chart,The Great Beyond,Jarvis9999,Jarvis9999,", 2021",Ambient Electronic,8.16,7.17,0.99,11.809,1765,1765,622,251,892,265.88,6.136,19.853,9.591,10.932,15.991,14.464,6.053,0.885,0.173
C:\YARG\Charts\Carpal Tunnel Hero 3\[CTH3] 040. Beyond the End Goal\Racer X Solo Medley [CTH3 Team]\notes.chart,Racer X Solo Medley,Racer X,,,rock,9.68,8.11,1.57,13.096,7088,7155,1108,4868,1112,721.92,7.059,20.490,10.625,12.860,16.217,15.156,6.931,0.397,0.230
C:\YARG\Charts\Carpal Tunnel Hero 3\[CTH3] 040. Beyond the End Goal\Shadow of Intent - Intensified Genocide [Miscellany]\notes.chart,Intensified Genocide,Shadow of Intent,Miscellany,", 2021",Deathcore,8.68,7.62,1.06,12.427,1626,2101,1220,406,0,236.14,6.368,21.630,10.793,12.024,14.941,14.120,6.056,1.690,0.174
C:\YARG\Charts\Carpal Tunnel Hero 3\[CTH3] 040. Beyond the End Goal\Stephen Ross - 9 to 5 [iZenPenguin]\notes.chart,9 to 5,Stephen Ross,iZenPenguin,", 1991",Shred,9.33,8.40,0.93,13.476,1490,1514,454,704,332,183.33,6.813,19.920,10.849,13.150,16.901,15.783,6.731,0.794,0.147
C:\YARG\Charts\Carpal Tunnel Hero 3\[CTH3] 040. Beyond the End Goal\Unlucky Morpheus - Mouryou no Misshitsu [Spachi]\notes.chart,Mouryou no Misshitsu,Unlucky Morpheus,Spachi,", 2019",Power Metal,5.51,4.45,1.05,7.945,1829,2059,744,941,144,264.75,4.932,13.315,6.863,7.670,9.703,9.035,4.583,1.097,0.661
C:\YARG\Charts\Carpal Tunnel Hero 3\[CTH3] 041. Taking Home the Gold\Fleshgod Apocalypse - No [Miscellany]\notes.chart,No,Fleshgod Apocalypse,Miscellany,,rock,6.21,5.10,1.11,8.889,2280,2368,1806,469,5,239.00,4.577,15.860,6.975,8.625,11.370,10.635,3.654,2.006,0.319
C:\YARG\Charts\Carpal Tunnel Hero 3\[CTH3] 041. Taking Home the Gold\Meshuggah - Nostrum [ΩHM]\notes.chart,Nostrum,Meshuggah,OHM,", 2016",Djent,8.46,7.48,0.98,12.242,1607,1696,952,271,384,280.80,4.712,18.630,7.961,12.465,16.223,15.100,4.023,1.459,0.684
C:\YARG\Charts\Carpal Tunnel Hero 3\[CTH3] 041. Taking Home the Gold\MIDInco - Etude [Mintorment]\notes.chart,,,,,rock,8.05,7.20,0.84,11.861,1022,1190,17,13,992,132.00,5.754,18.221,8.820,11.559,15.829,14.359,5.729,0.077,0.037
C:\YARG\Charts\Carpal Tunnel Hero 3\[CTH3] 041. Taking Home the Gold\NIWASHI - Playing with Ruby [Paturages]\notes.chart,,,,,rock,6.98,5.89,1.09,10.035,1942,2243,0,0,1942,251.92,5.065,23.711,7.282,9.113,14.870,13.133,5.014,0.051,0.252
C:\YARG\Charts\Carpal Tunnel Hero 3\[CTH3] 041. Taking Home the Gold\Richie Kotzen - Unsafe at Any Speed [iZenPenguin]\notes.chart,Unsafe at Any Speed,Richie Kotzen,iZenPenguin,", 1989",Shred,8.71,7.72,0.99,12.562,1726,1766,380,1182,164,190.46,6.645,19.655,9.740,12.181,16.428,15.015,6.550,0.583,0.126
C:\YARG\Charts\Carpal Tunnel Hero 3\[CTH3] 041. Taking Home the Gold\Santa Cruz - Shred Till You Drop! [Peddy]\notes.chart,Shred Till You Drop!,Santa Cruz,Peddy,", 2013",Hard Rock,10.53,9.61,0.92,15.084,1450,1470,183,909,358,151.11,7.376,22.622,11.171,15.161,18.714,17.988,7.295,0.345,0.288
C:\YARG\Charts\Carpal Tunnel Hero 3\[CTH3] 041. Taking Home the Gold\Vlatko Stefanovski Trio - Kalajdžisko Oro [Stickheadz32]\notes.chart,Kalajdžisko Oro,Vlatko Stefanovski Trio,Stickheadz32,", 1999",Balkan Fusion,7.27,6.32,0.95,10.633,1552,1602,332,1215,5,194.65,6.550,12.835,9.520,10.485,12.310,11.518,6.407,0.442,0.118
C:\YARG\Charts\Carpal Tunnel Hero 3\[CTH3] 042. Living the High Life\Daikaiju - Za Feijingu Supaidaa Kyoui [jdurandTV]\notes.chart,Za Feijingu Supaidaa Kyoui,Daikaiju,jdurand11143,", 2010",Surf Rock,5.42,4.33,1.09,7.755,1861,2281,1760,101,0,225.34,3.802,13.237,5.501,7.599,10.206,9.701,3.219,1.712,0.241
C:\YARG\Charts\Carpal Tunnel Hero 3\[CTH3] 042. Living the High Life\Lorna Shore Solo Medley [Miscellany]\notes.chart,Lorna Shore Solo Medley,Take a Guess,Miscellany,", 2012",rock,7.70,6.37,1.33,10.708,3954,4091,615,3339,0,437.65,6.106,16.580,9.004,10.415,13.255,12.226,5.945,0.388,0.180
C:\YARG\Charts\Carpal Tunnel Hero 3\[CTH3] 042. Living the High Life\Ne Obliviscaris - As Icicles Fall [Miscellany]\notes.chart,as icicles fall,neo,,,rock,6.36,5.06,1.31,8.833,2940,3840,1855,840,245,554.91,3.949,16.128,5.690,8.354,13.169,11.670,3.576,0.995,0.262
C:\YARG\Charts\Carpal Tunnel Hero 3\[CTH3] 042. Living the High Life\Nightrage - Sting of Remorse [Supahfast198]\notes.chart,,,,,rock,8.86,7.82,1.05,12.696,1946,2025,850,742,354,319.59,5.422,21.731,7.958,11.470,20.020,17.715,5.346,0.644,0.196
C:\YARG\Charts\Carpal Tunnel Hero 3\[CTH3] 042. Living the High Life\Savant - Sledgehammer [ΩHM]\notes.chart,Sledgehammer,Savant,OHM,", 2012",Dubstep,9.25,8.24,1.01,13.267,1472,1855,305,95,1072,229.25,5.453,17.948,9.635,13.391,17.421,15.450,5.363,0.320,0.267
C:\YARG\Charts\Carpal Tunnel Hero 3\[CTH3] 042. Living the High Life\Supradyke - Happy Birthday Jeremy [Supradyke]\notes.chart,Happy Birthday Jeremy,Supradyke,Supradyke,", 2021",MIDI,10.71,10.30,0.40,15.981,294,308,10,210,74,28.04,7.723,20.935,12.075,16.235,19.859,18.351,7.299,0.074,0.797
C:\YARG\Charts\Carpal Tunnel Hero 3\[CTH3] 043. Taking a Trip to the New Stadium\And So I Watch You From Afar - Mullally [ThundahK]\notes.chart,Mullally,And So I Watch You From Afar,ThundahK,", 2017",Post-Rock,6.22,5.32,0.90,9.209,1365,1381,683,682,0,230.11,4.127,16.185,7.074,8.956,11.928,11.089,3.861,0.804,0.391
C:\YARG\Charts\Carpal Tunnel Hero 3\[CTH3] 043. Taking a Trip to the New Stadium\Arch Echo - Strut [XEntombmentX]\notes.chart,Strut,Arch Echo,XEntombmentX,", 2020",Progressive Metal,6.79,5.82,0.97,9.924,1617,1660,306,885,426,267.15,4.925,13.260,8.141,10.020,11.630,11.087,4.831,0.423,0.259
C:\YARG\Charts\Carpal Tunnel Hero 3\[CTH3] 043. Taking a Trip to the New Stadium\Buckethead - Coupon [ΩHM]\notes.chart,Coupon,Buckethead,OHM,", 2016",Progressive Rock,7.14,5.74,1.40,9.811,4835,4853,2563,1742,530,953.46,3.725,19.095,6.231,9.745,13.767,12.457,3.355,1.012,0.352
C:\YARG\Charts\Carpal Tunnel Hero 3\[CTH3] 043. Taking a Trip to the New Stadium\Car Bomb - The Seconds [ΩHM]\notes.chart,The Seconds,Car Bomb,OHM,", 2012",Mathcore,4.95,3.80,1.15,6.961,2050,2604,2024,22,4,269.32,4.344,10.148,6.050,6.660,8.766,7.873,1.378,3.789,0.255
C:\YARG\Charts\Carpal Tunnel Hero 3\[CTH3] 043. Taking a Trip to the New Stadium\Rob Johnson - Guitarchitecture [iZenPenguin]\notes.chart,Guitarchitecture,Rob Johnson,iZenPenguin,", 2001",Shred,8.11,7.05,1.06,11.652,1990,2109,529,732,729,270.57,5.742,18.198,9.270,11.459,14.549,13.615,5.549,0.599,0.425
C:\YARG\Charts\Carpal Tunnel Hero 3\[CTH3] 043. Taking a Trip to the New Stadium\Terry Syrek - Spiral Majesty [Big Whoop Magazine]\notes.chart,Spiral Majesty,,,,rock,10.84,9.88,0.96,15.431,1305,1636,627,630,48,180.78,8.658,27.566,12.677,15.016,18.331,18.359,8.586,0.835,0.248
C:\YARG\Charts\Carpal Tunnel Hero 3\[CTH3] 043. Taking a Trip to the New Stadium\Yousei Teikoku - Iron Rose [Spachi]\notes.chart,Iron Rose,Yousei Teikoku,Spachi,", 2020",Gothic Metal,7.88,6.83,1.05,11.343,1914,2037,1138,532,244,263.69,6.425,16.255,9.578,11.202,13.455,12.809,6.179,1.724,0.301
C:\YARG\Charts\Carpal Tunnel Hero 3\[CTH3] 044. Getting a Broken Tire\Exhorder - Un-Born Again [Miscellany]\notes.chart,Un-Born Again,Exhorder,Miscellany,", 1992",Groove Metal,10.42,9.46,0.96,14.883,1265,1631,811,418,36,165.83,8.715,19.416,12.628,14.917,17.080,16.529,8.515,2.329,0.248
C:\YARG\Charts\Carpal Tunnel Hero 3\[CTH3] 044. Getting a Broken Tire\Majestic - Trinity Overture Solo Medley [Peddy]\notes.chart,Trinity Overture Solo Medley,Majestic,Peddy,", 2000",Solo Medley,10.72,9.14,1.57,14.465,7260,7304,415,2572,4273,742.77,7.541,26.087,11.154,13.887,18.991,17.643,7.484,0.168,0.163
C:\YARG\Charts\Carpal Tunnel Hero 3\[CTH3] 044. Getting a Broken Tire\Sleeping Pola - 4423 [DaiJyoubs]\notes.chart,4423,Sleeping Pola,DaiJyoubs,", 2021",Math Rock,7.80,6.83,0.97,11.342,1568,1678,209,942,417,206.33,5.958,14.913,9.510,11.202,13.615,12.809,5.863,0.344,0.191
C:\YARG\Charts\Carpal Tunnel Hero 3\[CTH3] 044. Getting a Broken Tire\The Faceless - The Eidolon Reality [HellAshes]\notes.chart,The Eidolon Reality,The Faceless,HellAshes,", 2011",Melodic Death Metal,7.67,6.63,1.04,11.064,1495,2005,1402,89,4,219.63,6.245,15.642,9.211,10.736,13.772,12.763,5.961,2.054,0.487
C:\YARG\Charts\Carpal Tunnel Hero 3\[CTH3] 045. Getting the Car Repaired\66samus - Ultimate Power Shred Song [Peddy]\notes.chart,Ultimate Power Shred Song,66samus,Peddy,", 2018",Power Metal,8.45,7.67,0.77,12.498,951,990,365,185,401,108.33,6.749,18.619,10.161,11.889,16.137,14.969,6.459,1.199,0.336
C:\YARG\Charts\Carpal Tunnel Hero 3\[CTH3] 045. Getting the Car Repaired\Alkaloid - Azagthoth [Miscellany]\notes.chart,Azagthoth,Alkaloid,Miscellany,,rock,7.21,6.10,1.10,10.331,2211,2338,1447,163,601,332.17,5.749,16.627,8.428,10.013,13.177,12.006,5.389,2.031,0.361
C:\YARG\Charts\Carpal Tunnel Hero 3\[CTH3] 045. Getting the Car Repaired\Circle of Contempt - Ascend from Disruption [XEntombmentX]\notes.chart,Ascend from Disruption,Circle of Contempt,XEntombmentX,", 2016",Progressive Metalcore,6.02,5.26,0.76,9.124,910,941,604,168,138,154.31,4.540,17.344,6.948,8.802,12.200,11.033,3.858,2.020,0.083
C:\YARG\Charts\Carpal Tunnel Hero 3\[CTH3] 045. Getting the Car Repaired\Daite Tank (!) - My [ThundahK]\notes.chart,My,Daite Tank (!),ThundahK,", 2018",Electropop,7.33,6.33,1.00,10.643,1679,1805,1572,107,0,180.92,4.676,24.110,6.990,10.532,14.889,13.335,3.435,2.369,0.014
C:\YARG\Charts\Carpal Tunnel Hero 3\[CTH3] 045. Getting the Car Repaired\Excision - Live Wire [ΩHM]\notes.chart,Live Wire,Excision,OHM,", 2015",Dubstep,8.66,7.70,0.96,12.535,1448,1633,0,0,1448,240.34,4.050,23.108,7.599,11.520,19.937,17.287,3.703,0.038,0.605
C:\YARG\Charts\Carpal Tunnel Hero 3\[CTH3] 045. Getting the Car Repaired\Exodus - Funeral Hymn [Angevil]\notes.chart,Funeral Hymn,Exodus,Angevil,", 2007",Thrash Metal,9.91,8.53,1.38,13.654,3409,4589,2528,655,226,515.03,7.972,20.120,12.212,13.418,15.852,14.890,7.568,1.456,0.468
C:\YARG\Charts\Carpal Tunnel Hero 3\[CTH3] 045. Getting the Car Repaired\Razor - Tear Me to Pieces [Stickheadz32]\notes.chart,Tear Me to Pieces,Razor,Stickheadz32,", 1986",Speed Metal,9.42,8.36,1.05,13.432,1615,2064,1496,113,6,166.98,8.011,20.708,11.553,13.942,13.960,14.367,7.432,3.630,0.642
C:\YARG\Charts\Carpal Tunnel Hero 3\[CTH3] 046. GET YA 5$ HOT DOGS!\Anlma - Sentience [XEntombmentX]\notes.chart,Sentience,ANLMA,XEntombmentX,", 2019",Progressive Metalcore,7.14,6.01,1.13,10.205,2148,2482,1709,439,0,338.43,4.364,17.761,6.956,10.183,13.554,12.640,3.702,1.814,0.177
C:\YARG\Charts\Carpal Tunnel Hero 3\[CTH3] 046. GET YA 5$ HOT DOGS!\Dick Dale - Nitrus [Haggis]\notes.chart,Nitrus,Dick Dale,Haggis,", 1996",Surf Rock,5.33,4.33,1.00,7.758,1665,1802,1463,202,0,203.99,3.648,10.473,6.454,7.781,9.369,8.530,2.788,2.146,0.180
C:\YARG\Charts\Carpal Tunnel Hero 3\[CTH3] 046. GET YA 5$ HOT DOGS!\GaMetal - Drawcia Sorceress Drawcia Soul (Kirby Canvas Curse) [jdurandTV]\notes.chart,Drawcia Sorceress / Drawcia Soul (Kirby: Canvas Curse),GaMetal,jdurandTV,", 2021",Instrumental Metal,8.49,7.41,1.08,12.138,2076,2215,908,500,668,270.63,5.686,28.355,8.300,10.568,21.114,15.979,5.294,1.245,0.100
C:\YARG\Charts\Carpal Tunnel Hero 3\[CTH3] 046. GET YA 5$ HOT DOGS!\Inferi - Through the Depths (feat. James Malone) [Miscellany]\notes.chart,Through the Depths,Inferi,Miscellany,", 2018",Technical Death Metal,7.75,6.59,1.16,11.006,2630,2716,2059,417,154,336.23,5.700,18.959,8.832,10.701,13.808,13.008,5.434,1.435,0.305
C:\YARG\Charts\Carpal Tunnel Hero 3\[CTH3] 046. GET YA 5$ HOT DOGS!\LeaF - Doppelganger [Mintorment]\notes.chart,,,,,rock,8.05,7.00,1.05,11.585,1742,2047,701,128,913,263.13,5.803,20.894,8.949,11.282,14.971,13.867,5.650,1.179,0.323
C:\YARG\Charts\Carpal Tunnel Hero 3\[CTH3] 046. GET YA 5$ HOT DOGS!\Parasite Inc. - Armageddon in 16 to 9 [Miscellany]\notes.chart,Armageddon in 16 to 9,Parasite Inc.,Miscellany,", 2013",Melodic Death Metal,7.72,6.63,1.09,11.070,2235,2274,1104,493,638,247.64,5.737,20.043,8.949,10.663,13.973,13.183,5.413,1.586,0.173
"C:\YARG\Charts\Carpal Tunnel Hero 3\[CTH3] 046. GET YA 5$ HOT DOGS!\Stratovarius Solo Medley [Peddy, Miscellany, Stickheadz32, OrangeHat]\notes.chart",Stratovarius Solo Medley,Stratovarius,can i get uhhh,", 2021",Solo Medley,10.67,8.95,1.73,14.207,10410,10465,1381,4915,4114,1094.64,7.277,27.518,10.935,13.755,18.640,17.098,7.194,0.376,0.218
C:\YARG\Charts\Carpal Tunnel Hero 3\[CTH3] 046. GET YA 5$ HOT DOGS!\Yngwie Malmsteen - The Star Spangled Banner (Live) [ΩHM]\notes.chart,The Star Spangled Banner (Live),Yngwie Malmsteen,OHM,", 2019",Neoclassical Shred,9.34,7.90,1.44,12.806,5318,5341,860,4379,79,721.67,5.812,22.165,9.841,12.187,17.296,15.660,5.670,0.325,0.266
C:\YARG\Charts\Carpal Tunnel Hero 3\[CTH3] 047. A Quick Coke Break\Bleed from Within - The End of All We Know [Chezy]\notes.chart,The End of All We Know,Bleed from Within,Chezy,,rock,6.67,5.55,1.13,9.538,1680,2471,1380,232,68,246.80,5.422,16.186,7.925,9.134,12.057,11.204,5.011,1.928,0.183
C:\YARG\Charts\Carpal Tunnel Hero 3\[CTH3] 047. A Quick Coke Break\BÜTCHER - Iron Bitch [Miscellany]\notes.chart,Iron Bitch,BÜTCHER,Miscellany,", 2020",Speed Metal,7.75,6.69,1.06,11.151,1711,2083,880,700,131,262.32,6.795,16.048,9.356,10.821,13.900,12.765,6.666,1.493,0.430
C:\YARG\Charts\Carpal Tunnel Hero 3\[CTH3] 047. A Quick Coke Break\Kokiri - Ash Tree [TFG85]\notes.chart,Ash Tree,Kokiri,TFG85,", 2019",Math-rock,6.65,5.88,0.77,10.012,838,981,182,138,518,122.76,6.704,14.083,8.618,9.691,12.229,11.369,6.692,0.671,0.098
C:\YARG\Charts\Carpal Tunnel Hero 3\[CTH3] 047. A Quick Coke Break\Meshuggah - Sovereigns Morbidity [Miscellany]\notes.chart,Sovereigns Morbidity,Meshuggah,Miscellany,,rock,9.23,8.08,1.15,13.051,2027,2616,1698,329,0,257.64,7.015,16.399,10.625,13.208,14.954,14.779,6.606,2.467,0.240
C:\YARG\Charts\Carpal Tunnel Hero 3\[CTH3] 047. A Quick Coke Break\Scoredatura - Asilon (feat. Stephen Taranto & Plini) [XEntombmentX]\notes.chart,Asilon (feat. Stephen Taranto & Plini),Scoredatura,XEntombmentX,", 2018",Progressive Metal,7.62,6.53,1.09,10.934,2223,2237,1227,865,131,434.48,5.073,20.420,8.593,10.591,14.390,12.904,4.747,0.866,0.459
C:\YARG\Charts\Carpal Tunnel Hero 3\[CTH3] 047. A Quick Coke Break\Steve Vai's Monsters & Chick Corea Elektric Band - The Rumble [Haggis]\notes.chart,The Rumble,Steve Vai's Monsters & Chick Corea Elektric Band,Haggis,", 1996",Jazz Fusion,6.89,5.79,1.10,9.891,2044,2294,426,363,1255,477.41,3.591,21.038,6.920,9.398,13.890,12.713,3.398,0.311,0.384
C:\YARG\Charts\Carpal Tunnel Hero 3\[CTH3] 047. A Quick Coke Break\Vektor - Outer Isolation [Miscellany]\notes.chart,,,,,rock,8.29,6.92,1.37,11.474,2841,4458,2605,220,16,477.74,5.862,20.651,8.510,10.495,16.917,14.662,5.446,1.652,0.427
C:\YARG\Charts\Carpal Tunnel Hero 3\[CTH3] 048. Walking Back to Your sEats\Alex Argento - Moving Around 'E' [Peddy]\notes.chart,Moving Around E,Alex Argento,Peddy,", 2007",Progressive Fusion,7.73,6.61,1.12,11.039,2358,2421,357,1187,814,348.11,5.518,18.369,8.992,10.715,13.864,12.914,5.413,0.464,0.219
C:\YARG\Charts\Carpal Tunnel Hero 3\[CTH3] 048. Walking Back to Your sEats\Fox Vibes - Seasick Crocodile [iZenPenguin]\notes.chart,Seasick Crocodile,Fox Vibes,iZenPenguin,", 2017",Math Rock,8.00,7.19,0.81,11.845,1025,1095,309,222,494,127.80,7.046,16.125,10.170,11.723,13.752,13.261,6.904,1.002,0.333
C:\YARG\Charts\Carpal Tunnel Hero 3\[CTH3] 048. Walking Back to Your sEats\Greg Howe - Blindfold Drive [iZenPenguin]\notes.chart,Blindfold Drive,Greg Howe,iZenPenguin,", 2000",Jazz Fusion,7.61,6.50,1.11,10.884,2027,2389,692,991,344,362.70,5.065,18.875,8.537,10.660,13.971,12.776,4.858,0.695,0.492
C:\YARG\Charts\Carpal Tunnel Hero 3\[CTH3] 048. Walking Back to Your sEats\Lost Society - Tyrant Takeover [Miscellany]\notes.chart,Tyrant Takeover,Lost Society,Miscellany,", 2014",Thrash Metal,8.37,7.15,1.22,11.781,2563,3116,1633,785,145,326.06,6.773,19.639,9.567,11.609,14.361,13.648,6.401,2.019,0.386
C:\YARG\Charts\Carpal Tunnel Hero 3\[CTH3] 048. Walking Back to Your sEats\LOVEBITES - The Hammer of Wrath [Angevil]\notes.chart,The Hammer of Wrath,LOVEBITES,Angevil,", 2017",Power Metal,9.28,8.17,1.10,13.176,2072,2340,1352,284,436,275.20,6.089,23.535,9.722,12.237,19.033,16.676,5.671,1.281,0.402
C:\YARG\Charts\Carpal Tunnel Hero 3\[CTH3] 048. Walking Back to Your sEats\Paul Gilbert - Three E's for Edward [Supahfast198]\notes.chart,,,,,rock,8.69,7.79,0.90,12.664,1151,1375,341,644,166,137.03,6.635,18.471,9.608,12.185,17.024,15.380,6.327,1.084,0.409
C:\YARG\Charts\Carpal Tunnel Hero 3\[CTH3] 049. The Football Hits You in the Face\Exmortus - Night on Bald Mountain [jdurandTV]\notes.chart,Night on Bald Mountain,Exmortus,jdurandTV,,Melodic Death Metal,6.22,5.06,1.16,8.842,2645,2683,1485,1160,0,332.99,4.874,17.493,6.740,8.214,12.250,11.178,4.776,1.123,0.098
C:\YARG\Charts\Carpal Tunnel Hero 3\[CTH3] 049. The Football Hits You in the Face\Floral - Marsh Partition [DaiJyoubs]\notes.chart,Marsh Partition,Floral,DaiJyoubs,", 2015",Math Rock,6.87,5.99,0.88,10.170,1096,1325,519,232,345,200.32,5.817,15.943,7.917,9.811,13.231,12.263,5.686,1.070,1.090
C:\YARG\Charts\Carpal Tunnel Hero 3\[CTH3] 049. The Football Hits You in the Face\HellAshes Solo Medley [HellAshes]\notes.chart,HellAshes Solo Medley,Various Artists,HellAshes,", 2018",Various,7.99,6.71,1.28,11.181,3541,3572,878,1927,736,497.48,5.298,18.194,8.633,10.832,14.628,13.426,5.116,0.461,0.345
C:\YARG\Charts\Carpal Tunnel Hero 3\[CTH3] 049. The Football Hits You in the Face\Jennifer Batten - Whammy Damage [Stickheadz32]\notes.chart,Whammy Damage,Jennifer Batten,Stickheadz32,", 1992",Solo,12.28,11.50,0.79,17.513,885,1020,178,283,424,83.62,8.180,23.735,13.207,17.677,21.758,20.405,7.746,1.069,0.116
C:\YARG\Charts\Carpal Tunnel Hero 3\[CTH3] 049. The Football Hits You in the Face\Megadeth - Chosen Ones [Miscellany]\notes.chart,Chosen Ones,Megadeth,Miscellany,", 1985",Thrash Metal,8.64,7.76,0.88,12.614,1197,1324,733,451,13,169.29,7.049,18.414,10.858,12.524,14.557,14.039,6.765,1.437,0.433
C:\YARG\Charts\Carpal Tunnel Hero 3\[CTH3] 049. The Football Hits You in the Face\Testament - WWIII [Peddy]\notes.chart,WWIII,Testament,Peddy,", 2020",Thrash Metal,6.48,5.37,1.11,9.292,2151,2375,1869,155,127,283.25,5.233,20.264,6.256,8.249,15.094,12.533,3.598,2.990,0.387
C:\YARG\Charts\Carpal Tunnel Hero 3\[CTH3] 049. The Football Hits You in the Face\The Beast of Nod - Behold!... But Beware the Celestial Cetaceans [Miscellany]\notes.chart,"Behold!... But Beware, The Celestian Cetaceans",The Beast of Nod,Miscellany,", 2018",Technical Death Metal,6.92,5.88,1.04,10.018,1925,1975,961,389,575,261.23,6.072,14.733,8.829,9.903,11.268,11.142,5.341,1.564,0.247
C:\YARG\Charts\Carpal Tunnel Hero 3\[CTH3] 050. A Fight Breaks Out\Abuser - Spit on Your Grave (Whiplash Cover) [Miscellany]\notes.chart,Spit on Your Grave (Whiplash Cover),Abuser,Miscellany,", 2010",Thrash Metal,7.74,6.87,0.87,11.396,1100,1295,941,145,14,167.78,4.953,16.606,8.336,11.421,14.688,13.520,4.084,1.736,0.657
C:\YARG\Charts\Carpal Tunnel Hero 3\[CTH3] 050. A Fight Breaks Out\Bob Katsionis - Planeterium [iZenPenguin]\notes.chart,Planeterium,Bob Katsionis,iZenPenguin,", 2002",Progressive Shred,7.83,6.73,1.10,11.212,2294,2313,228,313,1753,268.31,6.335,16.169,9.596,10.755,14.018,12.857,6.241,0.469,0.250
C:\YARG\Charts\Carpal Tunnel Hero 3\[CTH3] 050. A Fight Breaks Out\Concerto Moon - Plectrum [DaiJyoubs]\notes.chart,Plectrum,Concerto Moon,DaiJyoubs,", 2010",Power Metal,7.02,5.88,1.14,10.019,2538,2544,364,2170,4,293.10,5.688,17.360,8.250,9.721,12.510,11.658,5.664,0.298,0.169
C:\YARG\Charts\Carpal Tunnel Hero 3\[CTH3] 050. A Fight Breaks Out\Evile - Thrasher [Miscellany]\notes.chart,Thrasher,Evile,,,rock,8.95,7.90,1.05,12.811,1774,2048,1355,402,17,185.05,6.826,21.410,9.842,11.854,18.665,15.749,5.926,2.828,0.220
C:\YARG\Charts\Carpal Tunnel Hero 3\[CTH3] 050. A Fight Breaks Out\George Bellas - Relentless [Supahfast198]\notes.chart,,,,,rock,7.27,6.35,0.92,10.683,1456,1463,213,1034,209,204.95,4.986,15.675,8.520,10.414,13.724,12.474,4.879,0.286,0.347
C:\YARG\Charts\Carpal Tunnel Hero 3\[CTH3] 050. A Fight Breaks Out\Jeff Loomis Solo Medley [CTH3 Team]\notes.chart,Jeff Loomis Solo Medley,Jeff Loomis,"iZenPenguin, Miscellany, Supahfast198, Peddy, OrangeHat, xX760Xx",", 2021",Solo Medley,9.75,8.08,1.68,13.045,9265,9288,1352,7358,555,1025.63,6.602,24.900,10.220,12.430,17.350,15.809,6.491,0.386,0.239
C:\YARG\Charts\Carpal Tunnel Hero 3\[CTH3] 051. A UFO SUDDENLY APPEARS!!\Behold... The Arctopus - Sensory Amusia [Miscellany]\notes.chart,,,,,rock,7.04,5.91,1.13,10.060,1520,2512,784,334,402,272.55,4.608,18.623,7.001,9.537,14.408,12.885,3.798,0.735,0.868
C:\YARG\Charts\Carpal Tunnel Hero 3\[CTH3] 051. A UFO SUDDENLY APPEARS!!\JYOCHO - Gather The Lights [DaiJyoubs]\notes.chart,Gather the Lights,JYOCHO,DaiJyoubs,", 2021",Math Rock,6.12,5.13,0.99,8.938,1313,1761,174,159,980,246.13,5.023,13.073,7.289,8.532,11.408,10.679,4.842,0.249,0.909
C:\YARG\Charts\Carpal Tunnel Hero 3\[CTH3] 051. A UFO SUDDENLY APPEARS!!\Koenjihyakkei - Dhorimviskha [ΩHM]\notes.chart,Dhorimviskha,Koenjihyakkei,OHM,", 2018",Zeuhl,6.15,4.89,1.27,8.582,3117,3504,423,855,1839,703.09,3.615,19.165,6.477,8.064,12.025,10.657,3.470,0.279,0.312
C:\YARG\Charts\Carpal Tunnel Hero 3\[CTH3] 051. A UFO SUDDENLY APPEARS!!\Maximum The Hormone - A-L-I-E-N [ΩHM]\notes.chart,A-L-I-E-N,Maximum The Hormone,OHM,", 2013",Hardcore Punk,10.08,9.02,1.06,14.304,1647,2118,851,367,429,272.85,5.588,17.599,11.427,14.426,16.965,16.296,5.315,1.007,0.386
"C:\YARG\Charts\Carpal Tunnel Hero 3\[CTH3] 051. A UFO SUDDENLY APPEARS!!\Pagan's Mind - Alien Kamikaze [jdurandTV, Chemfinal, xX760Xx]\notes.chart",Alien Kamikaze,Pagan's Mind,jdurandTV,", 2005",Progressive Power Metal,7.24,6.15,1.09,10.390,1776,2255,982,278,516,271.79,4.404,20.349,6.650,9.152,17.650,14.223,3.922,0.854,0.338
C:\YARG\Charts\Carpal Tunnel Hero 3\[CTH3] 051. A UFO SUDDENLY APPEARS!!\Sidney600 - High Ground [Sidney600]\notes.chart,High Ground,Sidney600,Sidney600,", 2021",EDM,9.19,8.19,1.00,13.204,1378,1795,568,168,642,233.14,5.419,29.878,8.366,12.009,21.096,17.995,5.067,1.091,0.980
C:\YARG\Charts\Carpal Tunnel Hero 3\[CTH3] 051. A UFO SUDDENLY APPEARS!!\Stephen Taranto - Quantum Leap [iZenPenguin]\notes.chart,Quantum Leap,Stephen Taranto,iZenPenguin,", 2019",Progressive Metalcore,6.92,5.77,1.16,9.852,2375,2681,1187,595,593,438.03,4.869,23.972,7.382,9.293,13.438,12.407,4.484,0.903,0.683
C:\YARG\Charts\Carpal Tunnel Hero 3\[CTH3] 052. Everyone Gets Beamed Up\Adagio - Chosen [Peddy]\notes.chart,Chosen,Adagio,Peddy,", 2003",Progressive Power Metal,7.90,6.65,1.25,11.090,3241,3371,437,274,2530,468.16,5.098,21.344,8.339,10.422,15.508,13.823,4.796,0.327,0.546
C:\YARG\Charts\Carpal Tunnel Hero 3\[CTH3] 052. Everyone Gets Beamed Up\Didier Lockwood - New World [Haggis]\notes.chart,New World,Didier Lockwood,Haggis,", 1979",Jazz,9.86,8.81,1.06,14.023,1989,2083,619,1355,15,298.39,6.093,21.735,10.621,13.917,17.747,16.652,5.879,0.757,0.349
C:\YARG\Charts\Carpal Tunnel Hero 3\[CTH3] 052. Everyone Gets Beamed Up\First Fragment - Evhron [Miscellany]\notes.chart,Evhron,First Fragment,Miscellany,", 2016",Technical Death Metal,8.49,7.20,1.29,11.858,3608,3723,2065,1083,460,438.68,5.934,23.445,9.125,11.311,15.918,14.473,5.714,1.140,0.328
C:\YARG\Charts\Carpal Tunnel Hero 3\[CTH3] 052. Everyone Gets Beamed Up\Gorod - Celestial Nature [ΩHM]\notes.chart,Celestial Nature,Gorod,OHM,", 2015",Technical Death Metal,6.93,5.75,1.18,9.834,2632,2798,1564,480,588,256.78,5.592,13.111,8.713,9.717,11.425,10.702,5.190,1.340,0.254
C:\YARG\Charts\Carpal Tunnel Hero 3\[CTH3] 052. Everyone Gets Beamed Up\Inferi - Vile Genesis [ΩHM]\notes.chart,Vile Genesis,Inferi,OHM,", 2021",Technical Death Metal,7.34,6.13,1.21,10.365,2658,3024,2261,397,0,339.70,5.595,18.366,8.273,10.172,12.920,12.138,5.242,1.606,0.177
C:\YARG\Charts\Carpal Tunnel Hero 3\[CTH3] 052. Everyone Gets Beamed Up\Mr. Bungle - Spreading the Thighs of Death [Miscellany]\notes.chart,Spreading the Thighs of Death,Mr. Bungle,Miscellany,", 2020",Thrash Metal,8.30,7.01,1.29,11.596,3216,3664,2453,525,238,358.79,6.002,22.842,8.663,11.337,15.321,13.981,5.295,2.319,0.169
C:\YARG\Charts\Carpal Tunnel Hero 3\[CTH3] 052. Everyone Gets Beamed Up\Stratovarius - Holy Light [Miscellany]\notes.chart,Holy Light,Stratovarius,Miscellany,,rock,8.05,6.93,1.12,11.483,2412,2416,928,1201,283,345.41,5.052,19.134,8.545,11.376,14.876,13.697,4.691,0.560,0.367
C:\YARG\Charts\Carpal Tunnel Hero 3\[CTH3] 052. Everyone Gets Beamed Up\Supahfast's Solo Medley [Supahfast198]\notes.chart,,,,,rock,10.25,8.78,1.48,13.980,5784,5812,797,3184,1803,607.99,7.061,20.520,11.115,13.847,17.097,16.305,6.984,0.414,0.193
C:\YARG\Charts\Carpal Tunnel Hero 3\[CTH3] 052. Everyone Gets Beamed Up\TRAM - Endeavor [iZenPenguin]\notes.chart,Endeavor,T.R.A.M.,iZenPenguin,", 2012",Prog Fusion,7.34,6.20,1.14,10.460,2572,2585,718,1234,620,377.58,5.266,17.780,8.651,10.174,12.863,12.165,5.053,0.515,0.407
C:\YARG\Charts\Carpal Tunnel Hero 3\[CTH3] 053. An Odyssey Into Space\André Andersen - Learning to Fly [Peddy]\notes.chart,Learning to Fly,André Andersen,Peddy,", 2006",Power Metal,8.16,7.19,0.98,11.838,1648,1694,513,360,775,213.20,6.283,21.992,9.554,10.925,16.250,14.542,6.128,0.596,0.416
C:\YARG\Charts\Carpal Tunnel Hero 3\[CTH3] 053. An Odyssey Into Space\Heathen - Control by Chaos [Miscellany]\notes.chart,Control by Chaos,Heathen,Miscellany,", 2010",rock,7.01,5.79,1.22,9.885,2850,3146,1954,777,119,426.58,5.314,19.351,7.823,9.775,12.003,11.652,5.021,1.663,0.269
C:\YARG\Charts\Carpal Tunnel Hero 3\[CTH3] 053. An Odyssey Into Space\jdurandTV - Pulsar Nebula 2 (Reborn) [jdurandTV]\notes.chart,Pulsar Nebula 2,jdurandTV,jdurandTV,", 2011",Electronic,9.76,8.96,0.80,14.224,911,1055,533,191,187,123.09,7.254,21.023,10.201,13.870,19.917,17.201,6.732,0.857,0.476
C:\YARG\Charts\Carpal Tunnel Hero 3\[CTH3] 053. An Odyssey Into Space\Marmalade butcher - Hypnorain [ThundahK]\notes.chart,Hypnorain,Marmalade Butcher,ThundahK,", 2014",Math Rock,6.30,5.36,0.94,9.271,1457,1539,560,841,56,242.69,4.388,16.070,6.877,9.135,11.851,11.279,4.130,0.961,0.396
C:\YARG\Charts\Carpal Tunnel Hero 3\[CTH3] 053. An Odyssey Into Space\Martone - Really Now [iZenPenguin]\notes.chart,Really Now!,Martone,iZenPenguin,", 2007",Metal,7.45,6.38,1.07,10.719,2025,2151,551,950,524,282.35,6.134,16.805,8.924,10.425,13.219,12.372,5.729,0.833,0.401
C:\YARG\Charts\Carpal Tunnel Hero 3\[CTH3] 053. An Odyssey Into Space\Prospekt Solo Medley [iZenPenguin]\notes.chart,Prospekt Solo Medley,Prospekt,iZenPenguin,", 2017",Solo Medley,9.72,8.08,1.64,13.053,8344,8566,1267,5361,1716,887.75,6.851,32.795,10.230,12.615,16.793,15.698,6.748,0.453,0.165
C:\YARG\Charts\Carpal Tunnel Hero 3\[CTH3] 053. An Odyssey Into Space\Richard Andersson's Space Odyssey - The House With a Hundred Windows [Peddy]\notes.chart,The House With a Hundred Windows,Richard Andersson's Space Odyssey,Peddy,", 2003",Neoclassical Metal,7.94,6.89,1.05,11.429,2032,2034,538,1200,294,304.51,6.111,22.895,9.206,10.403,16.155,14.155,6.046,0.666,0.219
"C:\YARG\Charts\Carpal Tunnel Hero 3\[CTH3] 054. Landing on the Alien Planet\Conrad Simon - Fly High, Ride Low [Chemfinal]\notes.chart",,,,,rock,9.56,8.47,1.10,13.568,2312,2312,389,1879,44,226.45,7.938,21.920,10.696,13.080,17.675,16.200,7.925,0.310,0.067
C:\YARG\Charts\Carpal Tunnel Hero 3\[CTH3] 054. Landing on the Alien Planet\Eumeria - Legion [Peddy]\notes.chart,Legion,Eumeria,Peddy,", 2011",Progressive Metal,6.81,5.73,1.08,9.805,2000,2181,1431,334,235,310.17,4.357,23.940,5.932,8.843,16.056,13.686,3.654,1.792,0.292
C:\YARG\Charts\Carpal Tunnel Hero 3\[CTH3] 054. Landing on the Alien Planet\Forbidden - Omega Wave [ThundahK]\notes.chart,Omega Wave,Forbidden,ThundahK,", 2010",Thrash Metal,5.89,4.72,1.18,8.332,2338,2810,1981,327,30,345.75,4.365,17.476,6.215,7.678,12.486,10.372,3.396,2.096,0.463
C:\YARG\Charts\Carpal Tunnel Hero 3\[CTH3] 054. Landing on the Alien Planet\ichika - Awakening [DaiJyoubs]\notes.chart,Awakening,ichika,DaiJyoubs,", 2021",Experimental Rock,6.60,5.92,0.68,10.072,608,752,179,132,297,111.41,5.659,13.442,8.209,10.031,12.232,11.413,5.425,0.422,1.253
C:\YARG\Charts\Carpal Tunnel Hero 3\[CTH3] 054. Landing on the Alien Planet\Nocturnus - Arctic Crypt [Miscellany]\notes.chart,Arctic Crypt,Nocturnus,Miscellany,", 1991",Technical Thrash Metal,8.97,7.86,1.10,12.760,2246,2327,1188,723,335,254.62,6.943,24.015,9.155,12.016,18.075,16.285,6.466,1.976,0.118
C:\YARG\Charts\Carpal Tunnel Hero 3\[CTH3] 054. Landing on the Alien Planet\Todd Terje - Preben Goes To Acapulco [jdurandTV]\notes.chart,Preben Goes To Acapulco,Todd Terje,jdurand11143,", 2014",Electronic,10.80,9.74,1.06,15.247,2107,2113,193,93,1821,256.87,8.075,20.555,13.311,15.174,17.343,16.785,8.007,0.258,0.074
C:\YARG\Charts\Carpal Tunnel Hero 3\[CTH3] 054. Landing on the Alien Planet\WillRock - Escalation [3-UP]\notes.chart,Escalation,WillRock,3-UP,", 2019",Chiptune,8.56,7.59,0.98,12.382,1516,1697,477,754,285,217.21,5.758,18.653,9.626,11.921,16.286,14.914,5.615,0.939,0.213
C:\YARG\Charts\Carpal Tunnel Hero 3\[CTH3] 055. Football Match on the Alien Planet\Æternity - The Game (DragonForce cover) [Jackie & Aren Eternal]\notes.chart,The Game (DragonForce cover),Æternity,<color=#AE0B12>Jackie</color> & <color=#AEFFFF>Aren Eternal</color>,", 2021",Synthetic Metal,9.34,8.20,1.13,13.214,1975,2524,1283,171,521,232.83,5.395,26.483,8.427,12.143,20.716,17.857,4.906,1.325,0.443
C:\YARG\Charts\Carpal Tunnel Hero 3\[CTH3] 055. Football Match on the Alien Planet\Anamanaguchi - Blackout City [3-UP]\notes.chart,Blackout City,Anamanaguchi,3-UP,", 2009",Chiptune,15.24,14.27,0.97,20.963,1667,1667,756,160,751,200.32,7.391,32.895,11.993,21.052,29.275,27.822,7.277,1.153,0.208
C:\YARG\Charts\Carpal Tunnel Hero 3\[CTH3] 055. Football Match on the Alien Planet\Dorian Concept - Booth Thrust (Live) [ΩHM]\notes.chart,Booth Thrust (Live),Dorian Concept,OHM,", 2019",Electro Jazz,8.62,7.72,0.91,12.560,1416,1416,0,189,1227,188.89,4.782,23.144,7.754,11.671,19.431,17.132,4.504,0.335,0.062
C:\YARG\Charts\Carpal Tunnel Hero 3\[CTH3] 055. Football Match on the Alien Planet\Guerilla Toss - God Fearing Sex Symbol [ngills53]\notes.chart,God Fearing Sex Symbol,Guerilla Toss,Smoochums,", 2013",Noise Rock,9.76,8.58,1.18,13.715,2696,2827,147,29,2520,234.20,9.148,16.133,12.600,13.793,14.558,14.511,9.126,0.174,0.194
"C:\YARG\Charts\Carpal Tunnel Hero 3\[CTH3] 055. Football Match on the Alien Planet\Pathfinder - Fifth Element Solo Medley [iZenPenguin, Peddy]\notes.chart",Fifth Element Solo Medley,Pathfinder,iZenPenguin & Peddy,", 2012",Solo Medley,10.21,8.80,1.40,14.019,4857,4864,1041,2040,1776,477.99,7.701,27.046,10.817,13.365,18.533,17.236,7.648,0.701,0.125
C:\YARG\Charts\Carpal Tunnel Hero 3\[CTH3] 055. Football Match on the Alien Planet\Scar Symmetry - A Parenthesis in Eternity [Miscellany]\notes.chart,parenthesis,scar,,,rock,11.19,10.12,1.08,15.738,2074,2190,891,1003,180,269.04,6.739,33.228,10.345,14.325,25.380,20.836,6.516,1.261,0.384
"C:\YARG\Charts\Carpal Tunnel Hero 3\[CTH3] 055. Football Match on the Alien Planet\Stratovarius - Find Your Own Voice [Peddy, Miscellany]\notes.chart",Find Your Own Voice,Stratovarius,"Peddy, Miscellany",", 2003",Power Metal,7.72,6.58,1.14,11.004,2461,2545,1230,209,1022,304.48,5.833,20.547,8.325,10.359,15.378,13.619,5.157,1.406,0.530
C:\YARG\Charts\Carpal Tunnel Hero 3\[CTH3] 056. Zero-Gravity Touchdown\Bradley Hall - Sweep on the Water [Stickheadz32]\notes.chart,Sweep on the Water,Bradley Hall,Stickheadz32,", 2019",Sweep,5.96,5.26,0.69,9.131,781,783,116,665,0,83.60,5.517,14.607,7.312,8.401,12.947,11.142,5.458,0.402,0.201
C:\YARG\Charts\Carpal Tunnel Hero 3\[CTH3] 056. Zero-Gravity Touchdown\Children of Bodom - Hexed [Miscellany]\notes.chart,hexed,children,,,rock,9.07,7.95,1.12,12.875,2162,2437,1881,136,145,300.07,6.248,19.877,9.502,12.928,16.127,15.345,5.805,1.541,0.218
C:\YARG\Charts\Carpal Tunnel Hero 3\[CTH3] 056. Zero-Gravity Touchdown\F-777 - Ludicrous Speed 1 [Peddy]\notes.chart,Ludicrous Speed 1,F-777,Peddy,", 2015",Techno,11.45,10.43,1.02,16.151,1879,1879,209,941,729,170.56,9.184,19.043,13.880,16.290,18.113,17.696,9.062,0.310,0.000
C:\YARG\Charts\Carpal Tunnel Hero 3\[CTH3] 056. Zero-Gravity Touchdown\Impellitteri - The Nature Of The Beast Solo Medley [GHX]\notes.chart,The Nature Of The Beast Solo Medley,Impellitteri,GHX,", 2018",Heavy Metal,11.46,10.06,1.40,15.672,4737,4824,1017,3217,503,517.43,7.712,23.085,12.412,15.447,19.484,18.346,7.598,0.550,0.282
C:\YARG\Charts\Carpal Tunnel Hero 3\[CTH3] 056. Zero-Gravity Touchdown\Persefone - Spiritual Migration [Miscellany]\notes.chart,,,,,rock,9.01,7.66,1.35,12.487,3610,4290,1475,996,1139,507.43,5.970,22.412,10.188,12.578,14.832,13.985,5.398,1.151,0.262
C:\YARG\Charts\Carpal Tunnel Hero 3\[CTH3] 056. Zero-Gravity Touchdown\Snot - Tecato [Stickheadz32]\notes.chart,Tecato,Snot,Stickheadz32,", 1997",Hardcore Punk,8.57,7.56,1.01,12.345,1101,1867,976,120,5,265.53,6.002,15.099,10.732,12.159,14.383,13.762,5.281,1.333,0.997
C:\YARG\Charts\Carpal Tunnel Hero 3\[CTH3] 056. Zero-Gravity Touchdown\Special Providence - Irrelevant Connotations [XEntombmentX]\notes.chart,Irrelevant Connotations,Special Providence,XEntombmentX,", 2017",Progressive Metal,7.13,6.09,1.05,10.305,1900,2024,368,131,1401,262.98,5.739,17.771,8.945,10.253,11.718,11.414,5.540,0.605,0.375
C:\YARG\Charts\Carpal Tunnel Hero 3\[CTH3] 057. Humans Win the Match\Angra - Live and Learn [iZenPenguin]\notes.chart,Live and Learn,Angra,iZenPenguin,", 2002",Power Metal,7.44,6.38,1.05,10.724,1855,2069,1015,807,33,247.74,5.608,18.095,8.170,10.230,14.520,13.128,5.155,1.372,0.444
C:\YARG\Charts\Carpal Tunnel Hero 3\[CTH3] 057. Humans Win the Match\DGM - Overload [Peddy]\notes.chart,Overload,DGM,Peddy,", 2013",Progressive Metal,9.88,8.76,1.12,13.958,2296,2450,771,979,546,296.91,7.225,19.955,10.135,13.980,17.896,16.720,6.918,1.118,0.696
"C:\YARG\Charts\Carpal Tunnel Hero 3\[CTH3] 057. Humans Win the Match\fearofdeark - Rolling Down The Street, In My Katamari [ΩHM]\notes.chart","Rolling Down The Street, In My Katamari",fearofdark,OHM,", 2012",Chiptune,7.48,6.51,0.97,10.902,1643,1656,216,415,1012,271.37,4.271,32.270,7.146,9.442,18.163,15.253,4.090,0.276,0.307
C:\YARG\Charts\Carpal Tunnel Hero 3\[CTH3] 057. Humans Win the Match\Fraser Edwards - This World Can Be Ours [Peddy]\notes.chart,This World Can Be Ours,Fraser Edwards,Peddy,", 2020",Power Metal,6.58,5.48,1.11,9.440,2060,2356,1137,462,461,301.68,5.268,14.713,7.590,9.302,11.615,10.975,4.709,1.331,0.505
C:\YARG\Charts\Carpal Tunnel Hero 3\[CTH3] 057. Humans Win the Match\Joe Stump - Shredlord's Sonata [Revelsa]\notes.chart,Shredlord's Sonata,Joe Stump,Revelsa,", 2012",Shred,11.10,9.91,1.19,15.472,2847,2883,519,2261,67,293.74,8.253,20.723,12.185,15.535,18.685,17.834,8.201,0.469,0.073
C:\YARG\Charts\Carpal Tunnel Hero 3\[CTH3] 057. Humans Win the Match\Nuito - NeKoMaJiN Vs [DaiJyoubs]\notes.chart,NeKoMaJiN Vs,Nuito,DaiJyoubs,", 2008",Math Rock,9.46,8.38,1.08,13.450,1774,2196,839,434,501,308.14,6.511,23.711,10.413,12.837,17.965,16.370,6.129,0.995,0.636
C:\YARG\Charts\Carpal Tunnel Hero 3\[CTH3] 057. Humans Win the Match\Warbringer - Living Weapon [Miscellany]\notes.chart,living,warbringer,,,rock,7.55,6.52,1.02,10.921,1664,1907,1382,233,49,257.01,5.725,19.929,8.585,10.371,14.676,13.202,5.035,1.630,0.381
C:\YARG\Charts\Carpal Tunnel Hero 3\[CTH3] 058. Journey Back Down to Earth\Casiopea - Olion [Peddy]\notes.chart,Olion,Casiopea,Peddy,", 1979",Jazz Fusion,8.83,7.87,0.96,12.761,1540,1642,273,602,665,197.02,6.544,18.315,10.444,12.411,15.975,14.838,6.422,0.500,0.362
C:\YARG\Charts\Carpal Tunnel Hero 3\[CTH3] 058. Journey Back Down to Earth\DGM Solo Medley Deluxe [Peddy]\notes.chart,DGM Solo Medley: Deluxe,DGM,Peddy,", 2021",Solo Medley,10.12,8.49,1.63,13.599,8312,8366,927,3674,3711,843.73,7.135,24.683,10.373,12.982,18.268,16.688,7.074,0.352,0.174
C:\YARG\Charts\Carpal Tunnel Hero 3\[CTH3] 058. Journey Back Down to Earth\Fear-Tech - Heir to the Throne [Sygenysis]\notes.chart,,,,,rock,6.80,5.69,1.11,9.738,2185,2406,1137,661,387,343.98,5.185,20.595,7.631,9.170,13.103,11.966,4.867,1.264,0.453
C:\YARG\Charts\Carpal Tunnel Hero 3\[CTH3] 058. Journey Back Down to Earth\Garigari Samushi - larva [Mintorment]\notes.chart,,,,,rock,8.18,7.31,0.87,12.012,1183,1277,440,456,287,142.57,6.290,17.654,9.849,11.879,14.416,13.815,6.007,1.186,0.173
C:\YARG\Charts\Carpal Tunnel Hero 3\[CTH3] 058. Journey Back Down to Earth\Grant Kirkhope - Banjo-Kazooie Nuts & Bolts - Main Theme [JoeyD]\notes.chart,Banjo-Kazooie Nuts & Bolts - Main Theme,Grant Kirkhope,JoeyD,", 2008",Metal,10.94,10.29,0.65,15.969,680,691,48,74,558,73.49,7.455,21.353,9.936,16.626,20.594,19.722,7.379,0.195,0.301
C:\YARG\Charts\Carpal Tunnel Hero 3\[CTH3] 058. Journey Back Down to Earth\Mark Varney Project - Rocks (Randy Brecker Cover) [iZenPenguin]\notes.chart,Rocks,Mike Varney Project,iZenPenguin,", 1990",Jazz Fusion,9.34,8.13,1.21,13.114,2763,3048,418,1987,358,409.42,5.678,24.065,9.765,12.357,18.664,16.229,5.575,0.339,0.240
C:\YARG\Charts\Carpal Tunnel Hero 3\[CTH3] 058. Journey Back Down to Earth\Sun Caged - On Again Off Again [Peddy]\notes.chart,On Again Off Again,Sun Caged,Peddy,", 2011",Progressive Metal,7.56,6.39,1.16,10.739,2463,2711,887,985,591,396.47,4.773,20.223,7.631,9.985,15.860,13.758,4.327,0.926,0.356
C:\YARG\Charts\Carpal Tunnel Hero 3\[CTH3] 059. Landing Back in the Stadium\Jan Cyrka - Hell and High Water (feat. Andy James Downdney) [Miscellany]\notes.chart,Hell and High Water,Jan Cyrka,Miscellany,", 2010",Heavy Metal,9.90,9.27,0.63,14.635,647,650,30,512,105,59.77,8.329,20.066,11.391,14.753,17.630,16.927,8.285,0.095,0.152
C:\YARG\Charts\Carpal Tunnel Hero 3\[CTH3] 059. Landing Back in the Stadium\Jimmy Rosenberg - Blue Bossa [Philanthrope]\notes.chart,Blue Bossa,Jimmy Rosenberg,Philanthrope,", 2004",Gypsy Jazz,7.46,6.56,0.90,10.971,1274,1385,596,678,0,209.85,5.225,18.905,8.355,10.481,14.706,13.478,4.978,0.981,0.457
C:\YARG\Charts\Carpal Tunnel Hero 3\[CTH3] 059. Landing Back in the Stadium\Mark Varney Project - Lovestruck [xX760Xx]\notes.chart,Lovestruck,Mark Varney Project,xX760Xx,,rock,9.90,8.53,1.37,13.654,4476,4494,640,2761,1075,591.44,6.290,24.872,10.548,13.161,17.723,16.609,6.201,0.381,0.167
C:\YARG\Charts\Carpal Tunnel Hero 3\[CTH3] 059. Landing Back in the Stadium\Michael Romeo - Djinn [Peddy]\notes.chart,Djinn,Michael Romero,Peddy,", 2018",Progressive Metal,6.76,5.56,1.20,9.551,2811,3002,743,1569,499,441.93,4.759,23.261,7.625,8.625,13.905,11.866,4.416,0.742,0.450
"C:\YARG\Charts\Carpal Tunnel Hero 3\[CTH3] 059. Landing Back in the Stadium\Racer X - Frenzy [jdurandTV, Chemfinal & xX760Xx]\notes.chart",Frenzy,Racer X,jdurandTV,", 1986",Speed Metal,9.56,8.74,0.82,13.940,1098,1110,213,586,299,101.20,7.571,17.343,12.104,14.012,15.754,15.168,7.331,0.522,0.126
C:\YARG\Charts\Carpal Tunnel Hero 3\[CTH3] 059. Landing Back in the Stadium\Sleep Terror - Dipsomaniacal Chronotherapy [Stickheadz32]\notes.chart,Dipsomaniacal Chronotherapy,Sleep Terror,Stickheadz32,", 2015",Experimental Metal,7.22,6.35,0.87,10.680,1227,1273,841,374,12,171.92,6.149,16.361,8.751,10.158,14.160,12.526,5.943,1.558,0.252
"C:\YARG\Charts\Carpal Tunnel Hero 3\[CTH3] 060. Saying Goodbye to the Aliens\AAAA Chazuke - good-bye, cosmonaut (Long Version) [DaiJyoubs]\notes.chart","good-bye, cosmonaut (Long Version)",AAAA Chazuke,DaiJyoubs,", 2020",Chiptune,7.81,6.84,0.97,11.354,1634,1676,611,426,597,223.88,5.599,18.575,8.161,11.013,15.375,14.100,5.450,1.061,0.278
C:\YARG\Charts\Carpal Tunnel Hero 3\[CTH3] 060. Saying Goodbye to the Aliens\Gianluca Ferro - Coma Cluster (feat. Alex Argento) [iZenPenguin]\notes.chart,Coma Cluster (feat. Alex Argento),Gianluca Ferro,iZenPenguin,", 2017",Shred,7.07,6.03,1.05,10.222,1973,2023,361,517,1095,323.79,4.696,19.049,7.886,9.814,13.527,12.408,4.450,0.345,0.572
C:\YARG\Charts\Carpal Tunnel Hero 3\[CTH3] 060. Saying Goodbye to the Aliens\Jaubi - Nafs at Peace [iZenPenguin]\notes.chart,Nafs at Peace,Jaubi,iZenPenguin,", 2021",Ethno-Jazz,6.27,5.16,1.11,8.984,2296,2382,39,11,2246,466.71,3.423,16.380,6.161,8.663,12.501,11.478,3.087,0.084,0.601
C:\YARG\Charts\Carpal Tunnel Hero 3\[CTH3] 060. Saying Goodbye to the Aliens\Mr. Fastfinger - Spirit Hunt (ft. Jordan Rudess) [Peddy]\notes.chart,Spirit Hunt (ft. Jordan Rudess),Mr. Fastfinger,Peddy,", 2015",Progressive Rock,9.47,8.19,1.28,13.201,3118,3579,697,687,1734,459.43,5.761,22.379,10.309,12.577,17.738,15.952,5.627,0.515,0.327
C:\YARG\Charts\Carpal Tunnel Hero 3\[CTH3] 060. Saying Goodbye to the Aliens\Pound - x..^..x-x..^..x-x..^..x-x..^..x- [Stickheadz32]\notes.chart,x..^..x-x..^..x-x..^..x-x..^..x-,Pound,Stickheadz32,", 2019",Mathcore,8.46,7.38,1.08,12.102,1318,2223,1142,176,0,253.62,6.356,17.186,9.122,11.804,15.678,14.711,5.899,2.488,0.655
C:\YARG\Charts\Carpal Tunnel Hero 3\[CTH3] 060. Saying Goodbye to the Aliens\Twilight Force - Twilight Horizon [Peddy]\notes.chart,Twilight Horizon,Twilight Force,Peddy,", 2014",Power Metal,6.89,5.70,1.19,9.755,2813,2921,1969,452,392,294.07,4.189,20.723,6.483,8.950,15.137,12.965,3.261,1.825,0.144
C:\YARG\Charts\Carpal Tunnel Hero 3\[CTH3] 061. Reaching NASA Headquarters\Aleksei Arkhipovsky - Vanya [gaebpls]\notes.chart,Untitled Song,Unknown Artist,Unknown Charter,,rock,13.49,12.30,1.19,18.529,2113,2879,1186,927,0,226.61,10.401,29.831,14.649,18.137,23.662,21.693,10.280,1.564,0.010
C:\YARG\Charts\Carpal Tunnel Hero 3\[CTH3] 061. Reaching NASA Headquarters\Anthrax - Chromatic Death (Stormtroopers of Death cover) [ThundahK]\notes.chart,Chromatic Death,Anthrax,ThundahK ,", 1991",Thrash Metal,5.70,4.95,0.76,8.670,767,943,733,34,0,82.21,4.769,10.605,7.914,8.465,9.836,9.494,4.290,1.875,0.176
C:\YARG\Charts\Carpal Tunnel Hero 3\[CTH3] 061. Reaching NASA Headquarters\Falling Sickness - Too P.C [iZenPenguin]\notes.chart,Too P.C.,Falling Sickness,iZenPenguin,", 1996",Ska,7.99,7.22,0.77,11.878,672,986,637,30,5,82.38,7.334,19.769,9.838,11.536,14.911,13.681,7.173,1.916,0.153
C:\YARG\Charts\Carpal Tunnel Hero 3\[CTH3] 061. Reaching NASA Headquarters\Good Game - Cheating the NASA Space Physical [iZenPenguin]\notes.chart,Cheating the NASA Space Physical,Good Game,iZenPenguin,", 2017",Math Rock,9.10,8.05,1.05,13.013,1498,2023,355,261,882,203.51,7.868,17.038,11.493,12.704,15.081,14.577,7.619,0.644,0.541
C:\YARG\Charts\Carpal Tunnel Hero 3\[CTH3] 061. Reaching NASA Headquarters\Havok - Phantom Force [Miscellany]\notes.chart,Phantom Force,Havok,Miscellany,,rock,7.24,6.30,0.94,10.612,1419,1536,1315,60,44,176.32,5.712,13.758,8.600,10.559,12.633,12.239,4.725,2.377,0.503
C:\YARG\Charts\Carpal Tunnel Hero 3\[CTH3] 061. Reaching NASA Headquarters\Jared Dines - Melody VS Shred [Peddy]\notes.chart,Melody VS Shred,Jared Dines,Peddy,", 2018",Instrumental Shred,9.27,8.42,0.86,13.504,1217,1236,515,497,205,173.23,5.937,21.081,9.460,13.082,18.747,16.888,5.772,0.895,0.371
C:\YARG\Charts\Carpal Tunnel Hero 3\[CTH3] 061. Reaching NASA Headquarters\Michael Angelo Batio - No Boundaries [Peddy]\notes.chart,No Boundaries,Michael Angelo Batio,Peddy,", 1995",Shred,9.29,8.27,1.02,13.311,1870,1871,276,1393,201,219.88,6.638,21.770,10.265,13.130,16.997,15.684,6.534,0.408,0.311
C:\YARG\Charts\Carpal Tunnel Hero 3\[CTH3] 062. Kicked Out of NASA Headquarters\Agnoxia - Ser-Humano [Miscellany]\notes.chart,Ser-Humano (feat. Jadran Gonzalez of Exmortus),Agnoxia,Miscellany,", 2021",Thrash Metal,8.18,7.13,1.05,11.761,1682,2045,998,610,74,247.76,6.318,18.490,9.521,11.490,14.712,13.697,6.064,1.450,0.310
C:\YARG\Charts\Carpal Tunnel Hero 3\[CTH3] 062. Kicked Out of NASA Headquarters\Bathory - Hades [Stickheadz32]\notes.chart,Hades,Bathory,Stickheadz32,", 1984",Blackened Punk,6.37,5.46,0.91,9.415,1109,1440,919,190,0,159.97,5.835,12.953,7.777,9.024,11.821,11.141,5.017,2.877,0.405
C:\YARG\Charts\Carpal Tunnel Hero 3\[CTH3] 062. Kicked Out of NASA Headquarters\Chaotrope - The Thief in the Night - Part I [Chaotrope]\notes.chart,notes,,,,rock,10.50,9.33,1.17,14.712,2671,2768,533,1973,165,354.11,6.712,27.730,11.229,13.769,20.729,18.180,6.440,0.395,0.350
C:\YARG\Charts\Carpal Tunnel Hero 3\[CTH3] 062. Kicked Out of NASA Headquarters\Colin Stetson - Spindrift [Haggis]\notes.chart,Spindrift,Colin Stetson,Haggis,", 2017",Post-Minimalism,12.67,11.27,1.39,17.225,4743,4743,0,0,4743,379.59,13.151,19.562,15.899,17.154,18.599,18.358,13.151,0.021,0.000
C:\YARG\Charts\Carpal Tunnel Hero 3\[CTH3] 062. Kicked Out of NASA Headquarters\cosMo@Bousou-P - Dareka Kono Itami Ni Namae Wo Tsukete Kudasai (feat. Hatsune Miku _ GUMI) [DaiJyoubs]\notes.chart,Dareka Kono Itami Ni Namae Wo Tsukete Kudasai (feat. Hatsune Miku & GUMI),cosMo@Bousou-P,DaiJyoubs,", 2020",Denpa,7.99,6.94,1.05,11.501,1973,2051,426,601,946,213.42,6.805,17.595,10.193,11.328,13.176,12.688,6.694,0.858,0.213
C:\YARG\Charts\Carpal Tunnel Hero 3\[CTH3] 062. Kicked Out of NASA Headquarters\Dream Theater - Lie [Big Whoop Magazine]\notes.chart,Lie (Full Song),,,,rock,7.53,6.35,1.18,10.679,2327,2808,1244,941,142,392.69,5.019,20.201,7.282,10.115,15.896,13.585,4.666,1.260,0.485
C:\YARG\Charts\Carpal Tunnel Hero 3\[CTH3] 062. Kicked Out of NASA Headquarters\Estradasphere - A Corporate Merger [torqqes]\notes.chart,A Corporate Merger,Estradasphere,torqqes,", 2006",idk,7.11,5.81,1.30,9.912,3432,3766,1713,1405,314,489.62,5.517,14.774,8.023,9.765,12.353,11.382,5.273,1.689,0.467
C:\YARG\Charts\Carpal Tunnel Hero 3\[CTH3] 062. Kicked Out of NASA Headquarters\Richard Andersson's Space Odyssey Solo Medley [Peddy]\notes.chart,Richard Andersson's Space Odyssey Solo Medley ,Richard Andersson's Space Odyssey,Peddy,", 2020",Solo Medley,11.47,9.86,1.61,15.404,7848,7917,528,2678,4642,787.61,7.505,27.000,11.642,14.872,20.624,18.692,7.409,0.255,0.174
C:\YARG\Charts\Carpal Tunnel Hero 3\[CTH3] 063. Off to SpaceX\Aghora - Cave [iZenPenguin]\notes.chart,Cave,Aghora,iZenPenguin,", 2019",Shred Metal,6.00,4.95,1.05,8.682,2017,2031,871,1107,39,395.25,3.545,17.175,5.950,8.423,12.010,11.017,3.210,0.761,0.425
C:\YARG\Charts\Carpal Tunnel Hero 3\[CTH3] 063. Off to SpaceX\Blotted Science - A Sting Operation [Big Whoop Magazine]\notes.chart,A Sting Operation,,,,rock,6.30,5.09,1.21,8.878,3035,3047,1269,1416,350,518.33,4.139,15.280,6.879,8.473,11.880,10.788,3.945,0.576,0.339
C:\YARG\Charts\Carpal Tunnel Hero 3\[CTH3] 063. Off to SpaceX\Bob Katsionis - Turn of My Century [Peddy]\notes.chart,Turn of My Century,Bob Katsionis,Peddy,", 2002",Progressive Metal,12.53,11.49,1.04,17.496,2018,2018,232,16,1770,180.32,9.197,30.780,12.958,16.704,25.045,21.174,9.173,0.270,0.057
C:\YARG\Charts\Carpal Tunnel Hero 3\[CTH3] 063. Off to SpaceX\Fleshgod Apocalypse - In Aeternum [Miscellany]\notes.chart,In Aeternum,Fleshgod Apocalypse,Miscellany,", 2016",Symphonic Death Metal,5.24,3.92,1.31,7.147,3012,3924,2555,410,47,325.08,3.787,14.010,5.196,6.829,10.057,8.847,2.671,2.478,0.076
C:\YARG\Charts\Carpal Tunnel Hero 3\[CTH3] 063. Off to SpaceX\Hiromi - BQE [ΩHM]\notes.chart,BQE,Hiromi,OHM,", 2009",Jazz,10.13,8.93,1.20,14.188,2766,2934,0,0,2766,350.64,6.812,18.734,11.303,14.306,16.713,16.266,6.570,0.020,0.304
C:\YARG\Charts\Carpal Tunnel Hero 3\[CTH3] 063. Off to SpaceX\Jake Guy - Wheelspin [iZenPenguin]\notes.chart,Wheelspin,Jake Guy,iZenPenguin,", 2016",Shred,8.50,7.46,1.04,12.215,1935,1979,542,518,875,250.55,5.983,22.777,9.041,11.428,17.225,15.446,5.895,0.865,0.373
C:\YARG\Charts\Carpal Tunnel Hero 3\[CTH3] 063. Off to SpaceX\James Moody - Critical Mass [Peddy]\notes.chart,Critical Mass,James Moody,Peddy,", 2021",Progressive Metal,11.39,10.36,1.03,16.059,1899,1920,246,1637,16,188.64,8.312,22.540,12.835,16.140,19.218,18.325,8.212,0.321,0.235
C:\YARG\Charts\Carpal Tunnel Hero 3\[CTH3] 063. Off to SpaceX\New Sygenysis Solo Medley [Sygenysis]\notes.chart,,,,,rock,10.79,9.07,1.72,14.373,10109,10203,1314,5552,3243,921.41,7.430,27.653,10.475,13.608,19.980,18.162,7.350,0.445,0.150
C:\YARG\Charts\Carpal Tunnel Hero 3\[CTH3] 064. Playing Super Mario 64 at SpaceX\Annihilator - Payback [torqqes]\notes.chart,Payback,Annihilator,torqqes,", 2010",rock,8.57,7.41,1.16,12.147,2217,2667,1269,754,194,299.88,6.940,20.841,9.126,12.067,15.587,14.384,6.735,2.063,0.415
C:\YARG\Charts\Carpal Tunnel Hero 3\[CTH3] 064. Playing Super Mario 64 at SpaceX\Atka - U.A.-I (Full Album) [Stickheadz32]\notes.chart,U.A.-I (full album),Atka,Stickheadz32,", 2018",Mathgrind,9.52,7.63,1.89,12.438,12604,15344,11298,1066,240,1843.53,5.476,29.446,9.042,11.770,17.478,15.667,4.904,1.751,0.436
C:\YARG\Charts\Carpal Tunnel Hero 3\[CTH3] 064. Playing Super Mario 64 at SpaceX\Behold... The Arctopus - Exospacial Psionic Aura [ΩHM]\notes.chart,Exospacial Psionic Aura,Behold... the Arctopus,OHM,", 2005",Avant-Garde Technical,9.10,7.91,1.19,12.820,2632,2870,1340,306,986,437.94,6.165,20.674,9.891,12.191,17.337,15.640,5.915,0.895,0.309
C:\YARG\Charts\Carpal Tunnel Hero 3\[CTH3] 064. Playing Super Mario 64 at SpaceX\Flux Pavilion & Big Voyage - Shoot Me (feat. JakkCity) [ΩHM]\notes.chart,Shoot Me (feat. JakkCity),Flux Pavilion & Big Voyage,OHM,", 2015",Deep House,6.21,5.34,0.87,9.242,1243,1279,71,40,1132,192.55,3.825,12.339,7.691,8.811,11.793,10.878,3.405,0.319,0.348
C:\YARG\Charts\Carpal Tunnel Hero 3\[CTH3] 064. Playing Super Mario 64 at SpaceX\Instant Reality - Labs of the Mad Doctor [Supradyke]\notes.chart,Labs of the Mad Doctor,Instant Reality,Supradyke,", 2019",Suprawave,15.47,14.44,1.03,21.168,1889,1960,112,32,1745,178.43,7.608,55.224,13.464,18.138,36.119,30.139,7.349,0.313,0.354
C:\YARG\Charts\Carpal Tunnel Hero 3\[CTH3] 064. Playing Super Mario 64 at SpaceX\Mathieu Fiset - One More !!! (ft. Larnell Lewis & Jordan Rudess) [Peddy]\notes.chart,One More !!?!?? (ft. Larnell Lewis & Jordan Rudess),Mathieu Fiset,Peddy,", 2021",Jazz Fusion,8.49,7.49,0.99,12.257,1726,1766,36,72,1618,239.73,5.276,26.465,8.722,11.322,17.967,15.922,5.205,0.061,0.248
C:\YARG\Charts\Carpal Tunnel Hero 3\[CTH3] 064. Playing Super Mario 64 at SpaceX\Pat Metheny - Song for Bilbao (Live) [Haggis]\notes.chart,Song for Bilbao (Live),Pat Metheny,Haggis,", 2016",Jazz Fusion,8.04,6.80,1.24,11.309,2530,3266,996,1013,521,469.59,4.259,26.267,7.370,10.730,16.563,14.910,3.962,0.924,0.380
C:\YARG\Charts\Carpal Tunnel Hero 3\[CTH3] 065. Dinner Party at SpaceX\Jens Johansson - Hooded Strangers (ft. Shawn Lane) [Peddy]\notes.chart,Hooded Strangers (ft. Shawn Lane),Jens Johansson,Peddy,", 1998",Jazz Fusion,7.60,6.33,1.27,10.644,3430,3561,323,645,2462,635.49,4.375,26.855,5.981,9.589,18.100,15.119,4.135,0.196,0.438
C:\YARG\Charts\Carpal Tunnel Hero 3\[CTH3] 065. Dinner Party at SpaceX\Royal Hunt - Break Your Chains [Peddy]\notes.chart,Break Your Chains,Royal Hunt,Peddy,", 2005",Neoclassical Metal,8.42,7.33,1.09,12.036,2205,2245,596,237,1372,281.85,5.176,22.820,9.450,10.980,18.205,14.559,4.876,0.453,0.578
C:\YARG\Charts\Carpal Tunnel Hero 3\[CTH3] 065. Dinner Party at SpaceX\Sleeping Pola - kuuchuubunkai [DaiJyoubs]\notes.chart,kuuchuubunkai,Sleeping Pola,DaiJyoubs,", 2019",Math Rock,8.26,7.18,1.08,11.828,1713,2183,481,362,870,226.20,6.565,15.075,10.410,11.472,14.195,13.218,6.175,0.961,0.611
C:\YARG\Charts\Carpal Tunnel Hero 3\[CTH3] 065. Dinner Party at SpaceX\Stickheadz32's Aggressively Shitting Solo Medley [Stickheadz32]\notes.chart,Stickheadz32's Aggressively Shitting Solo Medley,Various Artists,Stickheadz32,", 2021",Yes,12.35,10.70,1.65,16.495,8302,8711,1336,3742,3224,673.60,8.690,33.570,12.790,15.910,21.342,20.021,8.538,0.575,0.125
C:\YARG\Charts\Carpal Tunnel Hero 3\[CTH3] 065. Dinner Party at SpaceX\Syu - Civamallosso [Peddy]\notes.chart,Civamallosso,Syu,Peddy,", 2016",Metal,7.97,6.97,1.00,11.540,1781,1797,680,764,337,217.97,5.393,24.260,7.821,10.888,16.180,15.334,5.091,1.400,0.165
C:\YARG\Charts\Carpal Tunnel Hero 3\[CTH3] 065. Dinner Party at SpaceX\The Surrealist - Waves of Naked Awareness [Supahfast198]\notes.chart,,,,,rock,5.98,4.79,1.19,8.439,2920,2921,570,2346,4,274.13,5.486,11.912,7.335,8.015,10.304,9.842,5.413,0.820,0.113
C:\YARG\Charts\Carpal Tunnel Hero 3\[CTH3] 065. Dinner Party at SpaceX\Toto - Rosanna (Live At Montreux) [Peddy]\notes.chart,Rosanna (Live at Montreux),Toto,Peddy,", 1991",Rock,8.37,7.14,1.23,11.770,2389,3235,1188,347,854,438.98,4.373,27.752,6.564,10.160,20.736,17.417,3.642,1.121,0.575
C:\YARG\Charts\Carpal Tunnel Hero 3\[CTH3] 066. The Devil Came Down to SpaceX\Cattle Decapitation - Plagueborne [Miscellany]\notes.chart,Plagueborne,Cattle Decapitation,Miscellany,", 2015",Death Metal,5.99,4.78,1.21,8.427,2141,3012,2025,116,0,275.87,4.450,14.998,7.161,8.165,10.172,9.728,3.527,1.862,0.535
C:\YARG\Charts\Carpal Tunnel Hero 3\[CTH3] 066. The Devil Came Down to SpaceX\Darren Korb - The Unseen Ones [Miscellany]\notes.chart,,,,,rock,6.47,5.42,1.05,9.356,2047,2055,503,1473,71,244.21,5.008,15.570,7.450,9.125,11.796,11.038,4.875,0.588,0.276
C:\YARG\Charts\Carpal Tunnel Hero 3\[CTH3] 066. The Devil Came Down to SpaceX\Frédéric Chopin - Fantaisie-Impromptu Op. 66 [Stickheadz32]\notes.chart,Fantaisie-Impromptu Op. 66,Frédéric Chopin,Stickheadz32,", 1834",Classical,10.25,9.19,1.06,14.531,2038,2084,0,0,2038,260.10,7.120,19.427,12.515,14.445,16.799,16.114,7.038,0.003,0.454
"C:\YARG\Charts\Carpal Tunnel Hero 3\[CTH3] 066. The Devil Came Down to SpaceX\James Moody - Eternity Solo Medley [OrangeHat, Miscellany, Peddy]\notes.chart",Eternity Solo Medley,James Moody,"OrangeHat, Miscellany, Peddy",", 2021",Shred,12.11,10.49,1.62,16.224,8112,8122,1053,7000,59,674.20,8.603,23.785,12.615,15.690,21.511,19.293,8.503,0.315,0.108
C:\YARG\Charts\Carpal Tunnel Hero 3\[CTH3] 066. The Devil Came Down to SpaceX\Snail's House - Hot Milk [Haggis]\notes.chart,Hot Milk,Snail's House,Haggis,", 2016",Future Bass,11.58,10.51,1.07,16.243,2000,2163,317,61,1622,231.87,6.389,21.443,12.173,16.133,20.694,19.355,6.007,0.512,0.539
C:\YARG\Charts\Carpal Tunnel Hero 3\[CTH3] 066. The Devil Came Down to SpaceX\Steve Ouimette - The Devil Made Me Do It [jdurandTV]\notes.chart,The Devil Made Me Do It,Steve Ouimette,jdurandTV,", 2017",Rock,8.65,7.68,0.97,12.511,1558,1657,859,232,467,208.43,5.397,21.551,9.706,11.811,16.943,15.374,5.146,0.810,0.340
C:\YARG\Charts\Carpal Tunnel Hero 3\[CTH3] 066. The Devil Came Down to SpaceX\Steve Vai - Lights Are On [iZenPenguin]\notes.chart,Lights Are On,Steve Vai,iZenPenguin,", 2016",Shred,7.33,6.21,1.12,10.477,2325,2461,521,741,1063,379.51,4.433,17.998,7.259,10.202,14.394,13.162,4.249,0.535,0.326
C:\YARG\Charts\Carpal Tunnel Hero 3\[CTH3] 066. The Devil Came Down to SpaceX\Todd Duane - Poison Ivy [iZenPenguin]\notes.chart,Poison Ivy,Todd Duane,iZenPenguin,", 1995",Shred Rock,7.45,6.59,0.86,11.018,1165,1248,337,815,13,197.44,4.961,22.935,8.359,10.338,15.267,13.747,4.756,0.532,0.473
"C:\YARG\Charts\Carpal Tunnel Hero 3\[CTH3] 067. That's Enough SpaceX, Back to Football\A Miscellany Solo Medley [Miscellany]\notes.chart",A Miscellany Solo Medley,Various Artists,Miscellany,", 2021",Solo Medley,11.47,9.92,1.55,15.482,6714,6920,1272,3432,2010,637.76,7.553,26.303,11.196,14.545,22.203,19.587,7.426,0.557,0.144
"C:\YARG\Charts\Carpal Tunnel Hero 3\[CTH3] 067. That's Enough SpaceX, Back to Football\Anamanaguchi - Japan Air (feat. Meesh) [iZenPenguin}\notes.chart",Japan Air (feat. Meesh),Anamanaguchi,iZenPenguin,", 2013",Chiptune,11.43,10.35,1.08,16.038,2002,2212,1216,252,534,247.85,7.224,24.863,10.442,15.596,22.395,20.851,7.019,1.474,0.303
"C:\YARG\Charts\Carpal Tunnel Hero 3\[CTH3] 067. That's Enough SpaceX, Back to Football\Another Miscellany Solo Medley [Miscellany]\notes.chart",Another Miscellany Solo Medley,Various Artists,Miscellany,", 2021",Solo Medley,12.35,10.66,1.69,16.441,9410,9672,1466,4270,3674,963.49,7.650,30.353,10.951,15.120,25.227,21.883,7.513,0.527,0.220
"C:\YARG\Charts\Carpal Tunnel Hero 3\[CTH3] 067. That's Enough SpaceX, Back to Football\Candlemass - Into the Unfathomed Tower [Peddy]\notes.chart",Into the Unfathomed Tower,Candlemass,Peddy,", 1989",rock,11.95,10.96,0.99,16.822,1718,1751,554,577,587,179.16,7.658,25.808,12.061,16.599,23.099,20.136,7.493,0.912,0.319
"C:\YARG\Charts\Carpal Tunnel Hero 3\[CTH3] 067. That's Enough SpaceX, Back to Football\David Shankle - The Demonic Solo [OrangeHat]\notes.chart",The Demonic Solo,David Shankle,OrangeHat,", 2012",Shred,11.10,10.36,0.74,16.055,908,910,24,884,0,68.83,8.925,21.435,13.035,15.727,19.691,18.749,8.863,0.078,0.192
"C:\YARG\Charts\Carpal Tunnel Hero 3\[CTH3] 067. That's Enough SpaceX, Back to Football\Deathspell Omega - Scorpions & Drought [Stickheadz32]\notes.chart",Scorpions & Drought,Deathspell Omega,Stickheadz32,", 2012",Avant-garde/Black Metal,12.46,11.39,1.07,17.377,1332,2160,1104,2,226,187.85,6.939,26.001,10.663,17.226,25.026,22.286,6.685,1.159,0.649
"C:\YARG\Charts\Carpal Tunnel Hero 3\[CTH3] 067. That's Enough SpaceX, Back to Football\Johnny Hiland - Barnyard Breakdown [jdurandTV]\notes.chart",Barnyard Breakdown,Johnny Hiland,jdurandTV,,Bluegrass Shred,11.67,10.70,0.97,16.498,1378,1667,396,972,10,161.08,9.406,25.565,13.529,15.258,22.200,20.150,9.346,1.132,0.121
"C:\YARG\Charts\Carpal Tunnel Hero 3\[CTH3] 067. That's Enough SpaceX, Back to Football\O.M.F.O. - Magic Mamaliga [Stickheadz32]\notes.chart",Magic Mamaliga,O.M.F.O.,Stickheadz32,", 2006",Balkan Electro,9.54,8.67,0.87,13.837,1254,1284,61,0,1193,125.49,7.417,15.926,11.331,13.976,15.926,15.611,7.281,0.363,0.105
C:\YARG\Charts\Carpal Tunnel Hero 3\[CTH3] 068. Injury on the Field\Infant Annihilator - Pelt of Innocent Flesh [Miscellany]\notes.chart,Pelt of Innocent Flesh,Infant Annihilator,Miscellany,", 2016",Deathcore,7.21,5.92,1.30,10.067,3000,3746,2501,499,0,410.41,4.460,19.654,7.144,9.826,13.237,12.678,3.582,1.647,0.464
C:\YARG\Charts\Carpal Tunnel Hero 3\[CTH3] 068. Injury on the Field\Jordan Rudess - Ra (ft. Vinnie Moore) [Peddy]\notes.chart,Ra (ft. Vinnie Moore),Jordan Rudess,Peddy,", 2004",Progressive Metal,7.78,6.54,1.25,10.938,3195,3329,248,668,2279,452.22,5.091,21.915,7.898,10.230,16.063,13.768,4.998,0.270,0.257
C:\YARG\Charts\Carpal Tunnel Hero 3\[CTH3] 068. Injury on the Field\Journal - Festooned With Snakes [NarugaKuruga]\notes.chart,Festooned With Snakes,Journal,NarugaKuruga,", 2010",Mathcore,17.20,15.96,1.24,23.011,2637,3306,1108,856,673,277.57,8.618,28.422,16.858,24.278,26.723,25.998,8.316,1.335,0.179
C:\YARG\Charts\Carpal Tunnel Hero 3\[CTH3] 068. Injury on the Field\Kenji Mizuno - Kimi Tour [Mintorment]\notes.chart,,,,,rock,12.98,12.10,0.88,18.272,1287,1333,352,152,783,140.63,7.455,24.948,13.221,18.409,23.160,21.834,7.304,0.739,0.437
C:\YARG\Charts\Carpal Tunnel Hero 3\[CTH3] 068. Injury on the Field\Light Beyond Sleep - Variant [Peddy]\notes.chart,Variant,Light Beyond Sleep,Peddy,", 2021",Progressive Rock,7.97,6.88,1.09,11.415,2197,2268,639,1016,542,338.39,5.216,20.349,8.476,11.187,14.859,13.880,5.114,0.701,0.335
C:\YARG\Charts\Carpal Tunnel Hero 3\[CTH3] 068. Injury on the Field\Marbin - Alabama Sock Party [DaiJyoubs]\notes.chart,Alabama Sock Party,Marbin,DaiJyoubs,", 2019",Progressive Blues Rock,8.82,7.62,1.20,12.424,2617,2975,693,786,1138,304.57,6.711,20.075,9.718,11.899,16.673,14.865,6.621,0.711,0.128
C:\YARG\Charts\Carpal Tunnel Hero 3\[CTH3] 068. Injury on the Field\Morbid Angel - The Righteous Voice [Miscellany]\notes.chart,The Righteous Voice,Morbid Angel,Miscellany,", 2017",Death Metal,5.50,4.18,1.32,7.538,3325,3961,2923,387,15,300.39,4.447,12.635,6.240,7.197,9.594,8.897,3.704,2.346,0.242
C:\YARG\Charts\Carpal Tunnel Hero 3\[CTH3] 068. Injury on the Field\Perdition Temple - Sacraments of Descension Solo Medley [OrangeHat]\notes.chart,Sacraments of Descension Solo Medley,Perdition Temple,OrangeHat,", 2020",Solo Medley,10.54,9.33,1.20,14.718,3000,3005,405,1730,865,236.58,7.946,29.363,10.763,14.004,19.866,18.692,7.834,0.723,0.104
C:\YARG\Charts\Carpal Tunnel Hero 3\[CTH3] 069. Nice\Artillery - Life in Bondage [Miscellany]\notes.chart,Life in Bondage,Artillery,Miscellany,", 1990",Thrash Metal,8.32,7.14,1.17,11.780,2442,2760,1504,878,60,322.15,7.133,17.657,9.769,11.493,14.564,13.546,6.860,2.049,0.152
C:\YARG\Charts\Carpal Tunnel Hero 3\[CTH3] 069. Nice\Bumblefoot - Guitars Still Suck [Chemfinal]\notes.chart,,,,,rock,14.35,13.34,1.01,19.817,1722,1857,239,1368,115,174.74,10.686,24.005,17.130,19.980,22.360,21.537,10.571,0.466,0.242
C:\YARG\Charts\Carpal Tunnel Hero 3\[CTH3] 069. Nice\LOVEBITES - Scream For Me [Spachi]\notes.chart,Scream For Me,LOVEBITES,Spachi,", 2017",Power Metal,10.09,8.87,1.22,14.106,2434,3091,1698,349,387,341.30,7.079,30.420,9.745,13.680,19.230,17.953,6.848,1.586,0.199
C:\YARG\Charts\Carpal Tunnel Hero 3\[CTH3] 069. Nice\Marc Rizzo - Kilocycle Interval [jdurandTV]\notes.chart,Kilocycle Interval,Marc Rizzo,jdurandTV,", 2005",Shred,11.92,10.68,1.24,16.469,3146,3251,501,2180,465,358.51,7.406,31.703,10.113,13.750,27.794,24.871,7.308,0.318,0.199
C:\YARG\Charts\Carpal Tunnel Hero 3\[CTH3] 069. Nice\Michael Paouris - Fire on the Pick [Stickheadz32]\notes.chart,Fire on the Pick,Michael Paouris,Stickheadz32,", 2018",Gyro Shred,11.98,11.14,0.83,17.062,1126,1162,157,969,0,90.60,9.166,24.400,13.350,16.876,20.785,20.259,9.151,0.612,0.000
C:\YARG\Charts\Carpal Tunnel Hero 3\[CTH3] 069. Nice\Michael Paouris - Fire on the Pick No. 2 [Haggis]\notes.chart,Fire on the Pick No. 2,Michael Paouris,Haggis,", 2018",Gyro Shred,14.42,13.56,0.86,20.088,1213,1261,149,1064,0,88.07,11.822,33.883,14.619,19.103,26.995,25.690,11.814,0.571,0.000
C:\YARG\Charts\Carpal Tunnel Hero 3\[CTH3] 069. Nice\Platitude Solo Medley [Peddy]\notes.chart,Platitude Solo Medley,Platitude,Peddy,", 2021",Solo Medley,13.17,11.68,1.49,17.742,5919,5948,309,572,5038,539.63,8.185,28.265,13.753,17.058,23.615,21.332,8.092,0.182,0.229
C:\YARG\Charts\Carpal Tunnel Hero 3\[CTH3] 069. Nice\Steve Vai - Freak Show Excess [Peddy]\notes.chart,Freak Show Excess,Steve Vai,Peddy,", 2006",Progressive Rock,9.29,8.00,1.28,12.950,3471,3613,614,2354,503,404.99,7.093,20.584,10.615,12.450,16.474,15.231,7.016,0.589,0.150
C:\YARG\Charts\Carpal Tunnel Hero 3\[CTH3] 070. Glowstick Party\jdurandTV - Fully Glowman [jdurandTV]\notes.chart,Fully Glowman,jdurandTV,jdurandTV,", 2021",rock,11.54,9.67,1.87,15.159,11240,14709,4746,4609,1885,1261.51,6.854,38.439,10.354,14.096,22.517,19.879,6.423,1.196,0.038
C:\YARG\Charts\Carpal Tunnel Hero 3\[CTH3] 070. Glowstick Party\jdurandTV - Glowman [jdurandTV]\notes.chart,Glow Man 1,jdurandTV,jdurandTV,", 2011",Chiptune,10.44,9.11,1.33,14.428,2980,4088,1565,1117,298,351.24,6.306,38.439,9.498,12.985,22.620,19.740,5.729,1.379,0.016
C:\YARG\Charts\Carpal Tunnel Hero 3\[CTH3] 070. Glowstick Party\jdurandTV - Glowman 2 [jdurandTV]\notes.chart,,,,,rock,9.24,7.98,1.27,12.912,2699,3490,952,1240,507,312.89,6.356,23.389,9.068,12.274,18.594,16.315,5.855,1.155,0.024
C:\YARG\Charts\Carpal Tunnel Hero 3\[CTH3] 070. Glowstick Party\jdurandTV - Glowman 3 [jdurandTV]\notes.chart,,,,,rock,12.43,11.12,1.30,17.036,2855,3836,1269,1185,401,316.06,7.135,35.065,10.837,16.528,23.953,22.472,6.761,1.191,0.077
C:\YARG\Charts\Carpal Tunnel Hero 3\[CTH3] 070. Glowstick Party\jdurandTV - Glowman 4 [jdurandTV]\notes.chart,Glowman 4,jdurandTV,jdurandTV,", 2012",Chiptune,12.12,10.88,1.24,16.723,2712,3301,962,1067,683,281.60,8.453,31.983,12.406,15.555,24.008,21.108,8.222,1.108,0.038
C:\YARG\Charts\Carpal Tunnel Hero 3\[CTH3] 071. Throw a Football Into the Pacific Ocean\Adagio - Codex Oscura [Peddy]\notes.chart,Codex Oscura,Adagio,Peddy,", 2009",Progressive Metal,7.23,5.99,1.24,10.167,3021,3274,1061,467,1493,530.25,4.802,21.223,7.628,9.574,14.146,12.685,4.535,0.784,0.471
C:\YARG\Charts\Carpal Tunnel Hero 3\[CTH3] 071. Throw a Football Into the Pacific Ocean\Black Label Society - Chupacabra [Tris255]\notes.chart,Chupacabra,Black Label Society,Tris255,", 2010",Flamenco,15.19,14.60,0.59,21.365,570,580,197,373,0,45.85,11.781,24.963,19.539,21.166,23.817,22.870,11.663,2.280,0.163
C:\YARG\Charts\Carpal Tunnel Hero 3\[CTH3] 071. Throw a Football Into the Pacific Ocean\David Lee Roth - Shyboy [iZenPenguin]\notes.chart,Shyboy (Timido),David Lee Roth,iZenPenguin,", 1986",Hard Rock,8.65,7.67,0.98,12.494,1432,1720,637,147,648,197.53,6.183,20.940,9.354,11.759,18.124,15.260,5.961,1.210,0.480
C:\YARG\Charts\Carpal Tunnel Hero 3\[CTH3] 071. Throw a Football Into the Pacific Ocean\John Butler - Ocean [Chemfinal]\notes.chart,,,,,rock,8.45,6.88,1.57,11.411,5054,7219,3658,393,1003,697.42,5.978,16.250,9.358,11.274,13.816,13.083,5.409,2.337,0.318
C:\YARG\Charts\Carpal Tunnel Hero 3\[CTH3] 071. Throw a Football Into the Pacific Ocean\Lucas de la Rosa - Original Condition [XEntombmentX]\notes.chart,Original Condition,Lucas de la Rosa,XEntombmentX,", 2020",Progressive Metal,8.09,7.10,0.99,11.713,1548,1770,403,864,281,225.43,6.491,18.534,9.900,11.580,13.755,13.257,6.400,0.746,0.172
C:\YARG\Charts\Carpal Tunnel Hero 3\[CTH3] 071. Throw a Football Into the Pacific Ocean\Mark Varney Project - So What (Miles Davis Cover) [xX760Xx]\notes.chart,So What,Mark Varney Project,xX760Xx,,rock,8.26,7.03,1.23,11.617,3218,3231,793,2413,12,575.92,4.704,21.745,8.566,11.117,16.012,14.360,4.607,0.375,0.221
C:\YARG\Charts\Carpal Tunnel Hero 3\[CTH3] 071. Throw a Football Into the Pacific Ocean\Shawn Lane - Pluie De Etincelles [Haggis]\notes.chart,Pluie De Etincelles,Shawn Lane,Haggis,", 1995",Free Jazz,11.17,10.04,1.13,15.636,2412,2506,0,0,2412,240.23,8.137,33.106,12.590,15.095,19.371,18.791,8.036,0.027,0.238
C:\YARG\Charts\Carpal Tunnel Hero 3\[CTH3] 071. Throw a Football Into the Pacific Ocean\xi - Glorious Crown [Mintorment]\notes.chart,,,,,rock,11.38,10.16,1.22,15.794,3078,3146,174,535,2369,240.53,10.328,21.393,13.856,15.773,17.793,17.265,10.301,0.311,0.029
C:\YARG\Charts\Carpal Tunnel Hero 3\[CTH3] 072. Diving Into the Deep (For the Foootball)\Chroma - Sink to the Deep Sea World [iZenPenguin]\notes.chart,Sink to the Deep Sea World,Chronos,iZenPenguin,", 2015",Breakbeat,10.74,9.56,1.18,15.021,2654,2809,174,724,1756,237.24,8.603,41.243,12.087,13.035,24.480,18.426,8.569,0.404,0.048
C:\YARG\Charts\Carpal Tunnel Hero 3\[CTH3] 072. Diving Into the Deep (For the Foootball)\David Bowie - Aladdin Sane [ΩHM]\notes.chart,Aladdin Sane,David Bowie,OHM,", 1973",Rock,6.21,5.15,1.06,8.962,1536,2100,27,24,1485,305.54,3.489,20.862,6.075,8.235,13.928,11.723,3.340,0.069,0.285
C:\YARG\Charts\Carpal Tunnel Hero 3\[CTH3] 072. Diving Into the Deep (For the Foootball)\Gus Drax - Abnormal Sequence [Peddy]\notes.chart,Abnormal Sequence,Gus Drax,Peddy,", 2010",Progressive Metal,8.60,7.35,1.25,12.058,3175,3336,842,1449,884,406.76,5.539,24.917,9.198,11.525,16.538,14.594,5.261,0.742,0.435
C:\YARG\Charts\Carpal Tunnel Hero 3\[CTH3] 072. Diving Into the Deep (For the Foootball)\Gus Drax Solo Medley [Peddy]\notes.chart,Gus Drax Solo Medley,Various Artists,Peddy,", 2021",Solo Medley,10.76,9.09,1.67,14.395,9131,9174,1546,5643,1942,861.73,7.529,26.024,10.775,13.768,19.531,17.762,7.471,0.595,0.167
C:\YARG\Charts\Carpal Tunnel Hero 3\[CTH3] 072. Diving Into the Deep (For the Foootball)\Kelly Simonz - Allegro Maestoso [Chemfinal]\notes.chart,Allegro Maestoso,Kelly Simonz,,,rock,9.80,8.71,1.09,13.890,2281,2281,241,2040,0,206.58,8.004,22.515,11.078,13.640,17.395,16.217,7.935,0.412,0.137
C:\YARG\Charts\Carpal Tunnel Hero 3\[CTH3] 072. Diving Into the Deep (For the Foootball)\Muse - (Muscle Museum) #2 [ΩHM]\notes.chart,(Muscle Museum) #2,Muse,OHM,", 1999",Alternative Rock,14.69,14.08,0.61,20.736,607,607,129,478,0,54.77,13.782,23.805,18.636,20.710,22.955,22.309,13.769,0.737,0.030
C:\YARG\Charts\Carpal Tunnel Hero 3\[CTH3] 072. Diving Into the Deep (For the Foootball)\Symphony X - Sea of Lies (Live) [Peddy]\notes.chart,Sea of Lies (Live),Symphony X,Peddy,", 2001",Progressive Metal,8.25,7.19,1.07,11.837,1985,2135,629,620,736,235.01,6.328,19.917,8.507,10.932,17.398,15.256,6.073,1.242,0.377
"C:\YARG\Charts\Carpal Tunnel Hero 3\[CTH3] 072. Diving Into the Deep (For the Foootball)\Todd Duane, Milan Polak - Overload (1995 Version) [Peddy]\notes.chart",Overload (1995 Version),"Todd Duane, Milan Polak",Peddy,", 1995",Shred,9.58,8.61,0.97,13.754,1643,1672,386,1023,234,182.86,7.401,24.958,10.814,13.019,18.610,16.657,7.320,0.858,0.163
C:\YARG\Charts\Carpal Tunnel Hero 3\[CTH3] 072. Diving Into the Deep (For the Foootball)\Vitalij Kuprij - Chopin Etude #11 in A Minor Opus 25 [Peddy]\notes.chart,Chopin Etude #11 in A Minor,Vitalij Kuprij,Peddy,", 1998",Classical,9.70,8.64,1.06,13.800,2051,2100,0,0,2051,229.44,8.747,17.069,13.073,13.563,15.165,14.560,8.489,0.018,0.332
C:\YARG\Charts\Carpal Tunnel Hero 3\[CTH3] 073. Resurfacing (Still Alive)\Art Tatum - I Know That You Know (Live) [Haggis]\notes.chart,I Know That You Know (Live),Art Tatum,Haggis,", 1953",Jazz,10.60,9.65,0.95,15.131,1212,1572,0,0,1212,148.82,6.767,23.324,11.325,14.799,19.983,18.208,6.594,0.021,0.615
C:\YARG\Charts\Carpal Tunnel Hero 3\[CTH3] 073. Resurfacing (Still Alive)\Bubblegum Octopus - Tough Guys Club [iZenPenguin]\notes.chart,Tough Guys' Club,Bubblegum Octopus,iZenPenguin,", 2020",Sequence & Tracker,9.09,8.30,0.79,13.348,837,1024,291,237,309,153.35,5.115,20.915,9.598,13.489,16.821,15.981,4.765,0.706,0.564
C:\YARG\Charts\Carpal Tunnel Hero 3\[CTH3] 073. Resurfacing (Still Alive)\Gonzalo Sanhueza - Revancha [Peddy]\notes.chart,Revencha,Gonzalo Sanhueza,Peddy,", 2012",Shred,8.90,7.85,1.06,12.735,2052,2091,499,494,1059,218.35,6.416,19.350,9.651,12.161,17.393,15.553,6.263,1.071,0.167
C:\YARG\Charts\Carpal Tunnel Hero 3\[CTH3] 073. Resurfacing (Still Alive)\John Pizzarelli Trio - Stompin' At The Savoy [jdurandTV]\notes.chart,Stompin' At the Savoy,John Pizzarelli,jdurandTV,", 2001",Swing Jazz,8.19,7.11,1.09,11.729,1863,2243,381,370,1112,268.47,5.556,20.602,9.167,11.416,15.060,13.970,5.342,0.630,0.196
C:\YARG\Charts\Carpal Tunnel Hero 3\[CTH3] 073. Resurfacing (Still Alive)\Laur - Viyella's Memory [iZenPenguin]\notes.chart,Viyella's Memory,Laur,iZenPenguin,", 2018",Renaissance Hardcore,8.91,7.78,1.13,12.648,2128,2469,671,868,589,279.09,7.142,20.637,10.370,12.338,15.463,14.786,7.114,0.687,0.122
"C:\YARG\Charts\Carpal Tunnel Hero 3\[CTH3] 073. Resurfacing (Still Alive)\Protoshredanoid Solo Medley Remastered [jdurandTV, Peddy, xX760Xx, CyclopsDragon]\notes.chart",Protoshredanoid Solo Medley: Remastered,Protoshredanoid,"jdurandTV, Peddy, xX760Xx & CyclopsDragon",", 2021",Solo Medley,10.35,8.74,1.61,13.930,7934,7984,902,5053,1979,871.61,6.878,24.476,10.841,13.432,18.200,16.779,6.763,0.300,0.267
C:\YARG\Charts\Carpal Tunnel Hero 3\[CTH3] 073. Resurfacing (Still Alive)\Rusty Cooley - Piece of Mind [Chemfinal]\notes.chart,Piece of Mind,,,,rock,8.93,7.72,1.22,12.559,2877,3096,372,2292,213,273.65,7.372,19.980,10.220,12.043,16.143,14.853,7.320,0.479,0.199
C:\YARG\Charts\Carpal Tunnel Hero 3\[CTH3] 073. Resurfacing (Still Alive)\Steve Vai - Jibboom [ΩHM]\notes.chart,Jibboom,Steve Vai,OHM,", 1999",Hard Rock,8.05,6.99,1.06,11.567,1809,2082,647,1031,131,221.06,6.528,19.010,9.367,11.339,14.380,13.424,6.395,1.273,0.361
C:\YARG\Charts\Carpal Tunnel Hero 3\[CTH3] 074. Bringing the Football Back\Camellia - POLYBIUS GB SPEEDRUN (Glitchless 100_ WR in 0.03.57) [Peddy]\notes.chart,POLYBIUS GB SPEEDRUN (Glitchless 100% WR in 0:03:57),Camellia,Peddy,", 2021",Chiptune,13.11,11.98,1.14,18.115,2429,2532,788,614,1027,236.36,8.071,29.453,11.686,18.177,24.046,23.048,7.914,1.344,0.172
"C:\YARG\Charts\Carpal Tunnel Hero 3\[CTH3] 074. Bringing the Football Back\Derek Sherinian - Czar of Steel (feat. John Petrucci) [iZenPenguin, Peddy]\notes.chart",Czar of Steel (feat. John Petrucci),Derek Sherinian,iZenPenguin,", 2005",Progressive Metal,7.56,6.42,1.14,10.774,2572,2572,230,673,1669,353.13,5.026,21.753,7.740,10.053,15.692,13.729,4.959,0.246,0.147
C:\YARG\Charts\Carpal Tunnel Hero 3\[CTH3] 074. Bringing the Football Back\Lord - Because We Can [Miscellany]\notes.chart,Because We Can,Lord,Miscellany,,rock,10.21,9.28,0.93,14.642,1499,1499,146,1169,184,114.92,8.807,23.522,11.895,14.125,18.375,17.373,8.775,0.486,0.056
C:\YARG\Charts\Carpal Tunnel Hero 3\[CTH3] 074. Bringing the Football Back\Martone - Bossa Dorado [Peddy]\notes.chart,Bossa Dorado,Martone,Peddy,", 2008",Shred,8.43,7.47,0.95,12.230,1571,1593,610,904,57,218.96,5.992,20.100,8.568,11.965,16.541,15.249,5.906,1.099,0.428
C:\YARG\Charts\Carpal Tunnel Hero 3\[CTH3] 074. Bringing the Football Back\Milan Polak - Guitar Odyssey Solo Medley [iZenPenguin]\notes.chart,Guitar Odyssey Solo Medley,Milan Polak,iZenPenguin,", 2005",Solo Medley,9.77,8.23,1.54,13.258,6638,6707,1077,4200,1361,636.53,7.273,23.423,10.825,12.924,16.575,15.391,7.212,0.559,0.117
C:\YARG\Charts\Carpal Tunnel Hero 3\[CTH3] 074. Bringing the Football Back\Psyopus - Insects [iZenPenguin]\notes.chart,Insects,Psyopus,iZenPenguin,", 2006",Mathcore,9.57,8.48,1.10,13.581,1995,2309,267,290,1438,194.46,8.943,19.343,11.978,13.302,15.801,15.105,8.891,0.381,0.169
C:\YARG\Charts\Carpal Tunnel Hero 3\[CTH3] 074. Bringing the Football Back\Shred Freak - Outback Stomp (feat. Jeremy Barnes & Michael Dolce) [jdurandTV]\notes.chart,Outback Stomp (feat. Michael Dolce & Jeremy Barnes),Shred Freak,jdurandTV,", 2013",Shred,9.92,8.64,1.28,13.806,3408,3607,492,1993,923,367.62,7.456,27.815,10.509,12.915,19.696,16.986,7.409,0.499,0.143
C:\YARG\Charts\Carpal Tunnel Hero 3\[CTH3] 074. Bringing the Football Back\Strapping Young Lad - Shitstorm [Miscellany]\notes.chart,Shitstorm,Strapping Young Lad,Miscellany,", 2005",Progressive Metal,7.66,6.47,1.19,10.841,2548,2917,2440,92,16,254.08,6.016,13.133,8.820,10.680,13.091,12.602,5.630,2.146,0.280
C:\YARG\Charts\Carpal Tunnel Hero 3\[CTH3] 075. Teamwork Makes the Dream Work\Bernd Steidl - Paganiniana 2 [Peddy]\notes.chart,Paganiniana 2,Bernd Steidl,Peddy,", 2001",Classical,8.92,7.90,1.02,12.810,1531,1873,461,1070,0,183.32,7.283,20.819,10.225,12.383,16.224,15.297,7.222,0.954,0.044
C:\YARG\Charts\Carpal Tunnel Hero 3\[CTH3] 075. Teamwork Makes the Dream Work\Circus Maximus - Biosfear [iZenPenguin]\notes.chart,Biosfear,Circus Maximus,iZenPenguin,", 2005",Progressive Metal,7.00,5.94,1.06,10.094,2052,2096,620,1199,233,318.18,5.800,22.690,8.172,9.648,12.749,12.174,5.662,0.768,0.251
"C:\YARG\Charts\Carpal Tunnel Hero 3\[CTH3] 075. Teamwork Makes the Dream Work\Joe Satriani, Steve Vai & John Petrucci - Smoke On The Water (Deep Purple Cover) [ΩHM]\notes.chart",Smoke On The Water,"Joe Satriani, Steve Vai & John Petrucci",OHM,", 2005",Hard Rock,7.23,6.03,1.20,10.228,2798,2964,851,1548,399,471.73,4.517,19.918,7.153,9.846,14.185,12.952,4.206,0.626,0.556
C:\YARG\Charts\Carpal Tunnel Hero 3\[CTH3] 075. Teamwork Makes the Dream Work\Louis Cole - You Will See [ΩHM]\notes.chart,You Will See,Louis Cole,OHM,", 2011",Experimental Jazz,8.25,7.41,0.84,12.142,1178,1194,11,0,1167,108.79,8.412,14.486,11.196,12.119,13.115,12.892,8.372,0.053,0.068
C:\YARG\Charts\Carpal Tunnel Hero 3\[CTH3] 075. Teamwork Makes the Dream Work\Mario Parga - Heatwave [iZenPenguin]\notes.chart,Heatwave,Mario Parga,iZenPenguin,", 1991",Rock,8.37,7.17,1.20,11.817,2958,2974,533,1161,1264,338.21,6.070,20.880,8.748,11.411,15.991,14.478,6.022,0.550,0.057
C:\YARG\Charts\Carpal Tunnel Hero 3\[CTH3] 075. Teamwork Makes the Dream Work\Mike Orlando - Shaga Duga [xX760Xx]\notes.chart,Shaga Duga,Mike Orlando,xX760Xx,,Shred,10.98,9.81,1.17,15.335,2746,2770,558,1794,394,299.20,6.621,35.334,10.435,13.288,27.788,19.842,6.499,0.750,0.177
C:\YARG\Charts\Carpal Tunnel Hero 3\[CTH3] 075. Teamwork Makes the Dream Work\Ominous GUITAR HEROES From The Unknown Solo Medley [CTH3 Team]\notes.chart,Ominous GUITAR HEROES From The Unknown Solo Medley,Various Artists,etc..,,rock,10.11,8.46,1.65,13.558,8722,8784,1267,4814,2641,889.26,7.004,24.908,10.510,13.050,17.887,16.346,6.939,0.449,0.165
C:\YARG\Charts\Carpal Tunnel Hero 3\[CTH3] 075. Teamwork Makes the Dream Work\Origin - Staring From the Abyss [LemonGH]\notes.chart,Staring From the Abyss,Origin,,,rock,7.13,5.90,1.23,10.049,2968,3172,2064,904,0,234.50,6.391,18.857,8.079,10.084,11.895,11.510,6.189,2.082,0.030
C:\YARG\Charts\Carpal Tunnel Hero 3\[CTH3] 076. ''I Make Plastic Guitars For a Living!''\760's Best-Of Solo Medley [xX760Xx]\notes.chart,760's 'Best-of' Solo Medley,Various Artists,xX760Xx,", 2021",Solo Medley,11.15,9.49,1.67,14.918,9079,9101,1608,5037,2434,944.30,7.174,28.214,11.290,14.155,20.543,18.356,7.074,0.463,0.227
C:\YARG\Charts\Carpal Tunnel Hero 3\[CTH3] 076. ''I Make Plastic Guitars For a Living!''\Adebisi Shank - Masa [iZenPenguin]\notes.chart,Masa,Adebisi Shank,iZenPenguin,", 2011",Garage Rock,9.87,8.84,1.03,14.062,1780,1940,531,645,604,223.12,7.096,21.227,10.328,13.981,18.173,16.856,7.035,0.614,0.082
C:\YARG\Charts\Carpal Tunnel Hero 3\[CTH3] 076. ''I Make Plastic Guitars For a Living!''\Alice Kane Wolf - Hymns for Apocalypse [Miscellany]\notes.chart,Hymns for Apocalypse,Alice Kane Wolf,Miscellany,", 2020",Djent,7.59,6.51,1.08,10.895,2021,2226,578,1000,443,310.53,5.409,18.599,8.418,10.415,14.772,13.134,5.113,0.642,0.604
C:\YARG\Charts\Carpal Tunnel Hero 3\[CTH3] 076. ''I Make Plastic Guitars For a Living!''\Bathory - Equimanthorn [Stickheadz32]\notes.chart,Equimanthorn,Bathory,Stickheadz32,", 1986",Black Metal,7.32,6.19,1.14,10.451,1533,2533,1177,314,42,203.62,5.311,18.243,7.493,9.936,14.766,13.148,4.495,2.615,0.195
C:\YARG\Charts\Carpal Tunnel Hero 3\[CTH3] 076. ''I Make Plastic Guitars For a Living!''\Charly Sahona - Gray Pianos Flying (Shawn Lane cover) [Chemfinal]\notes.chart,Grey Pianos Flying,Charly Sheen,,,rock,9.58,8.72,0.86,13.901,1230,1250,289,637,304,182.40,5.072,25.740,8.463,13.935,19.524,17.811,4.883,0.636,0.326
C:\YARG\Charts\Carpal Tunnel Hero 3\[CTH3] 076. ''I Make Plastic Guitars For a Living!''\lapix - Morning Glow (feat. Kradness) [iZenPenguin]\notes.chart,Morning Glow (feat. Kradness),lapix,iZenPenguin,", 2016",J-Core,9.26,8.09,1.18,13.060,1886,2805,876,326,684,234.43,6.930,19.894,10.500,12.686,16.509,15.377,6.486,1.484,0.377
C:\YARG\Charts\Carpal Tunnel Hero 3\[CTH3] 076. ''I Make Plastic Guitars For a Living!''\Mistheria - Devil's Step [Peddy]\notes.chart,Devil's Step,Mistheria,Peddy,", 2017",Neoclassical Metal,8.75,7.62,1.14,12.425,2437,2534,210,0,2227,260.46,6.943,18.464,11.061,11.952,15.186,13.815,6.863,0.225,0.268
C:\YARG\Charts\Carpal Tunnel Hero 3\[CTH3] 076. ''I Make Plastic Guitars For a Living!''\ONI - Chasing Ecstasy [Peddy]\notes.chart,Chasing Ecstasy,ONI,Peddy,", 2016",Progressive Metal,8.49,7.47,1.02,12.227,1564,1905,661,637,266,210.00,5.881,23.364,8.810,11.207,18.258,15.777,5.706,0.871,0.033
C:\YARG\Charts\Carpal Tunnel Hero 3\[CTH3] 076. ''I Make Plastic Guitars For a Living!''\RoughSketch x CANVAS - MAYHEM (feat. Quimar) [Mintorment]\notes.chart,,,,,rock,9.62,8.79,0.82,14.006,1052,1128,707,322,23,121.20,7.771,20.456,11.791,13.810,16.686,15.873,7.416,2.159,0.218
"C:\YARG\Charts\Carpal Tunnel Hero 3\[CTH3] 077. Charter Alliance\Adrian English - Glitch + They Unravel [iZenPenguin, OrangeHat]\notes.chart",Glitch / They Unravel,Adrian English,iZenPenguin & OrangeHat,", 2009",Shred,10.42,9.14,1.27,14.467,3200,3562,677,1477,1046,330.89,7.119,21.345,11.100,14.020,19.341,17.244,6.963,0.632,0.174
C:\YARG\Charts\Carpal Tunnel Hero 3\[CTH3] 077. Charter Alliance\David Shankle Group - The Voyage [CTH3 Team]\notes.chart,The Voyage,David Shankle Group,"jdurand, xX760Xx, CyclopsDragon, Miscellany, OrangeHat, Chemfinal",,rock,9.32,8.00,1.32,12.938,3884,3975,1124,2663,97,412.05,6.868,20.573,10.439,12.649,16.146,15.106,6.689,1.039,0.220
"C:\YARG\Charts\Carpal Tunnel Hero 3\[CTH3] 077. Charter Alliance\Dream Theater - Jordan Rudess Keyboard Solo (Live) [Peddy, OrangeHat]\notes.chart",Jordan Rudess Keyboard Solo (Live),Dream Theater,"Peddy, OrangeHat",", 2000",Shred,12.74,11.51,1.22,17.529,2908,3157,0,0,2908,375.12,6.260,30.276,10.886,16.900,25.647,23.191,6.092,0.029,0.298
C:\YARG\Charts\Carpal Tunnel Hero 3\[CTH3] 077. Charter Alliance\Jerry De Villiers Jr. - Casino (Live) [Peddy & jdurandTV]\notes.chart,,,,,rock,10.10,8.76,1.34,13.960,4149,4182,470,1685,1994,545.03,6.488,24.516,10.325,13.498,18.751,17.150,6.400,0.279,0.267
C:\YARG\Charts\Carpal Tunnel Hero 3\[CTH3] 077. Charter Alliance\John 5 - Scavenger's Daughter [Angevil & jdurandTV]\notes.chart,Scavenger's Daughter,John 5,"Angevil, jdurand11143",", 2008",Instrumental Metal,11.48,10.19,1.28,15.839,3458,3643,912,1973,573,389.65,7.184,25.920,10.439,15.865,21.079,19.910,7.044,0.797,0.144
C:\YARG\Charts\Carpal Tunnel Hero 3\[CTH3] 077. Charter Alliance\Max Altitude Preview Medley [MA Team]\notes.chart,Max Altitude Preview Medley,Various Artists,Max Altitude Team,", 2021",Various Genres,10.11,8.71,1.40,13.896,4468,4828,607,460,3401,431.44,7.926,25.344,10.589,12.940,19.364,17.449,7.804,0.702,0.145
C:\YARG\Charts\Carpal Tunnel Hero 3\[CTH3] 077. Charter Alliance\Mike Orlando - Sonic Stomp [Chemfinal]\notes.chart,,,,,rock,10.79,9.66,1.13,15.144,2420,2489,412,1455,553,239.01,7.451,24.540,11.115,14.625,20.865,18.485,7.313,0.601,0.270
"C:\YARG\Charts\Carpal Tunnel Hero 3\[CTH3] 077. Charter Alliance\Stephan Forté - Prophecies of Loki XXI [Peddy, jdurandTV]\notes.chart",Prophecies of Loki XXI,Stephan Forté,"Peddy, jdurandTV",", 2011",Neoclassical Metal,10.43,9.22,1.21,14.566,2955,3027,396,1001,1558,328.45,6.423,28.125,10.220,14.172,20.256,18.038,6.203,0.406,0.335
C:\YARG\Charts\Carpal Tunnel Hero 3\[CTH3] 078. At the Foot of the Carpal Tunnel Mountain\Alex Lofoco - Earthquake [iZenPenguin]\notes.chart,Earthquake,Alex Lofoco,iZenPenguin,", 2017",Progressive Rock,7.98,6.65,1.33,11.093,4048,4111,711,1837,1500,577.67,5.336,19.984,8.531,10.623,14.945,13.425,5.241,0.458,0.257
C:\YARG\Charts\Carpal Tunnel Hero 3\[CTH3] 078. At the Foot of the Carpal Tunnel Mountain\Beneath the Massacre - Hidden in Plain Sight [Peddy]\notes.chart,Hidden in Plain Sight,Beneath the Massacre,Peddy,", 2020",Technical Death Metal,8.63,7.48,1.15,12.237,2557,2607,1939,16,602,206.23,6.632,18.495,9.176,11.936,16.169,14.774,6.427,1.790,0.000
C:\YARG\Charts\Carpal Tunnel Hero 3\[CTH3] 078. At the Foot of the Carpal Tunnel Mountain\DGM - Trust [Peddy]\notes.chart,Trust,DGM,Peddy,", 2013",Progressive Metal,9.28,8.13,1.15,13.123,2121,2601,1164,677,280,319.92,6.779,20.399,9.821,12.265,18.315,16.584,6.524,1.336,0.556
"C:\YARG\Charts\Carpal Tunnel Hero 3\[CTH3] 078. At the Foot of the Carpal Tunnel Mountain\Emerson, Lake & Palmer - Take a Pebble (Live) [iZenPenguin]\notes.chart",Take a Pebble (Live),"Emerson, Lake & Palmer",iZenPenguin,", 1970",Progressive Rock,6.41,4.99,1.42,8.735,3939,5034,179,75,3685,763.87,4.059,15.656,6.703,8.505,11.318,10.502,3.793,0.115,0.480
C:\YARG\Charts\Carpal Tunnel Hero 3\[CTH3] 078. At the Foot of the Carpal Tunnel Mountain\Evile - Infected Nation [Peddy]\notes.chart,Infected Nation,Evile,Peddy,", 2010",Thrash Metal,7.18,6.06,1.12,10.275,2213,2409,1798,415,0,329.15,4.682,19.251,6.631,9.834,15.139,13.388,3.932,1.788,0.449
C:\YARG\Charts\Carpal Tunnel Hero 3\[CTH3] 078. At the Foot of the Carpal Tunnel Mountain\Invalids - Idle Promise [iZenPenguin]\notes.chart,Idle Promise,Invalids,Chemfinal & iZenPenguin,", 2018",Math Rock,9.62,8.30,1.32,13.349,2889,3977,272,19,2598,302.88,7.245,17.168,11.313,13.354,15.480,14.818,7.062,0.489,0.105
C:\YARG\Charts\Carpal Tunnel Hero 3\[CTH3] 078. At the Foot of the Carpal Tunnel Mountain\Pete Peterson - Rockwell C [Supahfast198]\notes.chart,Rockwell C,Pete Peterson,Supahfast198,", 2021",Southern Metal,8.63,7.54,1.08,12.325,2040,2214,707,883,450,273.36,6.555,19.058,9.923,11.743,16.358,14.620,6.337,1.091,0.251
C:\YARG\Charts\Carpal Tunnel Hero 3\[CTH3] 078. At the Foot of the Carpal Tunnel Mountain\Twilight Force Solo Medley [Peddy]\notes.chart,Twilight Force Solo Medley,Twilight Force,Peddy,", 2021",Solo Medley,10.11,8.46,1.65,13.564,8685,8685,1637,5747,1301,831.21,7.237,22.086,10.720,13.162,17.455,16.079,7.166,0.496,0.203
C:\YARG\Charts\Carpal Tunnel Hero 3\[CTH3] 079. The Climb Begins\Annihilator - Downright Dominate (ft. Alexi Laiho) [Peddy]\notes.chart,Downright Dominate (ft. Alexi Laiho),Annihilator,Peddy,", 2007",Thrash Metal,11.33,10.13,1.20,15.760,2407,2961,1313,540,554,309.26,7.871,22.757,12.486,15.682,19.585,18.116,7.694,1.172,0.188
C:\YARG\Charts\Carpal Tunnel Hero 3\[CTH3] 079. The Climb Begins\Book of Reflections - Phoenix (ft. Rusty Cooley) [Peddy]\notes.chart,Phoenix (ft. Rusty Cooley),Book of Reflections,Peddy,", 2005",Power Metal,10.88,9.83,1.05,15.364,1938,2066,487,814,637,228.14,7.301,25.460,12.878,14.693,19.777,17.775,7.075,0.893,0.249
C:\YARG\Charts\Carpal Tunnel Hero 3\[CTH3] 079. The Climb Begins\Buckethead - 13th Floor [Tris255]\notes.chart,13th Floor,Buckethead,Tris255,", 2015",Metal,8.23,7.03,1.20,11.623,2808,2965,1206,950,652,433.04,4.871,19.040,8.474,11.321,15.764,14.170,4.522,1.224,0.269
C:\YARG\Charts\Carpal Tunnel Hero 3\[CTH3] 079. The Climb Begins\Marmalade butcher - Floccinaucinihilipilification [XEntombmentX]\notes.chart,Floccinaucinihilipilification,Marmalade butcher,XEntombmentX,", 2018",Math Rock,7.89,6.85,1.04,11.369,1676,1998,617,408,651,213.30,6.370,20.402,8.663,10.727,15.725,14.019,6.131,1.320,0.331
C:\YARG\Charts\Carpal Tunnel Hero 3\[CTH3] 079. The Climb Begins\Milan Polak - The Usual Unusual [Peddy]\notes.chart,The Usual Unusual,Milan Polak,Peddy,", 2004",Progressive Rock,8.03,6.90,1.13,11.440,2481,2493,596,1523,362,396.29,5.522,25.075,8.294,10.586,16.937,14.546,5.473,0.566,0.256
C:\YARG\Charts\Carpal Tunnel Hero 3\[CTH3] 079. The Climb Begins\Ministry - TV II [Miscellany]\notes.chart,TV II,Ministry,Miscellany,", 1992",Industrial Metal,4.03,3.11,0.92,5.886,1407,1467,1101,301,5,175.50,2.341,7.904,4.640,6.100,6.659,6.578,1.299,1.880,0.017
C:\YARG\Charts\Carpal Tunnel Hero 3\[CTH3] 079. The Climb Begins\Royal Hunt Solo Medley [Peddy]\notes.chart,eee,Royal Hunt,Peddy,", 2021",Solo Medley,12.00,10.41,1.59,16.117,7482,7556,794,2001,4687,742.73,7.790,36.050,11.552,15.272,22.316,20.627,7.719,0.346,0.216
C:\YARG\Charts\Carpal Tunnel Hero 3\[CTH3] 079. The Climb Begins\Viraemia - Glioblastoma [Angevil]\notes.chart,Glioblastoma,Viraemia,Angevil,", 2019",Technical Death Metal,7.93,6.72,1.21,11.195,2936,3043,1682,624,630,322.93,5.616,17.193,8.476,10.924,14.308,13.647,5.187,1.152,0.534
C:\YARG\Charts\Carpal Tunnel Hero 3\[CTH3] 080. Reaching the Top\Camellia - CICADA3302 [Hodor1355]\notes.chart,CICADA3302,Camellia,Hodor1355,", 2021",Riddim Trap/Hitech,10.16,8.72,1.44,13.905,3712,5268,1328,552,1832,433.35,6.463,25.718,9.650,13.008,20.448,17.969,6.041,1.506,0.275
C:\YARG\Charts\Carpal Tunnel Hero 3\[CTH3] 080. Reaching the Top\Crazy Frog - Tricky [Miscellany]\notes.chart,Tricky,Crazy Frog,Miscellany,", 2021",Dance,7.19,6.45,0.74,10.819,767,900,345,9,413,146.96,2.969,24.300,3.459,9.000,21.555,18.745,2.380,0.988,0.000
C:\YARG\Charts\Carpal Tunnel Hero 3\[CTH3] 080. Reaching the Top\Kostarev Group - Hoop [jdurandTV]\notes.chart,Hoop,Kostarev Group,jdurandTV,,rock,11.10,9.90,1.20,15.454,2847,2975,491,1406,950,329.98,6.848,27.100,11.628,14.758,20.417,19.321,6.729,0.430,0.093
C:\YARG\Charts\Carpal Tunnel Hero 3\[CTH3] 080. Reaching the Top\Marcel Coenen - New Race [Peddy]\notes.chart,New Race,Marcel Coenen,Peddy,,Shred,9.04,7.86,1.17,12.758,2692,2780,589,2024,79,299.85,6.805,23.935,9.810,12.167,17.191,15.557,6.461,0.967,0.210
C:\YARG\Charts\Carpal Tunnel Hero 3\[CTH3] 080. Reaching the Top\Mark Varney Project - Hey Tee Bone [xX760Xx]\notes.chart,Hey Tee Bone,Mark Varney Project,xX760Xx,,Jazz Fusion,10.08,8.90,1.18,14.149,2815,2846,350,2436,29,326.88,6.628,24.435,10.784,13.742,18.785,16.951,6.541,0.329,0.190
C:\YARG\Charts\Carpal Tunnel Hero 3\[CTH3] 080. Reaching the Top\meganeko - Discovery [Peddy]\notes.chart,Discovery,meganeko,Peddy,", 2016",Chiptune,18.59,17.40,1.19,24.733,2875,2875,147,1138,1590,258.46,10.058,44.771,13.478,20.758,42.283,38.974,10.024,0.194,0.099
C:\YARG\Charts\Carpal Tunnel Hero 3\[CTH3] 080. Reaching the Top\Oraculum - Serpents [Fr0oGle]\notes.chart,,,,,rock,8.00,7.06,0.94,11.658,1555,1561,335,1220,0,222.92,5.034,21.433,8.450,10.929,16.315,14.979,4.951,0.487,0.354
C:\YARG\Charts\Carpal Tunnel Hero 3\[CTH3] 080. Reaching the Top\Prophesia Solo Medley [Peddy]\notes.chart,Prophesia Solo Medley,Prophesia,Peddy,", 2021",Solo Medley,11.31,9.93,1.38,15.495,4623,4640,422,2143,2058,453.26,7.427,35.388,10.926,13.861,24.499,20.379,7.367,0.290,0.197
C:\YARG\Charts\Carpal Tunnel Hero 3\[CTH3] 080. Reaching the Top\Rusty Cooley - Dominion [Chemfinal]\notes.chart,,,,,rock,8.46,7.30,1.16,11.998,2681,2681,139,2531,11,242.09,7.101,18.025,9.650,11.570,15.350,14.221,7.072,0.169,0.122
C:\YARG\Charts\Carpal Tunnel Hero 3\[CTH3] 081. Ascending Above the Clouds\Axel Rudi Pell - Sphinx_ Revenge [Miscellany]\notes.chart,,,,,rock,7.64,6.67,0.97,11.128,1667,1669,1039,628,0,215.00,4.771,22.190,7.580,10.969,14.950,14.013,4.199,1.884,0.265
C:\YARG\Charts\Carpal Tunnel Hero 3\[CTH3] 081. Ascending Above the Clouds\Brain Drill Medley [LemonGH & Miscellany]\notes.chart,Brain Drill Medley,Brain Drill,LemonGH & Miscellany,", 2021",Yes,12.87,10.97,1.89,16.841,14802,15495,4161,6420,4221,1278.23,8.563,30.681,12.345,16.179,23.169,20.788,8.435,0.803,0.118
C:\YARG\Charts\Carpal Tunnel Hero 3\[CTH3] 081. Ascending Above the Clouds\Equipoise - Cast Into Exile [Miscellany]\notes.chart,Cast Into Exile,Equipoise,Miscellany,", 2019",Technical Death Metal,8.59,7.29,1.30,11.973,3694,3810,2425,623,646,479.86,6.616,22.181,9.750,11.564,15.081,14.118,6.437,1.588,0.316
C:\YARG\Charts\Carpal Tunnel Hero 3\[CTH3] 081. Ascending Above the Clouds\First Fragment - In'El [Miscellany]\notes.chart,In'El,First Fragment,Miscellany,", 2021",Technical Death Metal,8.43,6.78,1.65,11.277,8773,8815,4650,2835,1288,1114.37,5.187,24.345,8.207,10.487,16.358,14.352,4.902,1.145,0.306
C:\YARG\Charts\Carpal Tunnel Hero 3\[CTH3] 081. Ascending Above the Clouds\Lee Luland - Aquarius Rising [Peddy]\notes.chart,Aquarius Rising,Lee Luland,Peddy,", 2019",Progressive Metal,8.92,7.76,1.15,12.623,2475,2644,875,1120,480,341.79,5.621,20.770,9.157,12.301,17.201,15.392,5.348,0.728,0.297
C:\YARG\Charts\Carpal Tunnel Hero 3\[CTH3] 081. Ascending Above the Clouds\Moonlight Eternal - Burning Sunlight Everlasting [Peddy]\notes.chart,Burning Sunlight Everlasting,Moonlight Eternal,Peddy,", 2016",Power Metal,9.50,8.68,0.82,13.850,1043,1127,501,300,242,167.60,4.844,25.560,8.072,13.198,21.239,18.846,4.038,0.957,0.996
C:\YARG\Charts\Carpal Tunnel Hero 3\[CTH3] 081. Ascending Above the Clouds\Venturia - New Kingdom [Peddy]\notes.chart,New Kingdom,Venturia,Peddy,", 2006",Progressive Metal,9.80,8.67,1.13,13.846,2104,2484,1067,421,616,326.03,6.413,25.030,8.865,12.501,21.610,19.214,6.035,1.661,0.526
C:\YARG\Charts\Carpal Tunnel Hero 3\[CTH3] 082. A Breathtaking View\Dave Sharman - Spellbinder [Peddy]\notes.chart,Spellbinder,Dave Sharman,Peddy,", 1990",Shred,9.74,8.86,0.89,14.088,1337,1339,87,1051,199,138.58,8.146,20.200,11.925,13.640,17.462,16.111,8.054,0.170,0.242
C:\YARG\Charts\Carpal Tunnel Hero 3\[CTH3] 082. A Breathtaking View\Nicolas Waldo - Dragon Gemini [iZenPenguin]\notes.chart,Dragon Gemini,Nicolas Waldo,iZenPenguin,", 2018",Neoclassical Shred,11.02,9.85,1.16,15.396,2709,2715,310,1862,537,258.16,8.427,21.065,13.500,14.999,18.745,16.982,8.358,0.354,0.167
C:\YARG\Charts\Carpal Tunnel Hero 3\[CTH3] 082. A Breathtaking View\Shadow Gallery - Cliffhanger 2 [Peddy]\notes.chart,Cliffhanger 2,Shadow Gallery,Peddy,", 2001",Progressive Metal,8.33,6.95,1.38,11.511,4113,4546,1954,1532,627,742.69,5.366,20.485,8.548,11.026,15.850,14.139,5.010,0.949,0.485
C:\YARG\Charts\Carpal Tunnel Hero 3\[CTH3] 082. A Breathtaking View\Various Geniuses - SoloHMedley [ΩHM]\notes.chart,SolΩHMedley,Various Artists,OHM,", 2020",Various Genres,10.28,8.56,1.72,13.693,9742,10262,451,1263,8028,1103.59,6.336,24.305,10.202,12.893,19.584,16.914,6.243,0.174,0.195
"C:\YARG\Charts\Carpal Tunnel Hero 3\[CTH3] 082. A Breathtaking View\Vektor - Dark Creations, Dead Creators [Miscellany]\notes.chart",,,,,rock,7.43,6.44,0.99,10.807,1487,1762,1200,135,152,203.23,6.507,17.983,8.608,10.266,15.297,12.530,6.125,2.088,0.170
C:\YARG\Charts\Carpal Tunnel Hero 3\[CTH3] 082. A Breathtaking View\Yngwie Malmsteen - Spellbound [iZenPenguin]\notes.chart,Spellbound,Yngwie Malmsteen,iZenPenguin,", 2012",Neoclassical Shred,9.22,8.07,1.15,13.044,2608,2608,167,2416,25,265.59,8.288,19.875,10.750,12.750,15.999,15.094,8.236,0.140,0.157
C:\YARG\Charts\Carpal Tunnel Hero 3\[CTH3] 082. A Breathtaking View\Zabutom - Breaking Through [Supahfast198]\notes.chart,,,,,rock,13.47,12.52,0.95,18.796,1578,1578,32,504,1042,126.41,8.934,27.405,12.780,18.573,25.036,23.698,8.904,0.078,0.097
C:\YARG\Charts\Carpal Tunnel Hero 3\[CTH3] 083. Fighting the Elements\Chris Nalbandian - Paralysis of Analysis (ft. Derek Sherinian & Alex Argento) [Peddy]\notes.chart,Paralysis of Analysis (ft. Derek Sherinian & Alex Argento),Chris Nalbandian,Peddy,", 2010",Progressive Rock,8.89,7.74,1.15,12.598,2589,2615,346,437,1806,338.43,5.460,21.573,9.491,12.348,16.412,15.136,5.237,0.379,0.241
C:\YARG\Charts\Carpal Tunnel Hero 3\[CTH3] 083. Fighting the Elements\Cryptopsy - Two-Pound Torch [iZenPenguin]\notes.chart,Two-Pound Torch,Cryptopsy,iZenPenguin,", 2012",Brutal Death Metal,8.56,7.36,1.20,12.068,2403,3002,1593,779,31,264.53,7.455,17.003,10.067,12.000,14.178,13.668,7.237,1.598,0.170
C:\YARG\Charts\Carpal Tunnel Hero 3\[CTH3] 083. Fighting the Elements\Extreme Metal Solo Medley 2 Extreme Boogaloo [CTH3 Team]\notes.chart,Extreme Metal Solo Medley 2: Extreme Boogaloo,Various Artists,CTH3 Team,", 2021",Solo Medley,10.74,9.29,1.45,14.656,5403,5477,749,2439,2215,496.69,7.662,21.366,11.332,14.423,18.544,17.390,7.533,0.509,0.190
C:\YARG\Charts\Carpal Tunnel Hero 3\[CTH3] 083. Fighting the Elements\George Bellas - Shedding Skin [Peddy]\notes.chart,Shedding Skin,George Bellas,Peddy,", 2003",Neoclassical Metal,11.09,9.96,1.14,15.532,2507,2530,271,2236,0,228.57,7.807,31.220,10.825,12.771,28.580,21.106,7.739,0.322,0.097
C:\YARG\Charts\Carpal Tunnel Hero 3\[CTH3] 083. Fighting the Elements\Jared Dines - Shred Wars Jared Dines VS Pete Cottrell [ΩHM]\notes.chart,Shred Wars: Jared Dines VS Pete Cottrell,Jared Dines,OHM,", 2015",Shred,9.27,8.50,0.77,13.619,966,966,131,608,227,102.87,6.666,23.423,10.284,12.510,20.958,16.614,6.608,0.380,0.167
C:\YARG\Charts\Carpal Tunnel Hero 3\[CTH3] 083. Fighting the Elements\Rings of Saturn - Servant of this Sentience [HellAshes]\notes.chart,Servants of this Sentience,Rings of Saturn,HellAshes,", 2017",Melodic Death Metal,9.82,8.69,1.13,13.864,2427,2508,595,680,1152,242.77,7.667,16.965,12.576,13.793,15.165,14.984,7.485,0.722,0.271
C:\YARG\Charts\Carpal Tunnel Hero 3\[CTH3] 083. Fighting the Elements\Vitalij Kuprij - Symphony V [Chemfinal]\notes.chart,,,,,rock,9.13,7.79,1.34,12.660,4155,4203,310,2145,1700,466.04,6.065,22.820,10.233,12.350,15.893,14.777,5.975,0.174,0.161
C:\YARG\Charts\Carpal Tunnel Hero 3\[CTH3] 084. Preparing for the Attack\Absolute Steel - Opus Suite [jdurandTV]\notes.chart,Opus Suite,Absolute Steel,jdurandTV,", 2004",Hard Rock,11.20,9.86,1.34,15.407,4107,4181,1200,1658,1249,419.66,7.972,38.426,12.125,14.982,18.045,19.146,7.854,0.718,0.134
C:\YARG\Charts\Carpal Tunnel Hero 3\[CTH3] 084. Preparing for the Attack\Artension - Wings of War [Peddy]\notes.chart,Wings of War,Artension,Peddy,", 2000",Power Metal,8.57,7.41,1.16,12.147,2473,2671,1079,74,1320,300.99,5.575,25.439,8.688,10.941,18.454,16.031,5.049,0.911,0.276
C:\YARG\Charts\Carpal Tunnel Hero 3\[CTH3] 084. Preparing for the Attack\Bob Katsionis - Poseidon's Rage [Peddy]\notes.chart,Poseidon's Rage,Bob Katsionis,Peddy,", 2012",Progressive Metal,11.60,10.39,1.21,16.089,3045,3067,933,761,1351,320.16,7.772,21.141,12.706,16.175,19.420,18.459,7.451,1.160,0.178
C:\YARG\Charts\Carpal Tunnel Hero 3\[CTH3] 084. Preparing for the Attack\International Dragonforce Solo Medley [OrangeHat]\notes.chart,International DragonForce Solo Medley,Various DragonForces,OrangeHat,", 2018",Solo Medley,10.15,8.45,1.70,13.541,9792,9816,1459,5393,2940,1102.93,6.593,43.605,9.915,12.572,18.665,17.694,6.501,0.414,0.248
C:\YARG\Charts\Carpal Tunnel Hero 3\[CTH3] 084. Preparing for the Attack\Spiegel vs Yukino - Paranoia Sonatina -Grande- [ΩHM]\notes.chart,Paranoia Sonatina -Grande-,Spiegel vs Yukino,OHM,", 2021",Hard Trance,8.62,7.47,1.14,12.230,2249,2569,215,216,1818,282.82,6.145,16.875,9.747,12.171,14.895,14.132,6.100,0.396,0.012
C:\YARG\Charts\Carpal Tunnel Hero 3\[CTH3] 084. Preparing for the Attack\Yuhkinen - XXX [Peddy]\notes.chart,XXX,Yuhkinen,Peddy,", 2011",Neoclassical Metal,8.97,7.87,1.10,12.765,2325,2325,163,666,1496,276.01,6.266,23.814,9.856,12.102,17.343,15.606,6.206,0.187,0.239
C:\YARG\Charts\Carpal Tunnel Hero 3\[CTH3] 085. Imminent Danger\Adrian English - Mechanized (feat. Chris Storey) [jdurandTV & Chemfinal]\notes.chart,Mechanized,Adrian English,jdurandTV & Chemfinal,,rock,10.40,9.09,1.31,14.402,3881,3882,177,2152,1552,287.71,8.650,25.988,11.510,13.394,19.075,17.946,8.586,0.208,0.085
C:\YARG\Charts\Carpal Tunnel Hero 3\[CTH3] 085. Imminent Danger\Blind Oracle - Extinction Rate [iZenPenguin]\notes.chart,Extinction Rate,Blind Oracle,iZenPenguin,", 2016",Technical Deathcore,14.35,13.25,1.09,19.711,1937,2281,687,357,893,208.33,7.957,32.890,14.431,18.148,30.568,24.396,7.365,1.135,0.207
C:\YARG\Charts\Carpal Tunnel Hero 3\[CTH3] 085. Imminent Danger\Consider the Source - Unfulfilled and Alienated [iZenPenguin]\notes.chart,Unfulfilled and Alienated,Consider the Source,iZenPenguin,", 2019",Prog Fusion,7.39,6.35,1.04,10.677,1984,1984,690,1294,0,180.16,7.433,13.604,9.565,10.495,12.254,11.687,7.374,1.659,0.003
C:\YARG\Charts\Carpal Tunnel Hero 3\[CTH3] 085. Imminent Danger\Infant Annihilator - The Kingdom Sitteth Lonely Beneath Thine Hollowed Heavens (Ft. Trevor Strnad) [Miscellany]\notes.chart,The Kingdom Sitteth Lonely Beneath Thine Hollowed Heavens,Infant Annihilator,Miscellany,", 2019",Deathcore,10.84,9.43,1.41,14.843,3485,4907,2398,1021,66,420.99,6.961,23.348,9.888,15.130,19.025,18.302,6.270,1.629,0.172
"C:\YARG\Charts\Carpal Tunnel Hero 3\[CTH3] 085. Imminent Danger\Marc Rizzo Solo Medley [jdurandTV, Peddy, Chemfinal & xX760Xx]\notes.chart",Marc Rizzo Solo Medley,Marc Rizzo,"jdurandTV, xX760Xx, etc...",", 2021",Solo Medley,14.99,13.16,1.84,19.593,13534,13568,1037,7276,5221,1093.18,9.922,30.393,15.386,18.946,25.718,23.244,9.860,0.289,0.078
C:\YARG\Charts\Carpal Tunnel Hero 3\[CTH3] 085. Imminent Danger\Rings of Saturn - Peeling Arteries [LemonGH]\notes.chart,Peeling Arteries,Rings of Saturn,LemonGH,", 2013",Aliencore,9.47,8.22,1.25,13.245,2388,3351,1726,662,0,242.68,6.371,19.305,9.790,13.500,16.325,15.448,5.057,2.130,0.067
C:\YARG\Charts\Carpal Tunnel Hero 3\[CTH3] 086. Attack of the Carpal Tunnel Monsters\Fleshgod Apocalypse - The Oppression [Peddy]\notes.chart,The Oppression,Fleshgod Apocalypse,Peddy,", 2011",Symphonic Death Metal,6.56,5.19,1.37,9.027,4351,4491,3405,813,133,362.00,4.791,22.086,6.905,8.748,11.571,11.035,3.813,2.439,0.069
C:\YARG\Charts\Carpal Tunnel Hero 3\[CTH3] 086. Attack of the Carpal Tunnel Monsters\Mark Varney Project - Splatch [xX760Xx]\notes.chart,Splatch,Mark Varney Project,xX760Xx,,Jazz Fusion,9.80,8.35,1.45,13.414,5476,5482,365,2546,2565,697.73,6.095,26.695,10.148,12.640,18.516,16.685,6.021,0.178,0.145
C:\YARG\Charts\Carpal Tunnel Hero 3\[CTH3] 086. Attack of the Carpal Tunnel Monsters\Pablo G. Soler - Evolution [Peddy]\notes.chart,Evolution,Pablo G. Soler,Peddy,", 2006",Shred,10.48,9.26,1.22,14.617,2991,3123,815,1447,729,276.12,6.914,28.010,10.650,14.081,20.059,18.062,6.444,1.278,0.172
C:\YARG\Charts\Carpal Tunnel Hero 3\[CTH3] 086. Attack of the Carpal Tunnel Monsters\Spire of Lazarus - Artorias [Peddy]\notes.chart,Artorias,Spire of Lazarus,Peddy,", 2017",Deathcore,19.30,18.01,1.30,25.451,3273,3759,1017,540,1716,255.88,9.851,27.405,24.098,25.538,26.658,26.343,9.073,1.544,0.188
C:\YARG\Charts\Carpal Tunnel Hero 3\[CTH3] 086. Attack of the Carpal Tunnel Monsters\Stevie T Solo Medley [Peddy]\notes.chart,Stevie T Solo Medley,Stevie T,Peddy,", 2021",Solo Medley,12.41,11.00,1.41,16.878,4968,4981,439,2237,2292,439.15,8.198,26.798,12.808,16.819,21.145,19.964,8.111,0.287,0.227
"C:\YARG\Charts\Carpal Tunnel Hero 3\[CTH3] 086. Attack of the Carpal Tunnel Monsters\Thrash Metal Solo Medley 3 [Miscellany, ThundahK]\notes.chart",,,,,rock,11.20,9.58,1.62,15.040,8016,8133,2731,3090,2195,789.74,7.472,25.236,11.828,14.817,18.873,17.640,7.288,1.263,0.213
C:\YARG\Charts\Carpal Tunnel Hero 3\[CTH3] 087. Slaying the Beasts\Alpha Brutal - Waltz [OrangeHat]\notes.chart,Waltz,Alpha Brutal,OrangeHat,", 2017",Nintendocore,17.58,16.33,1.25,23.463,3359,3363,63,1,3295,252.93,8.611,42.143,16.718,22.401,31.793,30.117,8.513,0.070,0.177
C:\YARG\Charts\Carpal Tunnel Hero 3\[CTH3] 087. Slaying the Beasts\Firewind - Keyboard Solo (Live in Thessaloniki) [Peddy]\notes.chart,Keyboard Solo (Live in Thessaloniki),Firewind,Peddy,", 2012",Shred,13.21,12.34,0.86,18.580,1265,1265,0,0,1265,82.50,11.061,25.650,15.886,18.120,22.450,21.044,11.029,0.005,0.098
C:\YARG\Charts\Carpal Tunnel Hero 3\[CTH3] 087. Slaying the Beasts\Greg Howe - Ascend Solo Medley [Peddy]\notes.chart,Ascend Solo Medley,Greg Howe,Peddy,", 1999",Solo Medley,13.05,11.61,1.44,17.650,5342,5356,141,1627,3574,440.34,9.109,34.385,12.868,16.452,25.721,22.288,9.090,0.095,0.111
C:\YARG\Charts\Carpal Tunnel Hero 3\[CTH3] 087. Slaying the Beasts\meganeko - Computer Blues [Peddy]\notes.chart,Computer Blues,meganeko,Pedd,", 2016",Chiptune,19.27,18.06,1.21,25.509,2886,3029,283,846,1757,230.27,9.691,28.643,19.440,27.225,28.266,27.856,9.327,0.354,0.449
C:\YARG\Charts\Carpal Tunnel Hero 3\[CTH3] 087. Slaying the Beasts\Origin - Saligia [iZenPenguin]\notes.chart,Saligia,Origin,iZenPenguin,", 2011",Technical Death Metal,7.23,5.82,1.41,9.931,4723,4948,3912,811,0,410.78,5.213,21.365,7.221,9.116,15.155,12.539,3.896,2.904,0.099
C:\YARG\Charts\Carpal Tunnel Hero 3\[CTH3] 087. Slaying the Beasts\The Fractured Dimension - Galaxy Mechanics [iZenPenguin]\notes.chart,Galaxy Mechanics,The Fractured Dimension,iZenPenguin,", 2015",Progressive Metal,8.74,7.46,1.28,12.210,3551,3612,637,1413,1501,424.51,5.926,20.550,9.725,11.849,15.685,14.391,5.672,0.569,0.333
C:\YARG\Charts\Carpal Tunnel Hero 3\[CTH3] 088. hello guys Scott Mishoe here!\Scott Mishoe - Domesticated Problems [Chemfinal]\notes.chart,Domesticated Problems,,Chemfinal,,rock,7.99,7.04,0.95,11.633,1570,1580,174,654,742,171.73,6.152,17.595,9.293,11.510,14.414,13.445,6.124,0.329,0.194
C:\YARG\Charts\Carpal Tunnel Hero 3\[CTH3] 088. hello guys Scott Mishoe here!\Scott Mishoe - Scott Mishoe Alien Licks [Peddy]\notes.chart,Scott Mishoe Alien Licks,Scott Mishoe,Peddy,", 2015",Aliencore,13.48,12.76,0.71,19.102,834,834,0,0,834,56.14,12.062,24.467,16.539,18.518,23.452,21.445,12.059,0.003,0.023
C:\YARG\Charts\Carpal Tunnel Hero 3\[CTH3] 088. hello guys Scott Mishoe here!\Scott Mishoe - Tonic System [Peddy]\notes.chart,Tonic System,Scotty Mishoe,Peddy,", 1992",Shred Rock,8.77,7.70,1.08,12.531,2068,2191,792,471,805,256.26,6.950,18.527,9.916,12.276,15.669,14.806,6.878,0.942,0.266
"C:\YARG\Charts\Carpal Tunnel Hero 3\[CTH3] 088. hello guys Scott Mishoe here!\Scott Mishoe Solo Medley [Chemfinal, jdurandTV, OrangeHat & Peddy]\notes.chart",,,,,rock,11.46,9.62,1.84,15.091,13739,13776,706,8377,4656,1229.98,8.040,29.561,11.850,14.595,19.340,18.132,7.982,0.160,0.142
"C:\YARG\Charts\Carpal Tunnel Hero 3\[CTH3] 089. The Carpal Tunnel Trial Begins\Carl Czerny - Toccata in C Major, Op. 92 [Haggis]\notes.chart","Toccata in C Major, Op. 92",Carl Czerny,Haggis,", 2020",Classical,5.45,4.21,1.23,7.584,1619,3234,0,0,1619,197.10,4.395,11.070,6.106,7.425,9.540,8.809,4.384,0.033,0.009
C:\YARG\Charts\Carpal Tunnel Hero 3\[CTH3] 089. The Carpal Tunnel Trial Begins\CTH Team Solo Medley 1 [CTH3 Team]\notes.chart,bogos ,binted,,,rock,11.35,9.67,1.68,15.154,9224,9368,1238,3707,4279,838.94,7.688,26.135,11.733,14.634,20.034,18.159,7.563,0.543,0.153
C:\YARG\Charts\Carpal Tunnel Hero 3\[CTH3] 089. The Carpal Tunnel Trial Begins\CTH Team Solo Medley 2 [CTH3 Team]\notes.chart,mask vgh,artists various,,,rock,11.85,10.11,1.74,15.727,10524,10784,1591,4826,4107,935.58,7.920,30.303,11.640,15.058,21.483,19.464,7.798,0.538,0.141
C:\YARG\Charts\Carpal Tunnel Hero 3\[CTH3] 089. The Carpal Tunnel Trial Begins\Mike Orlando - A Wicked Bizzaa Guitaa [xX760Xx]\notes.chart,A Wicked Bizzaa Guitaa (feat. Gary Hoey & Joe Stump),Mike Orlando,xX760Xx,", 2010",rock,10.02,8.67,1.35,13.839,4166,4235,549,2742,875,466.30,6.834,23.515,10.263,13.499,18.207,16.893,6.767,0.385,0.195
"C:\YARG\Charts\Carpal Tunnel Hero 3\[CTH3] 089. The Carpal Tunnel Trial Begins\Mr. Big - Daddy, Brother, Lover, Little Boy (The Electric Drill Song) [Peddy]\notes.chart","Daddy, Brother, Lover, Little Boy (The Electric Drill Song)",Mr. Big,Peddy,", 1991",Hard Rock,8.64,7.67,0.97,12.500,1436,1675,1174,188,74,213.06,5.516,21.452,8.672,12.065,17.562,15.732,4.747,1.556,0.560
C:\YARG\Charts\Carpal Tunnel Hero 3\[CTH3] 089. The Carpal Tunnel Trial Begins\Rusty Cooley - Dark Matter [CyclopsDragon]\notes.chart,Dark Matter,Rusty Cooley,CyclopsDragon,,rock,9.25,7.88,1.37,12.779,4368,4518,872,3433,63,466.70,7.056,19.445,10.650,12.494,15.568,14.684,6.935,0.655,0.320
C:\YARG\Charts\Carpal Tunnel Hero 3\[CTH3] 090. Electrocution Storm\Electrocution 250 - Fletcher the Mouse [Paturages]\notes.chart,guitar,Unknown Artist,Unknown Charter,,rock,14.79,13.64,1.15,20.188,2620,2656,238,915,1467,289.58,7.808,28.460,12.467,21.470,25.785,24.154,7.777,0.245,0.171
C:\YARG\Charts\Carpal Tunnel Hero 3\[CTH3] 090. Electrocution Storm\Electrocution 250 - In The Mudd [OrangeHat]\notes.chart,In The Mudd,Electrocution 250,OrangeHat,", 2004",Cartoon Metal,7.41,6.53,0.88,10.927,1160,1326,363,368,429,222.34,4.190,19.008,7.006,10.511,16.032,14.211,3.678,0.592,0.552
C:\YARG\Charts\Carpal Tunnel Hero 3\[CTH3] 090. Electrocution Storm\Electrocution 250 - Ridiculosous [Miscellany]\notes.chart,,,,,rock,10.63,9.60,1.04,15.062,1962,1968,249,1268,445,181.42,9.435,22.433,13.009,14.650,18.315,16.926,9.409,0.634,0.044
C:\YARG\Charts\Carpal Tunnel Hero 3\[CTH3] 090. Electrocution Storm\Karmakanic & Agents of Mercy - Lalles Solo [OrangeHat]\notes.chart,Lalles Solo,Karmakanic & Agents Of Mercy,OrangeHat,", 2010",Shred,10.08,8.89,1.19,14.135,2836,2885,0,0,2836,317.77,6.420,25.133,10.454,12.818,21.375,18.079,6.321,0.049,0.178
C:\YARG\Charts\Carpal Tunnel Hero 3\[CTH3] 090. Electrocution Storm\Lalle Larsson Solo Medley [OrangeHat]\notes.chart,Lalle Larsson Solo Medley,Various Artists,OrangeHat,", 2020",Solo Medley,11.35,9.58,1.77,15.045,11546,11598,0,0,11546,1101.14,7.297,28.692,11.588,13.973,21.533,18.535,7.233,0.026,0.160
C:\YARG\Charts\Carpal Tunnel Hero 3\[CTH3] 090. Electrocution Storm\Prodigy - Schizoid [Peddy]\notes.chart,Schizoid,Prodigy,Peddy,", 1993",Shred,10.20,9.21,0.99,14.556,1713,1756,148,1126,439,148.66,8.565,18.451,12.626,14.375,16.980,16.166,8.503,0.332,0.095
C:\YARG\Charts\Carpal Tunnel Hero 3\[CTH3] 090. Electrocution Storm\Todd Duane Solo Medley [OrangeHat]\notes.chart,Todd Duane Solo Medley,Todd Duane,OrangeHat,", 2021",Solo Medley,17.03,15.60,1.44,22.577,5200,5254,372,1933,2895,358.65,10.405,38.340,15.835,21.448,31.665,29.000,10.296,0.305,0.107
C:\YARG\Charts\Carpal Tunnel Hero 3\[CTH3] 091. Fret Annihilating Charts\Albert Ayler - Blues [untitled piece] [Haggis]\notes.chart,Blues [untitled piece],Albert Ayler,Haggis,", 2004",Free Jazz,11.18,9.98,1.20,15.564,2960,2972,120,10,2830,359.40,5.676,36.153,10.552,14.503,23.510,20.243,5.611,0.164,0.133
C:\YARG\Charts\Carpal Tunnel Hero 3\[CTH3] 091. Fret Annihilating Charts\Laur - Exitium [Mintorment]\notes.chart,exitium,laur,,,rock,8.98,8.04,0.94,12.996,1373,1559,724,205,444,134.77,8.165,19.384,10.059,12.489,17.296,15.658,7.632,3.016,0.047
C:\YARG\Charts\Carpal Tunnel Hero 3\[CTH3] 091. Fret Annihilating Charts\Mark Varney Project - Centrifugal Funk Solo Medley [xX760Xx & jdurandTV]\notes.chart,Centrifugal Funk Solo Medley,Mark Varney Project,xX760Xx & jdurandTV,,rock,10.91,9.10,1.81,14.412,12767,12801,1041,8181,3545,1427.80,7.032,26.520,11.105,13.825,19.200,17.474,6.983,0.215,0.150
C:\YARG\Charts\Carpal Tunnel Hero 3\[CTH3] 091. Fret Annihilating Charts\Mike Orlando - Cirque de Insanity [iZenPenguin]\notes.chart,Cirque de Insanity,Mike Orlando,iZenPenguin,", 2010",Shred,14.74,13.50,1.24,20.016,3126,3285,447,1031,1648,248.49,11.152,33.471,15.827,19.202,26.586,23.801,11.118,0.591,0.023
C:\YARG\Charts\Carpal Tunnel Hero 3\[CTH3] 091. Fret Annihilating Charts\PROTODOME - Baroque Paper Scissors [Peddy]\notes.chart,Baroque Paper Scissors,PROTODOME,Peddy,", 2020",Chiptune,25.51,24.30,1.20,32.673,3000,3000,165,865,1970,207.56,11.690,49.783,19.710,33.342,44.443,41.489,11.577,0.139,0.139
C:\YARG\Charts\Carpal Tunnel Hero 3\[CTH3] 091. Fret Annihilating Charts\Richard Daudé - Dark Ages [Peddy]\notes.chart,Dark Ages,Richard Daudé,Peddy,", 2002",rock,10.35,9.31,1.04,14.684,1962,2002,435,670,857,271.90,5.647,33.921,8.590,13.320,25.168,20.127,5.416,0.573,0.389
C:\YARG\Charts\Carpal Tunnel Hero 3\[CTH3] 092. Destruction of Your Hands\Alkaloid - C-Value Engima [Chemfinal]\notes.chart,C-Value Enigma,Alkaloid,Chemfinal,", 2014",Technical Death Metal,13.27,12.22,1.04,18.427,2006,2018,307,1641,58,159.85,10.626,29.415,15.300,17.811,22.919,21.474,10.555,0.461,0.118
C:\YARG\Charts\Carpal Tunnel Hero 3\[CTH3] 092. Destruction of Your Hands\Bumblefoot Solo Medley [CTH3 Team]\notes.chart,Bumblefoot Solo Medley,Bumblefoot,jdurandTV etc,,rock,12.09,10.30,1.79,15.983,11884,12093,1343,6603,3938,1051.45,8.488,30.300,12.420,15.623,20.388,19.043,8.410,0.418,0.168
"C:\YARG\Charts\Carpal Tunnel Hero 3\[CTH3] 092. Destruction of Your Hands\Flaminglog - Equinox [Supradyke, Peddy]\notes.chart",Equinox,Flaminglog,Supradyke,", 2014",Chiptune,31.20,29.99,1.21,38.930,3076,3076,186,137,2753,142.30,19.915,72.135,31.452,35.145,58.426,47.049,19.872,0.390,0.184
C:\YARG\Charts\Carpal Tunnel Hero 3\[CTH3] 092. Destruction of Your Hands\HalfDuck - Ge4ce (schmutz06 Cover) [ΩHM]\notes.chart,Ge4ce (schmutz06 Cover),HalfDuck,OHM,", 2020",Experimental Metal,13.71,12.75,0.96,19.084,1615,1632,318,297,1000,127.42,9.493,26.411,15.292,18.509,24.625,22.350,9.245,0.884,0.166
C:\YARG\Charts\Carpal Tunnel Hero 3\[CTH3] 092. Destruction of Your Hands\Mike Orlando - Changes [xX760Xx]\notes.chart,Changes,Mike Orlando,xX760Xx,", 2006",MIKE ORLANDO IS HIS OWN GENRE,15.23,13.98,1.26,20.606,3187,3401,673,1266,1248,313.07,8.412,37.175,13.230,19.770,29.249,27.387,8.115,0.888,0.266
C:\YARG\Charts\Carpal Tunnel Hero 3\[CTH3] 092. Destruction of Your Hands\Vitalij Kuprij - Some Serious Shred [Peddy]\notes.chart,Some Serious Shred,Vitalij Kuprij,Peddy,", 2008",Synth Shred,11.13,9.84,1.29,15.386,3679,3679,0,0,3679,326.59,8.095,27.050,12.089,14.483,21.215,18.624,8.053,0.010,0.099
C:\YARG\Charts\Carpal Tunnel Hero 3\[CTH3] 093. Armageddon in Clontropolis\Artension - Phoenix Rising Solo Medley [Peddy]\notes.chart,art,ension,,,rock,12.23,10.59,1.64,16.351,8475,8537,241,1724,6510,711.30,8.488,28.692,12.537,15.521,22.399,19.964,8.424,0.114,0.118
C:\YARG\Charts\Carpal Tunnel Hero 3\[CTH3] 093. Armageddon in Clontropolis\Instant Reality - Stories of Our Minds Solo Medley [Supradyke]\notes.chart,Stories of Our Minds Solo Medley,Instant Reality,Supradyke,", 2020",Suprawave,11.75,10.11,1.64,15.731,8347,8598,393,1211,6743,943.69,6.731,55.575,10.577,14.279,24.115,21.250,6.620,0.304,0.221
C:\YARG\Charts\Carpal Tunnel Hero 3\[CTH3] 093. Armageddon in Clontropolis\Jeremy Barnes - Crematoria [Peddy]\notes.chart,Crematoria,Jeremy Barnes,Peddy,", 2009",Shred,12.17,10.75,1.41,16.563,4944,4948,666,2737,1541,455.43,7.231,24.822,12.161,16.488,21.217,19.909,7.042,0.530,0.281
"C:\YARG\Charts\Carpal Tunnel Hero 3\[CTH3] 093. Armageddon in Clontropolis\Shinobu Tanaka, Kazumi Totaka - Catching Ghosts (Luigi's Mansion) [Stickheadz32]\notes.chart",Catching Ghosts,"Shinobu Tanaka, Kazumi Totaka",Stickheadz32,", 2001",Avant-Garde,20.85,19.93,0.92,27.695,1474,1474,0,0,1474,85.87,8.313,35.455,19.731,29.443,31.902,31.615,7.625,0.947,0.062
"C:\YARG\Charts\Carpal Tunnel Hero 3\[CTH3] 093. Armageddon in Clontropolis\The Rob Sbar Noesis - Diet Soda, Chinese Food and a Single Yellow Daisy [Peddy, iZenPenguin]\notes.chart","Diet Soda, Chinese Food and a Single Yellow Daisy",The Rob Sbar Noesis,,", 2002",Jazz Fusion,10.05,8.53,1.52,13.659,6377,6409,724,2329,3324,635.01,7.453,22.527,11.358,13.253,17.042,15.759,7.307,0.351,0.304
C:\YARG\Charts\Carpal Tunnel Hero 3\[CTH3] 094. The Raging Note Storm\Chemfinal Solo Medley [Chemfinal]\notes.chart,Chemfinal Solo Medley,Various Artists,Chemfinal,", 2021",Solo Medley,13.23,11.47,1.76,17.473,11134,11352,1360,6363,3411,947.02,9.082,31.759,14.245,16.795,22.587,20.479,8.997,0.471,0.142
C:\YARG\Charts\Carpal Tunnel Hero 3\[CTH3] 094. The Raging Note Storm\Conlon Nancarrow - Study for Player Piano No.3a [Haggis]\notes.chart,Study for Player Piano No.3a,Conlon Nancarrow,Haggis,", 1977",Acoustic Black Midi,6.68,5.59,1.09,9.605,1361,2268,0,0,1361,180.30,4.883,16.776,7.155,9.081,13.431,11.932,4.835,0.150,0.059
C:\YARG\Charts\Carpal Tunnel Hero 3\[CTH3] 094. The Raging Note Storm\Crystal Castles - Alice Practice [iZenPenguin]\notes.chart,Alice Practice,Crystal Castles,iZenPenguin,", 2008",Electroclash,16.23,14.95,1.28,21.793,3603,3622,38,14,3551,160.80,13.512,31.226,18.463,21.069,27.959,24.500,13.433,0.937,0.016
C:\YARG\Charts\Carpal Tunnel Hero 3\[CTH3] 094. The Raging Note Storm\Vitalij Kuprij - Improvisation on a Theme by J.S. Bach [Chemfinal]\notes.chart,,,,,rock,16.49,15.14,1.34,22.029,4200,4200,0,0,4200,285.40,10.571,34.119,15.055,21.655,30.079,27.561,10.541,0.014,0.089
C:\YARG\Charts\Carpal Tunnel Hero 3\[CTH3] 094. The Raging Note Storm\Zef - Modulus [3-UP]\notes.chart,Modulus,Zef,3-UP,", 2021",Chiptune,18.51,17.17,1.34,24.456,4121,4158,526,297,3298,295.29,8.817,36.990,15.399,24.390,33.849,31.232,8.450,1.136,0.008
C:\YARG\Charts\Carpal Tunnel Hero 3\[CTH3] 094. The Raging Note Storm\Zenguin's Solo Medley [iZenPenguin]\notes.chart,Zenguin's Solo Medley,Various Artists,iZenPenguin & OHM,", 2021",Solo Medley,11.95,10.09,1.85,15.706,13956,14110,1047,5557,7352,1277.24,8.058,25.542,12.161,15.314,20.318,18.718,7.994,0.270,0.177
C:\YARG\Charts\Carpal Tunnel Hero 3\[CTH3] 095. An Unexpected Ambush\Lawrence Wallace - Ambush [Peddy]\notes.chart,Ambush,Lawrence Wallace,Peddy,", 2020",Progressive Metal,11.92,10.80,1.12,16.625,2425,2439,588,946,891,211.50,7.243,28.950,9.474,16.529,24.832,21.677,7.034,0.755,0.144
"C:\YARG\Charts\Carpal Tunnel Hero 3\[CTH3] 095. An Unexpected Ambush\Lawrence Wallace Solo Medley [Peddy, iZenPenguin]\notes.chart",Lawrence Wallace Solo Medley,Lawrence Wallace,"Peddy, iZenPenguin",", 2021",Solo Medley,17.41,15.45,1.95,22.404,17725,17739,1394,8017,8314,1280.45,10.652,34.767,17.095,21.871,29.045,26.920,10.590,0.259,0.179
C:\YARG\Charts\Carpal Tunnel Hero 3\[CTH3] 095. An Unexpected Ambush\Lawrence's Creation - Birth of the Sun God [Peddy]\notes.chart,Birth of the Sun God,Lawrence's Creation,Peddy,", 2017",Progressive Metal,10.06,8.87,1.19,14.111,2770,2864,267,1910,593,263.25,8.214,26.213,11.691,13.190,19.647,16.439,8.157,0.275,0.272
C:\YARG\Charts\Carpal Tunnel Hero 3\[CTH3] 096. jdurand's Challenge\Calvertron - 50K [jdurandTV]\notes.chart,50k,Calvertron,jdurandTV,,rock,13.84,12.58,1.27,18.872,2979,3487,413,187,2379,279.14,9.919,25.279,14.634,18.599,24.030,22.204,9.889,0.524,0.054
C:\YARG\Charts\Carpal Tunnel Hero 3\[CTH3] 096. jdurand's Challenge\Herobust - WTF [jdurandTV]\notes.chart,,,,,rock,15.52,14.18,1.34,20.860,3627,4151,127,145,3355,256.22,8.077,29.250,15.220,20.920,26.835,24.788,7.483,0.706,0.727
C:\YARG\Charts\Carpal Tunnel Hero 3\[CTH3] 096. jdurand's Challenge\jdurand's MEGA Solo Medley [jdurandTV]\notes.chart,jdurand's MEGA Solo Medley,Various Artists,jdurandTV,", 2021",Solo Medley,13.05,10.89,2.16,16.735,27970,28481,2255,12980,12735,2371.64,8.469,38.426,12.393,15.930,23.003,20.840,8.410,0.304,0.115
C:\YARG\Charts\Carpal Tunnel Hero 3\[CTH3] 096. jdurand's Challenge\jdurand11143 - ZapTar [OrangeHat]\notes.chart,ZapTar,jdurand11143,OrangeHat,", 2009",Popcore(n),16.86,15.47,1.39,22.424,4321,4680,669,1000,2652,300.37,8.957,32.675,15.561,22.717,28.702,27.204,8.738,0.367,0.294
C:\YARG\Charts\Carpal Tunnel Hero 3\[CTH3] 096. jdurand's Challenge\Xilent - Boss Wave [jdurandTV]\notes.chart,Boss Wave,Xilent,jdurandTV,", 2013",Dubstep,16.06,14.84,1.22,21.656,2944,3133,252,216,2476,218.86,8.686,36.675,14.693,20.231,32.885,27.951,8.593,0.389,0.471
C:\YARG\Charts\Carpal Tunnel Hero 3\[CTH3] 097. Ultimate Chart Cataclysm\Andrew Huang - Pegasus Pool Party (feat. Grant Stinnet) [iZenPenguin]\notes.chart,Pegasus Pool Party,Andrew Huang & Grant Stinnet,iZenPenguin,", 2019",Complextro,12.95,11.97,0.98,18.113,1486,1706,141,180,1165,147.77,7.617,35.370,13.293,17.341,24.419,22.720,7.569,0.393,0.318
C:\YARG\Charts\Carpal Tunnel Hero 3\[CTH3] 097. Ultimate Chart Cataclysm\Blitz Lunar - Mathsma Attack [3-UP]\notes.chart,Mathsma Attack,Blitz Lunar,3-UP,", 2018",Chiptune,20.25,18.95,1.30,26.558,3176,3768,588,348,2240,285.88,9.555,82.188,14.985,27.113,34.245,35.935,8.981,0.552,0.588
C:\YARG\Charts\Carpal Tunnel Hero 3\[CTH3] 097. Ultimate Chart Cataclysm\don_tblinkoryou_lldie - Jolt! [Peddy]\notes.chart,Jolt!,don'tblinkoryou'lldie,Peddy,", 2020",Chiptune,20.30,19.11,1.19,26.740,2872,2883,552,237,2083,181.64,10.140,44.460,20.534,26.006,34.913,32.065,10.061,0.765,0.241
"C:\YARG\Charts\Carpal Tunnel Hero 3\[CTH3] 097. Ultimate Chart Cataclysm\Francesco Fareri - Introspective (ft. Bob Katsionis) [Peddy, iZenPenguin]\notes.chart",Introspective (ft. Bob Katsionis,Francesco Fareri,"Peddy, iZenPenguin",", 2012",Shred,11.63,10.17,1.46,15.804,5506,5590,664,3141,1701,437.82,8.110,31.536,12.350,14.618,22.557,19.416,7.929,0.505,0.179
"C:\YARG\Charts\Carpal Tunnel Hero 3\[CTH3] 097. Ultimate Chart Cataclysm\Peddy - A Fatal Encounter [Peddy, Supradyke]\notes.chart",er,Not Peddy,"Not Peddy, Not Supradyke",", 2021",Lawnmower Metal,17.35,15.84,1.51,22.871,6297,6331,654,2832,2811,342.41,11.457,57.735,14.620,19.044,42.226,32.116,11.320,1.202,0.067
C:\YARG\Charts\Carpal Tunnel Hero 3\[CTH3] 097. Ultimate Chart Cataclysm\Peddy's Ultimate Shredley [Peddy]\notes.chart,Peddy's Ultimate Shredley,Various Artists,Peddy,", 2020",Solo Medley,11.88,9.87,2.02,15.415,20565,20611,1521,9021,10023,1795.95,8.110,31.176,11.849,15.000,20.068,18.479,8.052,0.267,0.149
C:\YARG\Charts\Carpal Tunnel Hero 3\[CTH3] 098. The Final Throwdown\Andrew Huang - Grains of Sand [jdurandTV]\notes.chart,Grains of Sand,Andrew Huang,jdurandTV,", 2019",Electronic,49.18,47.65,1.54,57.256,6719,6719,0,0,6719,179.20,30.311,62.838,50.063,58.118,62.618,61.628,30.311,0.000,0.000
C:\YARG\Charts\Carpal Tunnel Hero 3\[CTH3] 098. The Final Throwdown\cardboard_box - He He He [Peddy]\notes.chart,He he he,Cardboard Box,Peddy,", 2013",Chiptune,21.54,20.37,1.17,28.203,2735,2735,189,133,2413,110.04,16.615,32.693,26.523,28.386,29.340,29.324,16.543,0.557,0.040
C:\YARG\Charts\Carpal Tunnel Hero 3\[CTH3] 098. The Final Throwdown\commandycan - GREEN BREEZE [Peddy]\notes.chart,GREEN BREEZE,commandycan,Peddy,", 2014",Chiptune,23.31,22.04,1.27,30.119,3500,3500,79,571,2850,145.51,17.552,49.383,23.940,27.149,46.241,36.465,17.539,0.170,0.020
C:\YARG\Charts\Carpal Tunnel Hero 3\[CTH3] 098. The Final Throwdown\Duplica - Esoteric [Peddy]\notes.chart,Esoteric,Duplica,Peddy,", 2014",Chiptune,34.24,32.90,1.35,42.050,4234,4234,130,690,3414,156.16,21.678,44.415,38.250,43.065,43.712,43.684,21.674,0.249,0.037
C:\YARG\Charts\Carpal Tunnel Hero 3\[CTH3] 098. The Final Throwdown\HertzDevil - Blueshift Galaxy [3-UP]\notes.chart,Blueshift Galaxy,HertzDevil,3-UP,", 2016",Chiptune,17.82,16.24,1.58,23.349,7485,7489,765,753,5967,403.75,12.489,43.893,19.440,21.722,33.586,26.778,12.047,1.213,0.082
C:\YARG\Charts\Carpal Tunnel Hero 3\[CTH3] 098. The Final Throwdown\HertzDevil - Fimbulwinter Tritide [Peddy]\notes.chart,Fimbulwinter Tritide,Hertzdevil,Peddy,", 2012",Chiptune,31.21,29.86,1.35,38.788,4312,4313,160,131,4021,158.66,20.891,51.534,33.975,38.639,43.871,42.599,20.883,0.223,0.055
C:\YARG\Charts\Carpal Tunnel Hero 3\[CTH3] 098. The Final Throwdown\Shavrolet - Chaos Theory [Supradyke]\notes.chart,Chaos Theory,Shavrolet,Supradyke & jdurand,", 2019",Space Vibes,35.67,34.13,1.54,43.363,6444,6728,85,11,6348,302.61,16.589,54.500,37.713,42.863,50.387,48.040,16.180,0.319,0.417
"C:\YARG\Charts\Carpal Tunnel Hero 3\[CTH3] 098. The Final Throwdown\Skrillex - Skrillex Drop Medley [iZenPenguin, jdurandTV]\notes.chart",Skrillex Drop Medley,Skrillex,iZenPenguin & jdurandTV,", 2021",Epic Dubstep,16.21,14.62,1.59,21.392,6185,7552,838,1203,4144,517.11,9.770,43.356,15.489,20.120,30.561,27.051,9.625,0.590,0.446
C:\YARG\Charts\Carpal Tunnel Hero 3\[CTH3] 098. The Final Throwdown\Todd Duane - Supercalafragaridiculosous [OrangeHat]\notes.chart,Supercalafragaridiculosous,Todd Duane,OrangeHat,", 2021",Black MIDI,8.58,7.66,0.91,12.487,910,1439,0,0,910,81.63,7.503,15.480,10.661,12.408,14.552,13.916,7.495,0.091,0.023
"C:\YARG\Charts\Carpal Tunnel Hero 3\[CTH3] 098. The Final Throwdown\Xenrox - Explorer [Peddy, jdurandTV]\notes.chart",Explorer,Xenrox,Peddy,", 2016",Psytrance,21.81,20.30,1.51,28.117,6230,6346,368,1601,4261,345.53,13.249,44.415,20.768,27.486,36.975,34.295,13.150,0.359,0.041
C:\YARG\Charts\Carpal Tunnel Hero 3\[CTH3] 099. The Epics\Between the Buried and Me - Rainbow [Miscellany & HellAshes]\notes.chart,Rainbow,Between the Buried and Me,Miscellany,", 2021",Progressive Metal,8.09,5.70,2.39,9.756,38185,48887,29785,6795,1605,8554.66,4.678,22.621,7.514,9.333,13.078,11.851,4.303,1.042,0.516
C:\YARG\Charts\Carpal Tunnel Hero 3\[CTH3] 099. The Epics\Dream Theater Discography Solo Medley [CTH3 Team]\notes.chart,werwer,wserwer,,,rock,10.40,7.94,2.46,12.865,56896,57628,9453,25331,22112,6777.31,6.278,29.948,9.672,12.110,18.028,15.974,6.180,0.429,0.259
"C:\YARG\Charts\Carpal Tunnel Hero 3\[CTH3] 099. The Epics\Symphony X Discography Solo Medley [Peddy, DarkWolf]\notes.chart",Symphony X Discography Solo Medley,Symphony X,"Peddy, DarkWolf",", 2021",Solo Medley,9.99,7.68,2.31,12.504,40273,40620,4640,18502,17131,4550.81,6.429,24.540,9.415,12.001,16.825,15.335,6.356,0.315,0.203
C:\YARG\Charts\Carpal Tunnel Hero 3\[CTH3] 100. A Farewell to All\Carpal Tunnel Hero 2 Solo Medley [CTH3 Team]\notes.chart,Carpal Tunnel Hero 2 Solo Medley,,,,rock,13.89,12.09,1.81,18.257,12104,12572,1941,4302,5861,1026.63,8.882,48.645,13.590,17.930,23.287,22.311,8.763,0.627,0.126
C:\YARG\Charts\Carpal Tunnel Hero 3\[CTH3] 100. A Farewell to All\Carpal Tunnel Hero 3 Solo Medley [CTH3 Team]\notes.chart,,,,,rock,14.64,12.82,1.82,19.179,12595,12890,946,4891,6758,867.14,9.970,36.212,14.175,18.268,26.189,23.980,9.918,0.356,0.104
C:\YARG\Charts\Carpal Tunnel Hero 3\[CTH3] 100. A Farewell to All\Carpal Tunnel Hero Remastered Solo Medley [CTH1R Team]\notes.chart,Carpal Tunnel Hero: Remastered Solo Medley,,,,rock,11.52,9.74,1.78,15.249,11613,11861,1577,4867,5169,1017.28,7.693,31.491,11.273,14.694,20.565,18.810,7.580,0.525,0.132
C:\YARG\Charts\CTH3DLC Pack 1\Akihito Manaka - B.B. -EVOLUTION- (Final Fantasy 5) [jdurandTV]\notes.chart,,,,,rock,8.47,7.37,1.09,12.094,1973,2284,1136,494,343,294.77,6.223,19.100,9.974,11.839,14.708,14.011,5.979,1.469,0.426
C:\YARG\Charts\CTH3DLC Pack 1\Ancient Bards - Ancient Bards Discography Solo Medley [CTH3DLC] [Kira]\notes.chart,Ancient Bards Discography Solo Medley,Ancient Bards,Kira,,Symphonic Metal,8.81,7.22,1.59,11.885,7577,7621,1558,2112,3907,879.38,6.421,18.815,9.490,11.440,15.453,14.097,6.349,0.570,0.199
C:\YARG\Charts\CTH3DLC Pack 1\Angelus Apatrida - Indoctrinate [KhromaticScale]\notes.chart,Indoctrinate,Angelus Apatrida,KhromaticScale,", 2021",Thrash Metal,7.14,6.00,1.15,10.179,2141,2603,1766,341,34,335.63,5.315,21.344,7.939,9.650,13.548,12.484,4.875,1.628,0.543
C:\YARG\Charts\CTH3DLC Pack 1\As I Lay Dying - Gatekeeper [Revelsa]\notes.chart,Gatekeeper,As I Lay Dying,Revelsa,", 2019",Metalcore,8.98,7.97,1.00,12.907,1641,1816,1125,373,143,197.67,6.656,23.445,9.245,12.193,18.675,16.206,5.472,2.661,0.198
C:\YARG\Charts\CTH3DLC Pack 1\Bernth - Flow (feat. Syncatto) [Deltarak + KhromaticScale]\notes.chart,Flow (feat. Syncatto),Bernth,<color=#3dd33d>Deltarak</color> & <color=#53d580>KhromaticScale</color>,", 2022",Instrumental Rock,7.38,6.48,0.90,10.854,1369,1396,572,773,24,179.85,5.557,21.414,7.800,9.742,16.727,14.236,5.435,1.293,0.280
C:\YARG\Charts\CTH3DLC Pack 1\Berried Alive - Our Own Light Solo Medley [CTH3-DLC] (Jarvis9999)\notes.chart,Our Own Light Solo Medley,Berried Alive,Jarvis9999,", 2022",Technical Trap Metal,7.32,6.08,1.24,10.294,3161,3289,779,1605,777,468.18,4.976,24.353,8.011,9.933,13.499,12.358,4.789,0.539,0.367
C:\YARG\Charts\CTH3DLC Pack 1\Bitcrusher Solo Medley [Bitcrusher Team]\notes.chart,Bitcrusher Solo Medley,Various Artists,Bitcrusher Team,", 2023",Solo Medley,9.99,8.39,1.59,13.474,7492,7648,1095,4134,2263,876.06,6.443,25.709,9.890,12.700,19.170,16.845,6.310,0.517,0.175
C:\YARG\Charts\CTH3DLC Pack 1\Blackbraid - Sacandaga [7777villain]\notes.chart,Sacandaga,Blackbraid,7777villain,", 2022",Atmospheric Black Metal,3.95,2.68,1.27,5.208,3339,3519,3302,37,0,395.00,2.446,9.121,3.454,4.915,7.942,6.695,1.444,1.495,0.213
C:\YARG\Charts\CTH3DLC Pack 1\Brett Garsed - Fud Fight [CTH3-DLC] [iZenPenguin]\notes.chart,Fu'd Fight,Brett Garsed,iZenPenguin,", 2003",Shred Rock,6.89,5.87,1.02,9.998,1865,1912,837,967,61,312.39,5.040,16.908,7.648,9.599,13.302,12.179,4.919,0.995,0.222
C:\YARG\Charts\CTH3DLC Pack 1\Buckethead_s Cobra Strike - Braingate [760 Creations]\notes.chart,Braingate,Buckethead's Cobra Strike,xX760Xx,", 1999",Buckethead Bullshit,9.56,8.57,0.99,13.712,1705,1734,412,1065,228,172.33,6.897,18.978,11.016,13.686,16.731,15.629,6.795,0.586,0.180
C:\YARG\Charts\CTH3DLC Pack 1\Bullet for My Valentine - Begging for Mercy [jdurandTV]\notes.chart,,,,,rock,6.66,5.66,1.00,9.701,1560,1793,997,489,74,232.59,5.328,17.002,7.770,8.826,13.680,12.092,5.097,1.303,0.340
C:\YARG\Charts\CTH3DLC Pack 1\CDG Project - Destiny Forged [iZenPenguin]\notes.chart,Destiny Forged,CDG Project,iZenPenguin,", 2022",Progressive Metal,9.22,8.04,1.18,13.001,2768,2808,374,12,2382,399.08,6.020,21.879,10.067,12.515,17.186,15.669,5.826,0.205,0.317
C:\YARG\Charts\CTH3DLC Pack 1\Charred Walls of the Damned - The Soulless [CTH3-DLC] [JRabes]\notes.chart,The Soulless,Charred Walls of the Damned,JRabes,", 2016",Metal,7.68,6.67,1.01,11.121,1691,1836,1343,304,44,223.30,5.783,21.283,8.511,10.511,16.014,13.310,5.460,2.049,0.248
"C:\YARG\Charts\CTH3DLC Pack 1\CHON - Demo EP [760 Creations , Boo _ JRabes]\notes.chart",,,,,rock,7.98,6.32,1.66,10.641,7374,8924,3235,4017,122,1266.80,5.320,18.004,8.255,10.086,14.423,12.982,5.085,0.972,0.311
C:\YARG\Charts\CTH3DLC Pack 1\Consider the Source - Unfulfilled and Alienated (Fufilled and United Version) [iZenPenguin]\notes.chart,Unfulfilled and Alienated (Fufilled and United Version),Consider the Source,iZenPenguin,", 2019",Prog Fusion,7.55,6.54,1.02,10.936,1878,1878,660,1218,0,180.16,7.561,14.319,9.678,10.789,12.680,11.967,7.522,1.305,0.016
C:\YARG\Charts\CTH3DLC Pack 1\CTH3DLC Pack 1 Solo Medley [CTH3DLC Team]\notes.chart,CTH3DLC: Pack 1 Solo Medley,Various Artists,CTH3DLC Team,", 2023",Solo Medley,12.55,10.70,1.85,16.489,13770,13992,1218,6998,5554,1101.15,8.842,28.998,12.717,15.795,22.215,19.902,8.783,0.339,0.111
C:\YARG\Charts\CTH3DLC Pack 1\Damián Salazar - Arpeggios At The Speed of Light (Live in Buenos Aires @ Night) [CTh3-DLC] [jdurandTV]\notes.chart,,,,,rock,9.03,7.69,1.35,12.522,3870,4240,941,2660,269,391.96,6.950,24.760,10.220,12.125,15.650,14.729,6.774,0.730,0.255
C:\YARG\Charts\CTH3DLC Pack 1\Dan Johansen - Demon_s Rebirth [Peddy]\notes.chart,Demon's Rebirth,Dan Johansen,Peddy,", 2014",Progressive Metal,6.95,5.97,0.98,10.142,1521,1703,533,984,4,224.70,5.286,19.015,8.103,9.975,12.360,11.958,5.013,0.905,0.354
C:\YARG\Charts\CTH3DLC Pack 1\Dance Gavin Dance - Lemon Meringue Tie [jdurandTV]\notes.chart,Lemon Meringue Tie,Dance Gavin Dance,jdurandTV,", 2007",rock,4.93,3.86,1.07,7.050,1622,2140,1356,257,9,226.28,3.482,11.559,5.711,6.796,8.991,8.324,3.003,1.480,0.096
C:\YARG\Charts\CTH3DLC Pack 1\David Shankle Group - Ashes to Ashes [jdurandTV]\notes.chart,Ashes to Ashes,David Shankle,jdurandTV,", 2003",Heavy Metal,7.86,6.75,1.11,11.236,2096,2357,866,592,638,273.46,5.378,19.584,8.149,10.731,15.647,14.024,5.076,0.923,0.489
C:\YARG\Charts\CTH3DLC Pack 1\Dionaea - Same Story [Stickheadz32]\notes.chart,Same Story,Dionaea,Stickheadz32,", 2011",Postgrind,9.45,7.85,1.60,12.737,5900,7737,3161,914,1825,886.32,5.704,26.712,9.201,11.676,19.425,16.201,5.331,1.127,0.551
C:\YARG\Charts\CTH3DLC Pack 1\Dixie Dregs - Cruise Control [CTH3-DLC] [JoeyD]\notes.chart,Cruise Control,Dixie Dregs,JoeyD,", 1981",Rock,6.80,5.94,0.85,10.105,987,1226,438,357,192,211.19,4.347,19.145,7.204,9.194,15.576,13.048,4.082,0.795,0.574
C:\YARG\Charts\CTH3DLC Pack 1\Dubmood - On the Cobbles of Hell [CTH3-DLC] [TFG85]\notes.chart,On the Cobbles of Hell,Dubmood,TFG85,", 2018",Chiptune,17.75,16.55,1.20,23.721,2943,2966,222,19,2702,208.55,9.882,43.259,15.548,21.304,35.168,33.655,9.757,0.473,0.123
C:\YARG\Charts\CTH3DLC Pack 1\Enfold Darkness - The Test of Wisdom (feat. Malcolm Pugh) [CHT3-DLC] [KhromaticScale]\notes.chart,The Test of Wisdom (feat. Malcolm Pugh),Enfold Darkness,<color=#53d580>KhromaticScale</color>,", 2017",Technical Death Metal,7.07,5.71,1.37,9.768,3387,4458,3113,239,35,398.14,4.587,17.188,7.438,9.388,13.102,11.868,3.981,1.827,0.498
C:\YARG\Charts\CTH3DLC Pack 1\Evan Brewer - Actualize [NCV]\notes.chart,Actualize,Evan Brewer,NCV,", 2011",Instrumental Rock,8.42,7.48,0.94,12.234,1318,1556,1045,139,134,257.63,5.925,18.547,9.682,11.959,15.628,14.348,5.709,1.549,0.612
C:\YARG\Charts\CTH3DLC Pack 1\Evile - Outsider [CTH3-DLC] [KhromaticScale]\notes.chart,Outsider,Evile,<color=#53d580>KhromaticScale</color>,", 2013",Thrash Metal,6.02,5.01,1.00,8.765,1562,1823,1433,122,7,213.76,4.874,15.734,6.451,8.181,12.410,11.150,3.964,2.431,0.753
C:\YARG\Charts\CTH3DLC Pack 1\Fall Out Boy Solo Medley [JRabes] [CTH3-DLC]\notes.chart,Fall Out Boy Solo Medley,Fall Out Boy,JRabes,", 2005",Solos,2.74,2.72,0.01,5.273,5,7,5,0,0,0.74,2.592,5.958,4.464,5.286,5.862,5.958,2.275,0.468,0.796
C:\YARG\Charts\CTH3DLC Pack 1\Fellowship - The Saberlight Solo Medley [CTH3-DLC] [Lilithuwu _ Jarvis9999]\notes.chart,The Saberlight Solo Medley,Fellowship,Lilithuwu / Jarvis9999,", 2022",Power Metal,7.54,6.09,1.45,10.316,5266,5384,1898,3071,297,706.35,5.212,19.500,7.831,9.855,13.867,12.687,4.999,0.955,0.266
C:\YARG\Charts\CTH3DLC Pack 1\First Fragment - Ataraxie [Miscellany]\notes.chart,Ataraxie,First Fragment,Miscellany,", 2021",Technical Death Metal,8.60,7.47,1.12,12.227,2359,2462,1072,1134,153,310.00,6.639,18.244,9.925,12.291,14.477,13.838,6.524,1.343,0.325
C:\YARG\Charts\CTH3DLC Pack 1\Focus - Hocus Pocus (Live 73) [CTH3-DLC] [JRabes]\notes.chart,Hocus Pocus (Live 73),Focus,JRabes,", 1973",Prog,7.41,6.45,0.96,10.818,1318,1626,392,612,314,245.39,4.884,19.085,8.125,10.802,13.680,12.789,4.253,0.788,0.742
C:\YARG\Charts\CTH3DLC Pack 1\Frank Gambale - Loch Ness Monster [iZenPenguin]\notes.chart,Loch Ness Monster,Frank Gambale,iZenPenguin,", 2000",Jazz Fusion,7.40,6.34,1.06,10.663,2016,2113,637,838,541,308.67,5.462,19.665,8.095,9.903,15.084,13.371,5.382,0.800,0.321
C:\YARG\Charts\CTH3DLC Pack 1\Fraser Edwards - The Harvest [Miscellany]\notes.chart,The Harvest,Fraser Edwards,Miscellany,", 2022",Power Metal,7.75,6.94,0.82,11.494,1094,1107,408,539,147,140.75,6.506,18.092,9.421,11.035,14.615,13.556,6.412,0.959,0.048
C:\YARG\Charts\CTH3DLC Pack 1\Galneryus - Black Diamond (Stratovarius cover) [Peddy]\notes.chart,Black Diamond (Stratovarius cover),Galneryus,Peddy,", 2002",Power Metal,9.96,8.75,1.21,13.942,3003,3080,1143,1024,836,344.41,5.934,28.004,8.956,12.087,23.113,19.765,5.463,0.955,0.314
C:\YARG\Charts\CTH3DLC Pack 1\Greg Howe - Ascend Solo Medley (Good Version) [CTH3-DLC] [Peddy]\notes.chart,Ascend Solo Medley,Greg Howe,Peddy,", 1999",Solo Medley,11.50,10.06,1.44,15.669,5260,5274,141,1627,3492,440.34,8.758,32.049,12.549,15.046,20.112,18.752,8.739,0.094,0.111
C:\YARG\Charts\CTH3DLC Pack 1\Greg Howe - Howe _Bout It [Peddy]\notes.chart,Howe 'Bout It,Greg Howe,Peddy,", 1995",Jazz Fusion,8.09,6.93,1.15,11.486,2530,2647,516,1799,215,318.87,6.243,19.688,9.151,11.063,15.035,13.583,6.153,0.659,0.178
C:\YARG\Charts\CTH3DLC Pack 1\Horsey - Sippy Cup [CTH3-DLC] [jdurandTV]\notes.chart,,,,,rock,5.67,5.12,0.55,8.917,408,516,176,130,102,107.66,3.762,13.160,7.116,8.642,11.469,10.511,3.472,0.409,0.587
C:\YARG\Charts\CTH3DLC Pack 1\Infant Annihilator - Feast Ov Goreglutton [Miscellany]\notes.chart,Feast Ov Goreglutton,Infant Annihilator,Miscellany,", 2019",Deathcore,9.36,8.27,1.09,13.307,1445,2270,1360,33,52,139.72,7.037,16.451,10.961,13.301,15.996,14.907,6.626,2.153,0.112
C:\YARG\Charts\CTH3DLC Pack 1\Jacob Rabin - Crimson Epoch [Full Album] [CTH3-DLC] [JRabes]\notes.chart,Crimson Epoch [Full Album],Jacob Rabin,JRabes,", 2020",Progressive Metal,8.31,6.24,2.07,10.525,18316,23254,14005,3567,744,3104.12,4.787,22.090,7.450,9.969,15.069,13.349,4.226,1.495,0.358
C:\YARG\Charts\CTH3DLC Pack 1\Jacob Rabin - Til We Search For More (feat Aeon Bridge) [CTH3-DLC] [JRabes]\notes.chart,Til We Search For More,Jacob Rabin,"JRabes, Jackie",", 2019",Metal,10.77,9.70,1.07,15.204,2113,2144,751,929,433,194.59,7.171,29.534,10.557,13.854,22.832,20.238,6.991,1.240,0.123
C:\YARG\Charts\CTH3DLC Pack 1\Jason Becker - Mabel_s Fatal Fable [CTH3-DLC] [OrangeHat]\notes.chart,,,,,rock,9.93,8.74,1.19,13.937,2864,2869,752,1915,197,284.48,7.020,22.304,9.691,14.010,18.143,16.976,6.818,0.518,0.061
C:\YARG\Charts\CTH3DLC Pack 1\Jeff Beck Solo Medley [CTH3DLC Team]\notes.chart,Jeff Beck Solo Medley,Jeff Beck,CTH3DLC Team,", 2023",Solo Medley,9.60,8.00,1.59,12.948,6857,7641,1564,2887,2406,848.17,6.452,33.065,9.775,12.087,18.188,16.230,6.324,0.658,0.241
C:\YARG\Charts\CTH3DLC Pack 1\John Larkin - The Misfits [CTH3-DLC] [JRabes]\notes.chart,The Misfits,John Larkin,JRabes,", 1986",Jazz,6.93,5.82,1.11,9.931,2036,2396,0,0,2036,348.93,4.387,17.123,6.840,9.783,13.343,12.420,3.928,0.076,0.648
C:\YARG\Charts\CTH3DLC Pack 1\JRabes Solo Medley Part I_ The Dumpster Fire [CTH3-DLC] [JRabes]\notes.chart,JRabes Solo Medley,Various Artist,JRabes,", 1",Solos,9.81,7.99,1.82,12.931,12630,12960,2896,7636,2098,1533.93,6.305,31.568,9.777,12.245,17.745,16.011,6.120,0.665,0.289
C:\YARG\Charts\CTH3DLC Pack 1\Junko Ohashi - Dancing (Who I Am) {King Quartz Speedmix} [CTH3-DLC] [jdurandTV]\notes.chart,Dancin' (Who I Am) [King Quartz Speedmix],Junko Ohashi,jdurandTV,", 2022",Funkwave,11.81,10.75,1.06,16.557,1789,2093,445,408,936,222.35,6.331,26.213,11.424,16.497,21.794,20.492,6.116,0.790,0.394
C:\YARG\Charts\CTH3DLC Pack 1\JYOCHO - Circle of Life [DaiJyoubs]\notes.chart,Circle of Life,JYOCHO,DaiJyoubs,", 2018",Math Rock,9.08,7.98,1.10,12.916,2290,2315,345,676,1269,285.24,8.776,16.893,11.708,12.903,14.190,13.817,8.749,0.237,0.371
C:\YARG\Charts\CTH3DLC Pack 1\Light Bringer - Tales of Fantasy [Spachi]\notes.chart,Tales of Fantasy ~Poetry to Heaven~,Light Bringer,Spachi,", 2013",Power Metal,5.44,4.44,1.00,7.917,1596,1812,866,296,434,380.77,3.804,14.000,5.940,7.637,10.504,9.726,3.179,0.612,1.128
C:\YARG\Charts\CTH3DLC Pack 1\Marc Rizzo - The Riddle of Steel [CTH3-DLC] [jdurandTV]\notes.chart,The Riddle of Steel,Marc Rizzo,jdurandTV,", 2007",Metal,9.36,7.90,1.46,12.804,5323,5547,2083,3074,166,614.72,7.165,25.466,9.592,11.615,19.061,16.365,7.010,1.296,0.157
C:\YARG\Charts\CTH3DLC Pack 1\Mardelas - Apocalypse [Spachi]\notes.chart,Apocalypse,Mardelas,Spachi,", 2019",Power Metal,7.00,5.93,1.08,10.079,2018,2195,1090,721,207,316.07,5.031,16.650,7.616,9.814,13.255,12.165,4.558,1.372,0.589
C:\YARG\Charts\CTH3DLC Pack 1\Marty Friedman - Inferno [John Titor]\notes.chart,Inferno,Marty Friedman,John Titor,", 2014",rock,7.55,6.44,1.11,10.804,2264,2378,618,1641,5,338.67,5.048,19.420,8.467,10.593,13.588,12.809,4.853,0.463,0.367
C:\YARG\Charts\CTH3DLC Pack 1\Morbid Angel - Lord of All Fevers and Plague (Live) [CTH3-DLC] [Miscellany]\notes.chart,Lord of All Fevers and Plague (Live),Morbid Angel,Miscellany,", 1996",Death Metal,9.69,8.57,1.12,13.706,1904,2455,820,579,505,230.24,8.182,18.878,12.168,13.512,15.805,15.015,8.067,1.439,0.167
C:\YARG\Charts\CTH3DLC Pack 1\Nero_s Day at Disneyland - Eulogy for Nick Galvas [Caret]\notes.chart,Eulogy for Nick Galvas,Nero's Day at Disneyland,Caret,", 2009",Glitch,8.95,8.03,0.93,12.979,1290,1491,984,107,199,181.85,6.283,19.891,9.770,12.749,16.781,15.608,5.860,2.091,0.084
C:\YARG\Charts\CTH3DLC Pack 1\Obscura - A Valediction With ΩHM_s Solo Medleys_ Names [CTH3-DLC] [ΩHM]\notes.chart,A Valediction With ΩHM's Solo Medleys' Names,Obscura,OHM,", 2021",Technical Death Metal,8.67,7.12,1.55,11.747,6882,6934,1533,3866,1483,829.91,6.312,20.445,9.156,11.329,15.365,14.117,6.237,0.491,0.195
C:\YARG\Charts\CTH3DLC Pack 1\Pagan_s Mind - New World Order [CTH3DLC] [jdurandTV]\notes.chart,New World Order,Pagan's Mind,jdurandTV,", 2005",Progressive Power Metal,7.39,6.12,1.28,10.350,2861,3579,959,921,981,485.32,4.972,18.854,7.609,9.782,14.165,13.146,4.672,0.654,0.395
C:\YARG\Charts\CTH3DLC Pack 1\Phi Yan-Zek - Invitation [Chemfinal] [CTH3-DLC]\notes.chart,,,,,rock,10.96,10.28,0.69,15.945,777,777,62,545,170,58.54,9.401,21.672,13.702,15.762,18.405,17.931,9.363,0.419,0.077
C:\YARG\Charts\CTH3DLC Pack 1\Phinehas - Eternally Apart [Revelsa]\notes.chart,Eternally Apart,Phinehas,Revelsa,", 2021",Metalcore,6.78,5.73,1.05,9.796,1862,2044,702,770,390,299.29,4.683,15.995,7.596,9.565,12.592,11.671,4.414,0.902,0.295
C:\YARG\Charts\CTH3DLC Pack 1\Pigu - RAVEjr [CTH3-DLC] [3-UP]\notes.chart,RAVEjr,Pigu,3-UP,", 2017",Chiptune,21.60,20.22,1.38,28.031,4547,4550,54,179,4314,180.70,17.782,36.900,24.232,26.604,35.505,32.253,17.754,0.077,0.080
C:\YARG\Charts\CTH3DLC Pack 1\POLKADOT STINGRAY - Keshin [John Titor]\notes.chart,Keshin,POLKADOT STINGRAY,John Titor,", 2020",rock,5.46,4.59,0.87,8.143,1170,1292,768,372,30,193.31,5.064,11.070,6.949,8.020,9.750,9.109,4.744,1.776,0.316
C:\YARG\Charts\CTH3DLC Pack 1\Pomegranate Tiger - The Cryptographer [CTH3-DLC] [ΩHM]\notes.chart,The Cryptographer,Pomegranate Tiger,<color=#0055a4>Ω</color><color=#ffffff>H</color><color=#ef4135>M</color>,", 2022",Progressive Metal,9.18,8.17,1.02,13.166,1697,1875,1253,431,13,215.43,6.720,18.604,9.401,12.939,16.770,16.581,6.085,2.432,0.215
C:\YARG\Charts\CTH3DLC Pack 1\Racer X - B.R.O [Supahfast198]\notes.chart,,,,,rock,8.33,7.69,0.64,12.525,665,670,39,607,19,75.93,7.188,17.245,10.540,12.360,14.813,14.235,7.164,0.110,0.075
"C:\YARG\Charts\CTH3DLC Pack 1\Richie Kotzen, Greg Howe - Tilt [Tris255]\notes - Copy.chart",Tilt,"Richie Kotzen, Greg Howe",Tris255,", 1995",Jazz Fusion,7.78,6.68,1.10,11.131,2272,2336,374,1895,3,320.50,6.007,20.095,8.809,10.485,15.254,13.426,5.967,0.330,0.157
"C:\YARG\Charts\CTH3DLC Pack 1\Richie Kotzen, Greg Howe - Tilt [Tris255]\notes.chart",Tilt,"Richie Kotzen, Greg Howe",Tris255,", 1995",Jazz Fusion,7.78,6.68,1.10,11.131,2272,2336,374,1895,3,320.50,6.007,20.095,8.809,10.485,15.254,13.426,5.967,0.330,0.157
C:\YARG\Charts\CTH3DLC Pack 1\Royal Hunt Solo Medley 2 [Peddy]\notes.chart,Royal Hunt Solo Medley 2,Royal Hunt,Peddy,", 2022",Solo Medley,10.89,9.21,1.68,14.550,9283,9367,677,1744,6862,998.83,7.257,27.135,10.880,14.180,19.143,17.671,7.190,0.192,0.221
C:\YARG\Charts\CTH3DLC Pack 1\Sacra Victoria - Ascension [jdurandTV _ OrangeHat]\notes.chart,The Ascension,Victoria Sacra,jdurandTV & OrangeHat,", 2022",Neoclassical Metal,10.51,9.20,1.31,14.542,3889,3927,1143,2444,302,390.08,7.881,23.585,11.350,13.788,19.647,17.679,7.708,0.973,0.172
C:\YARG\Charts\CTH3DLC Pack 1\Scott Stine - Nuthin_ but Pickin_ [CTH3-DLC] [Supahfast198]\notes.chart,,,,,rock,9.10,8.08,1.02,13.055,1757,1902,323,1307,127,203.57,6.657,20.153,9.794,12.830,16.819,15.758,6.581,0.533,0.297
C:\YARG\Charts\CTH3DLC Pack 1\Sean Ashe - Creature (feat. Denis Chang) [XEntombmentX]\notes.chart,Creature (feat. Denis Chang),Sean Ashe,XEntombmentX,", 2016",Progressive Rock,7.39,6.63,0.76,11.066,878,952,342,515,21,151.36,5.187,18.825,7.965,10.597,15.016,14.022,5.071,0.668,0.419
C:\YARG\Charts\CTH3DLC Pack 1\Seven Spires - Serenity [Deltarak]\notes.chart,Serenity,Seven Spires,<color=#3DD33D>Deltarak</color>,", 2017",Symphonic Black Metal,6.31,5.32,0.98,9.219,1646,1731,1217,353,76,269.50,4.221,19.455,7.020,8.534,13.239,11.499,3.605,0.962,0.631
C:\YARG\Charts\CTH3DLC Pack 1\Shadow in the Darkness - Erstwhile Befell (Full Album Chart) [CTH3-DLC] [ΩHM]\notes.chart,Erstwhile Befell (Full Album),Shadow in the Darkness,<color=#0055a4>Ω</color><color=#ffffff>H</color><color=#ef4135>M</color>,", 2020",Technical Death Metal,8.25,6.28,1.97,10.575,15833,18399,11282,3893,658,1828.62,5.462,17.994,8.277,10.131,14.125,12.674,5.104,1.523,0.247
C:\YARG\Charts\CTH3DLC Pack 1\Shady Cicada - Stardust [John Titor]\notes.chart,Stardust,Shady Cicada,John Titor,", 2018",rock,4.88,4.10,0.78,7.411,778,1006,680,95,3,182.00,3.622,13.517,4.923,6.899,11.576,9.589,3.011,1.928,0.647
C:\YARG\Charts\CTH3DLC Pack 1\Skrillex - Levels (Skrillex Remix) [Avicii] [jdurandTV _ Mintorment] [CTH3-DLC]\notes.chart,Levels Remix [Avicii],Skrillex,jdurandTV,,Dubstep,7.26,6.03,1.23,10.233,1978,3198,904,300,774,274.07,5.441,14.127,8.821,10.014,12.337,11.437,5.185,1.230,0.276
C:\YARG\Charts\CTH3DLC Pack 1\So Many Ways - Pen Island [CTH3-DLC] [JRabes]\notes.chart,Pen Island,So Many Ways,JRabes,", 2013",Punk,8.63,7.66,0.97,12.481,1575,1669,973,300,302,173.27,5.407,21.236,7.702,12.434,17.397,16.103,5.149,1.204,0.338
C:\YARG\Charts\CTH3DLC Pack 1\Spire of Lazarus - Soldier of Sand [NCV]\notes.chart,Soldier of Sand,Spire of Lazarus,NCV,", 2022",Technical Deathcore,7.17,6.08,1.09,10.293,2167,2275,1369,248,550,262.61,4.441,24.161,6.404,9.092,17.601,14.202,3.789,1.664,0.347
C:\YARG\Charts\CTH3DLC Pack 1\Steve Bello - About to Explode [CTH3-DLC] [Stickheadz32]\notes.chart,About to Explode,Steve Belle,Stickheadz32,", 2009",Crust Shred,10.22,9.12,1.10,14.438,2186,2324,473,1434,279,191.40,8.508,24.355,11.499,14.000,18.526,17.054,8.452,0.789,0.143
C:\YARG\Charts\CTH3DLC Pack 1\T-ride - Bone Down [CTH3-DLC] [JRabes]\notes.chart,Bone Down,T-ride,JRabes,", 1992",Fuck If I Know,6.48,5.70,0.79,9.752,869,1031,339,402,128,123.29,5.365,15.755,7.800,9.419,12.494,11.571,5.195,1.110,0.251
C:\YARG\Charts\CTH3DLC Pack 1\Talisman - Great Sandwich (Instrumental Bonus Track) [CTH3DLC] [Kira]\notes.chart,Great Sandwich (Instrumental Bonus Track),Talisman,Kira,", 1990",Hard Rock,6.96,6.19,0.76,10.457,956,958,447,237,272,150.55,4.005,17.280,6.765,10.484,14.545,12.967,3.758,0.673,0.422
C:\YARG\Charts\CTH3DLC Pack 1\Tengger Cavalry - Sunesu Cavalry [7777villain]\notes.chart,Sunesu Cavalry,Tengger Cavalry,7777villain,", 2012",Folk Metal,5.15,3.93,1.23,7.154,2607,3160,2253,237,117,296.18,3.474,12.598,5.080,7.127,9.429,8.670,2.801,1.718,0.246
C:\YARG\Charts\CTH3DLC Pack 1\The Aristocrats - Boing! I_m in the Back (Live) [CTH3-DLC] [Tris255]\notes.chart,Boing!... I'm in the Back (Live),The Aristocrats,Tris255,", 2012",Jazz Fusion,8.14,6.91,1.22,11.460,2719,3153,1368,1197,154,471.18,5.310,20.296,8.371,11.430,14.953,13.642,5.077,0.928,0.509
C:\YARG\Charts\CTH3DLC Pack 1\The Physics House Band - Obidant [CTH3-DLC] - [TFG85]\notes.chart,Obidant,The Physics House Band,TFG85,", 2017",rock,16.50,15.60,0.90,22.582,1351,1394,238,130,983,144.54,7.749,30.803,15.210,22.391,30.488,28.273,7.558,0.626,0.629
C:\YARG\Charts\CTH3DLC Pack 1\Thousand Sun Sky - Glass Butterfly [Eva]\notes.chart,Glass Butterfly,Thousand Sun Sky,Eva,", 2023",rock,8.03,6.95,1.09,11.505,1945,2234,392,101,1452,283.03,5.491,19.562,7.417,11.448,16.065,14.464,5.109,0.668,0.536
C:\YARG\Charts\CTH3DLC Pack 1\Unflesh Solo Medley [CTH3-DLC] [Chemfinal]\notes.chart,,,,,rock,9.96,8.59,1.38,13.733,4538,4544,608,3141,789,445.60,7.214,23.610,10.545,13.290,18.305,16.430,7.163,0.322,0.157
C:\YARG\Charts\CTH3DLC Pack 1\Victor Bailey - Countdown [CTH3-DLC] [Kira]\notes.chart,Countdown,Victor Bailey,Kira,", 2009",Jazz Fusion,9.59,8.79,0.80,14.002,999,1050,970,29,0,140.87,7.415,19.181,11.638,13.871,16.662,15.924,7.217,1.791,0.458
"C:\YARG\Charts\CTH3DLC Pack 1\Vitalij Kuprij - High Definition (Full Album) [CTH3-DLC] [Peddy, Chemfinal]\notes.chart",High Definition (Full Album),Vitalij Kuprij,"Peddy, Chemfinal",", 1997",Neoclassical Metal,9.83,7.82,2.01,12.706,19666,20084,2872,8424,8370,2552.17,5.783,27.050,9.800,12.245,16.886,15.288,5.567,0.382,0.270
C:\YARG\Charts\CTH3DLC Pack 1\Warmen - Piano Intro to... Treasure Within [Supahfast198]\notes.chart,,,,,rock,7.54,6.32,1.22,10.633,2787,3142,175,764,1848,474.41,4.445,28.625,7.421,10.240,14.508,13.593,4.288,0.173,0.398
C:\YARG\Charts\CTH3DLC Pack 2\331Erock - Dragon Ball Z Meets Metal [JRabes] [CTH3-DLC]\notes.chart,Dragon Ball Z Meets Metal,331Erock,Unknown Charter,,rock,11.32,10.29,1.03,15.966,1859,1921,680,616,563,228.01,6.285,29.219,10.672,14.531,24.425,21.583,6.108,0.909,0.330
C:\YARG\Charts\CTH3DLC Pack 2\Absolute Steel - Deliverance [jdurandTV]\notes.chart,,,,,rock,9.76,8.66,1.10,13.830,2292,2292,309,1087,896,240.29,6.595,29.340,9.404,11.927,23.479,18.821,6.532,0.491,0.217
C:\YARG\Charts\CTH3DLC Pack 2\Æternity Solo Medley [Aren Eternal]\notes.chart,Æternity Solo Medley,Æternity,Aren Eternal,", 2023",Solo Medley,11.27,9.33,1.94,14.714,16589,17162,3103,6332,7154,1796.36,6.948,35.753,10.440,13.825,21.225,18.803,6.814,0.610,0.219
"C:\YARG\Charts\CTH3DLC Pack 2\All Shall Perish, Medleys Shall Persist [OHM]\notes.chart","All Shall Perish, Medleys Shall Persist",All Shall Perish,<color=#0055a4>Ω</color><color=#ffffff>H</color><color=#ef4135>M</color>,,Deathcore,10.41,8.95,1.47,14.208,5621,5635,1872,2766,983,724.55,6.204,30.848,10.538,13.674,19.249,17.477,6.039,0.639,0.323
C:\YARG\Charts\CTH3DLC Pack 2\Andy Gillion - Final Boss (feat. Per Nilsson _ 66samus) [XEntombmentX]\notes.chart,Final Boss (feat. Per Nilsson & 66samus),Andy Gillion,XEntombmentX,", 2022",Progressive Metal,9.07,8.08,0.99,13.052,1633,1768,400,531,702,218.23,6.705,16.860,11.574,12.965,14.850,14.196,6.408,0.710,0.291
C:\YARG\Charts\CTH3DLC Pack 2\Animals as Leaders - Parrhesia (Full Album Chart)\notes.chart,Parrhesia (Full Album),Animals as Leaders,<color=#0055a4>Ω</color><color=#ffffff>H</color><color=#ef4135>M</color>,", 2022",Progressive Metal,8.46,6.63,1.83,11.064,12897,13423,7288,4647,962,2143.30,5.312,25.151,8.520,10.695,14.411,13.401,4.824,1.454,0.571
C:\YARG\Charts\CTH3DLC Pack 2\Ascension - Under the Veil of Madness Solo Medley\notes.chart,Under the Veil of Madness Solo Medley,Ascension,,", 2023",Solo Medley,10.27,8.74,1.54,13.928,6699,6703,1857,4289,553,704.47,7.312,26.015,10.891,13.449,18.257,16.636,7.214,0.791,0.168
"C:\YARG\Charts\CTH3DLC Pack 2\Between the Buried and Me - Rainbow [Miscellany, HellAshes]\notes.chart",Rainbow,Between the Buried and Me,Miscellany,", 2021",Progressive Metal,8.09,5.70,2.39,9.756,38172,48863,29797,6772,1603,8554.66,4.678,22.621,7.512,9.333,13.078,11.852,4.303,1.043,0.512
C:\YARG\Charts\CTH3DLC Pack 2\Billy Sheehan - Bass Solo (Buffalo 1994) [OHM]\notes.chart,Bass Solo (Buffalo 1994),Billy Sheehan,<color=#0055a4>Ω</color><color=#ffffff>H</color><color=#ef4135>M</color>,", 2006",Jazz Fusion,9.66,8.39,1.26,13.470,3302,3480,863,1488,951,327.65,6.532,24.462,9.958,12.630,18.691,17.139,6.201,1.129,0.187
C:\YARG\Charts\CTH3DLC Pack 2\Black Label Society - In This River (Live) [jdurandTV]\notes.chart,In This River (Live) [Tribute to Dimebag Darrel],Zakk Wylde,jdurandTV,,Metal,7.52,6.18,1.34,10.444,3684,4158,999,2485,200,600.16,5.259,18.130,7.777,9.996,14.097,12.960,4.936,0.577,0.655
C:\YARG\Charts\CTH3DLC Pack 2\Boom Jinx - Lunar Arcade [Supahfast198]\notes.chart,,,,,rock,8.33,7.08,1.25,11.686,3396,3396,240,192,2964,367.44,6.585,12.735,11.084,11.534,12.726,12.262,6.491,0.193,0.277
C:\YARG\Charts\CTH3DLC Pack 2\Brad Paisley - Onryo [JRabes] [CTH3-DLC]\notes.chart,Onryo,Brad Paisley,JRabes,", 2013",Jountry,10.20,9.47,0.72,14.901,788,858,160,509,119,93.10,7.073,22.793,11.059,14.383,19.818,18.410,6.870,0.633,0.223
C:\YARG\Charts\CTH3DLC Pack 2\Buckethead - Buckethead Solo Medley [CTH3DLC Team]\notes.chart,Buckethead Solo Medley,Buckethead,FIgUrE OuT WhAT TO pUT HerE,", 2022",Solo Medley,10.61,8.74,1.86,13.938,13941,14347,2551,6495,4895,1339.47,7.409,25.992,11.543,13.695,16.893,16.001,7.251,0.660,0.193
C:\YARG\Charts\CTH3DLC Pack 2\Buckethead - Machete Mirage [jdurandTV]\notes.chart,Machete Mirage,Buckethead,jdurandTV,", 2003",Metal,12.43,11.55,0.87,17.582,1157,1289,555,441,161,163.76,7.396,23.499,13.464,17.977,21.155,20.055,7.329,1.040,0.206
C:\YARG\Charts\CTH3DLC Pack 2\Buddy Greene - Orange Blossom Special (Buddy Greene Cover) [Hodor1355]\notes.chart,Orange Blossom Special (Buddy Greene Cover),Buddy Greene,Hodor1355,", 1994",Bluegrass,5.70,4.60,1.10,8.161,1215,2331,0,0,1215,149.63,3.982,19.121,6.233,7.763,11.093,10.001,3.635,0.616,0.465
C:\YARG\Charts\CTH3DLC Pack 2\Buried Realm - Embodiment of the Divine (Full Album) [Miscellany]\notes.chart,,,,,rock,8.75,6.70,2.04,11.171,20424,21878,11604,6559,2261,2928.66,5.506,26.261,8.575,10.678,15.047,13.589,5.197,1.445,0.327
C:\YARG\Charts\CTH3DLC Pack 2\Buried Realm - Embodiment of the Solo Medley [Miscellany]\notes.chart,Embodiment of the Solo Medley,Buried Realm,Miscellany,", 2020",Melodic Death Metal,8.73,7.27,1.46,11.953,5581,5611,1510,2394,1677,645.36,6.437,20.264,9.759,11.447,15.396,14.114,6.314,0.785,0.250
C:\YARG\Charts\CTH3DLC Pack 2\Camellia - Lorelei [jdurandTV]\notes.chart,,,,,rock,10.46,9.28,1.18,14.649,2167,2826,745,608,814,201.11,8.482,21.194,12.506,14.314,17.477,16.667,8.278,1.968,0.086
C:\YARG\Charts\CTH3DLC Pack 2\Camellia Drop Medley 1\notes.chart,Camellia Drop Medley 1,Camellia,"SoulSpirit, Xeratek, Hodor1355, KhromaticScale, Atomic, SanicStudios, DarkWolf",", 2023",Electronic,12.70,11.09,1.61,16.998,5824,7947,3350,855,1619,665.47,8.645,31.557,13.002,16.383,22.242,20.755,8.286,2.159,0.218
C:\YARG\Charts\CTH3DLC Pack 2\Carpal Tunnel Hero 2 Solo Medley 2 [CTH3DLC Team]\notes.chart,Carpal Tunnel Hero 2 Solo Medley 2,Various Artists,Various Charters,", 2023",Solo Medley,11.87,10.10,1.77,15.724,11378,11525,1555,5334,4489,1003.85,8.056,25.355,12.115,15.323,20.314,18.843,7.947,0.483,0.149
C:\YARG\Charts\CTH3DLC Pack 2\Carpal Tunnel Hero 3 Solo Medley 2 [CTH3TEAM]\notes.chart,Carpal Tunnel Hero 3 Solo Medley 2,Various Artists,CTH3 Team,", 2023",Solo Medley,15.81,13.91,1.90,20.520,15426,15744,851,7276,7299,1073.48,10.607,35.942,15.525,19.653,27.207,25.370,10.561,0.273,0.109
C:\YARG\Charts\CTH3DLC Pack 2\Carpal Tunnel Hero Remastered Solo Medley 2 [CTH1R Team]\notes.chart,Carpal Tunnel Hero: Remastered Solo Medley 2,Various Artists,CTH1R Team,", 2022",Solo Medley,10.90,9.18,1.73,14.512,10396,10445,1881,3986,4529,958.45,7.632,22.048,11.385,14.028,18.901,17.314,7.530,0.592,0.152
C:\YARG\Charts\CTH3DLC Pack 2\Codename KND - Operation F.O.O.D.F.I.T.E [JRabes] [CTH3-DLC]\notes.chart,Operation F.O.O.D.F.I.T.E.,Codename: Kids Next Door,JRabes,", 2004",Mashed Potatoes,7.61,6.30,1.31,10.605,2804,3903,2333,444,27,565.16,4.846,19.881,7.802,10.162,14.565,13.123,4.255,1.647,0.756
C:\YARG\Charts\CTH3DLC Pack 2\Concerto Moon - Waiting for Coming Strikes - To Die For [Chemfinal]\notes.chart,,,,,rock,8.55,7.22,1.33,11.888,3989,4033,409,2039,1541,419.96,6.747,18.803,9.750,11.691,14.534,13.682,6.626,0.330,0.285
C:\YARG\Charts\CTH3DLC Pack 2\CTH Series ULTRA Solo Medley {CTH TEAM]\notes.chart,Carpal Tunnel Hero Series ULTRA Solo Medley,Various,Various,", 2023",Solo Medley,14.11,11.54,2.58,17.561,73571,75096,8751,30656,34164,5953.93,8.804,48.645,12.987,16.853,23.895,21.706,8.713,0.477,0.130
C:\YARG\Charts\CTH3DLC Pack 2\CTH3DLC Pack 2 Solo Medley [CTH3DLC Team]\notes.chart,CTH3DLC Pack 2 Solo Medley,Various Artists,CTH3DLC Team,", 2023",Solo Medley,14.59,12.75,1.83,19.092,13325,13434,994,5483,6848,1066.61,9.787,43.448,14.171,18.113,26.086,23.948,9.730,0.301,0.130
C:\YARG\Charts\CTH3DLC Pack 2\D-D-Dice + Tanchiky +Siromaru - Celestial Arcana Bit [Xeratek]\notes.chart,Celestial Arcana Bit,D-D-Dice + Tanchiky + Siromaru,Xeratek,", 2023",J-Core,9.64,8.80,0.84,14.011,989,1179,405,281,303,121.90,7.167,25.024,10.828,12.768,21.172,17.205,6.964,1.484,0.324
C:\YARG\Charts\CTH3DLC Pack 2\DAITA - Fingeroid [3-UP]\notes.chart,Fingeroid,DAITA,3-UP,", 2022",Rock,9.41,8.20,1.21,13.214,3035,3035,541,0,2494,283.61,9.669,16.943,11.584,13.100,15.282,14.476,9.664,0.654,0.009
C:\YARG\Charts\CTH3DLC Pack 2\Danny Johnson - Megapengs Alive [JRabes] [CTH3-DLC]\notes.chart,Megapeng's Alive?,Danny Johnson,JRabes,", 2020",Danny Johnson,8.10,7.98,0.12,12.914,65,65,1,64,0,3.43,8.634,14.920,11.836,12.731,14.480,13.888,8.629,0.045,0.088
C:\YARG\Charts\CTH3DLC Pack 2\Dark Moor - Living in a Nightmare [Spachi]\notes.chart,Living in a Nightmare,Dark Moor,Spachi,", 2013",Symphonic Metal,7.56,6.50,1.06,10.885,1843,2104,1227,347,269,245.58,5.764,18.441,8.572,9.913,15.908,13.454,5.244,2.039,0.422
C:\YARG\Charts\CTH3DLC Pack 2\Defect Noises - Alone [jdurandTV]\notes.chart,Alone,Defect Noises,jdurandTV,", 2005",Experimental Metal,7.24,6.16,1.08,10.407,2204,2204,1375,680,149,257.03,4.832,16.580,7.828,10.065,13.962,12.623,4.294,1.605,0.210
C:\YARG\Charts\CTH3DLC Pack 2\Defecto - Ball of Hatred [Deltarak]\notes.chart,Ball of Hatred,Defecto,<color=#3DD33D>Deltarak</color>,", 2022",Progressive Metal,8.46,7.56,0.90,12.344,1260,1388,775,391,94,217.31,5.086,22.369,8.547,12.152,16.882,15.255,4.713,0.904,0.492
C:\YARG\Charts\CTH3DLC Pack 2\Dimeback - Highway Hyperion [3-UP]\notes.chart,Highway Hyperion,Dimeback,3-UP,", 2017",Chiptune,19.98,18.60,1.38,26.151,4567,4567,221,227,4119,251.66,16.587,36.653,22.257,26.032,30.714,29.003,16.586,0.158,0.000
C:\YARG\Charts\CTH3DLC Pack 2\Dirtyphonics _ Sullivan King - Vantablack [Deltarak _ Aren Eternal]\notes.chart,Vantablack,Dirtyphonics & Sullivan King,<color=#3DD33D>Deltarak</color> & <b><cspace=-2><color=#10e2ff>A</color><color=#10bdff>r</color><color=#1097ff>e</color><color=#1072ff>n</color> <color=#4a41ff>E</color><color=#8410ff>t</color><color=#b210f5>e</color><color=#e110fb>r</color><color=#ff10f1>,", 2017",Drum & Bass,5.13,4.24,0.89,7.626,991,1337,464,202,325,255.60,2.880,15.038,5.182,7.117,11.307,9.985,2.448,0.642,0.639
C:\YARG\Charts\CTH3DLC Pack 2\Edu Falaschi - Crosses [Peddy]\notes.chart,Crosses,Edu Falaschi,Peddy,", 2021",Power Metal,9.30,8.21,1.09,13.224,2085,2262,708,1333,44,273.09,6.591,19.595,10.440,12.765,17.524,15.587,6.149,0.950,0.570
"C:\YARG\Charts\CTH3DLC Pack 2\Evan Marien - Caliber (feat. Hawkins, Hamasyan _ Thordendal) (Stickheadz32)\notes.chart","Caliber (feat. Dana Hawkins, Tigran Hamasyan & Fredrik Thordendal)",Evan Marien,Stickheadz32,", 2023",Electrojazz,11.67,10.71,0.96,16.511,1621,1621,30,68,1523,191.87,7.002,38.349,10.211,13.145,34.731,22.852,6.904,0.050,0.272
C:\YARG\Charts\CTH3DLC Pack 2\Fall Out Boy Solo Medley 2 [JRabes]\notes.chart,Fall Out Boy Solo Medley 2,,,,rock,4.56,3.96,0.61,7.196,590,611,407,171,12,117.38,3.429,10.275,5.280,7.202,9.408,8.473,3.151,1.048,0.363
"C:\YARG\Charts\CTH3DLC Pack 2\Fraser Edwards - Crouching Comrades, Hidden Dragonforce [John Titor]\notes.chart","Crouching Comrades, Hidden Dragonforce",Fraser Edwards,John Titor,", 2020",rock,6.39,5.62,0.77,9.643,966,978,389,568,9,146.90,4.853,14.535,7.575,9.541,12.019,11.267,4.744,0.995,0.048
C:\YARG\Charts\CTH3DLC Pack 2\Frenzy - Give Me Shred (Or Give Me Death) [Soup]\notes.chart,Give Me Shred (Or Give Me Death),Frenzy,Soup,,rock,9.80,8.70,1.11,13.875,2223,2356,781,1221,221,279.79,6.693,23.120,10.254,12.974,19.903,17.414,6.399,1.083,0.434
C:\YARG\Charts\CTH3DLC Pack 2\Galneryus Discography Solo Medley [Chemfinal]\notes.chart,,,,,rock,10.83,8.29,2.54,13.334,68815,69731,14849,33059,20907,7541.96,6.585,27.815,9.755,12.755,18.369,16.594,6.471,0.630,0.200
C:\YARG\Charts\CTH3DLC Pack 2\Georgi Stanchev - Flight of the Wounded Bumblebee [Peddy]\notes.chart,Flight of the Wounded Bumblebee (Extreme cover),Georgi Stanchev,Peddy,", 2019",Shred,19.29,18.48,0.82,26.001,1105,1108,153,952,0,53.99,18.305,33.890,22.112,25.273,31.475,29.761,18.292,1.113,0.000
C:\YARG\Charts\CTH3DLC Pack 2\Greg Howe - Come and Get It [highfine]\notes.chart,Come and Get It,Greg Howe,highfine,", 1993",Jazz Rock,7.53,6.42,1.11,10.779,1957,2359,796,1145,16,307.54,5.874,19.254,8.609,10.428,13.818,12.763,5.560,1.016,0.425
C:\YARG\Charts\CTH3DLC Pack 2\Impellitteri - Symptom Of The Universe (Black Sabbath Cover) [jdurandTV]\notes.chart,Symptom of the Univese,Impelliteri,jdurandTV,", 2018",Metal,7.43,6.27,1.16,10.558,2225,2698,1139,842,244,317.07,6.036,21.840,8.309,9.930,14.280,12.919,5.913,0.986,0.248
C:\YARG\Charts\CTH3DLC Pack 2\Inferi - A Betrayal Unforetold [Miscellany]\notes.chart,A Betrayal Unforetold,Inferi,Miscellany,", 2014",Technical Death Metal,8.63,7.44,1.19,12.180,2892,2911,2581,293,18,318.72,5.877,18.594,9.431,11.845,16.018,14.448,5.491,1.740,0.185
"C:\YARG\Charts\CTH3DLC Pack 2\Invalids - Tethered [RandomDays, Pix_] [CTH3-DLC]\notes.chart",Tethered,Invalids,RandomDays,", 2022",Math Rock,7.17,6.10,1.07,10.322,1545,2152,447,138,960,271.96,5.031,18.504,8.473,10.273,12.455,11.674,4.578,0.402,0.734
C:\YARG\Charts\CTH3DLC Pack 2\Invalids Tapping Noodley [RandomDays]\notes.chart,Invalids Tapping Noodley,Invalids,<color=#0099FF>RandomDays</color>,,Math Rock,12.52,10.97,1.55,16.833,5851,6933,1305,212,4334,579.70,8.728,25.299,13.532,16.410,21.756,19.451,8.619,0.726,0.200
C:\YARG\Charts\CTH3DLC Pack 2\Jeff Berlin - Porky _ Beans [jdurandTV]\notes.chart,Porky & Beans,Jeff Berlin,jdurandTV,", 2005",Jazz Fusion,6.72,5.60,1.12,9.616,2188,2407,301,648,1239,378.40,4.639,15.102,7.507,9.538,12.057,11.206,4.562,0.287,0.203
"C:\YARG\Charts\CTH3DLC Pack 2\Jeremy Barnes - Crematoria Solo Medley (Ruthless Edition) [Peddy, RandomDays]\notes.chart",Crematoria Solo Medley,Jeremy Barnes,"Peddy, RandomDays",", 2009",Shred,14.41,13.16,1.25,19.591,3357,3357,32,1889,1436,169.93,12.772,25.178,16.941,19.254,23.283,21.815,12.772,0.031,0.000
C:\YARG\Charts\CTH3DLC Pack 2\Jerry de Villiers Jr. - Dog Dance (Live) [jdurandTV _ OrangeHat]\notes.chart,Train Ride to Hell,Jerry Seinfeld,jdurandTV + Gary the Snail,", 2006",Stand Up Comedy,7.90,6.86,1.05,11.380,1980,2030,672,486,822,293.55,5.810,18.798,9.172,11.228,13.922,13.214,5.652,1.066,0.319
C:\YARG\Charts\CTH3DLC Pack 2\Joe Bonamassa - Revenge of the Ten Gallon Hat [jdurandTV]\notes.chart,,,,,rock,9.06,8.13,0.93,13.119,1366,1493,544,812,10,169.61,8.456,17.839,10.572,13.023,16.158,14.999,8.382,1.313,0.390
C:\YARG\Charts\CTH3DLC Pack 2\Joe Satriani - Lords of Karma [Peddy]\notes.chart,Lords of Karma,Joe Satriani,Peddy,", 1987",Rock,6.00,5.03,0.97,8.796,1349,1649,619,505,225,283.35,3.671,13.072,6.050,9.103,10.990,10.443,3.304,0.746,0.575
C:\YARG\Charts\CTH3DLC Pack 2\Johnny WF Goode - Theme from The Fast and Furry [JRabes] [CTH3-DLC]\notes.chart,Theme from The Fast and Furry,Johnny WF Goode,JRabes,", 2005",KKona,10.79,9.78,1.02,15.302,1701,1872,498,1148,55,167.92,7.311,29.061,10.109,15.395,19.745,19.360,7.114,1.177,0.047
"C:\YARG\Charts\CTH3DLC Pack 2\Journal - Unlorja (Full Album Chart) [Stickheadz32, NarugaKuruga]\notes.chart",Unlorja (Full Album),Journal,"Stickheadz32, NarugaKuruga",", 2010",Mathcore,11.82,9.49,2.33,14.921,33501,42596,19153,7874,6474,4773.89,6.611,26.640,10.300,13.766,23.450,19.035,6.175,1.405,0.556
C:\YARG\Charts\CTH3DLC Pack 2\Karma Fields - For Me [Supahfast198]\notes.chart,,,,,rock,7.74,6.83,0.91,11.351,1253,1422,161,0,1092,210.50,4.885,24.953,6.840,10.193,19.686,15.430,4.039,0.233,1.017
C:\YARG\Charts\CTH3DLC Pack 2\Killitorous - Married with Children [Miscellany]\notes.chart,Married With Children,Killitorous,Miscellany,", 2020",Technical Death Metal,8.78,7.81,0.97,12.691,1411,1667,1168,243,0,191.33,7.162,18.977,11.054,12.554,14.273,14.256,6.635,2.149,0.344
"C:\YARG\Charts\CTH3DLC Pack 2\KMFDM - KMFDM Solo Medley (m9, Sygenysis)\notes.chart",,,,,rock,10.20,8.74,1.46,13.939,5254,5517,1039,837,3378,535.65,6.869,33.836,10.644,13.044,19.595,17.241,6.635,0.605,0.233
C:\YARG\Charts\CTH3DLC Pack 2\KNOWER - KNOWER FOREVER SOLOER MEDLEYER [OHM]\notes.chart,KNOWER FOREVER SOLOER MEDLEYER,KNOWER,<color=#0055a4>Ω</color><color=#ffffff>H</color><color=#ef4135>M</color>,", 2023",Jazz Pop,8.22,6.97,1.25,11.534,3177,3392,111,209,2857,454.19,5.514,19.800,8.452,11.704,14.313,13.612,5.430,0.187,0.089
C:\YARG\Charts\CTH3DLC Pack 2\Lawrence Wallance Solo Medley (Ruthless Edition)\notes.chart,Lawrence Wallace Solo Medley (Ruthless Edition),Lawrence Wallace,"Peddy, iZenPenguin",", 2021",Solo Medley,20.92,19.58,1.35,27.285,4251,4251,1,0,4250,164.49,18.390,32.864,24.413,27.239,30.328,29.456,18.390,0.010,0.001
C:\YARG\Charts\CTH3DLC Pack 2\LOVEBITES - Judgement Day [Spachi]\notes.chart,Judgment Day,LOVEBITES,Spachi,", 2023",Power Metal,7.30,6.13,1.17,10.362,2706,2788,1326,1198,182,344.78,5.237,19.770,7.671,9.475,15.311,13.249,4.858,1.455,0.253
C:\YARG\Charts\CTH3DLC Pack 2\Magnum Opus Solo Medley 2 [Supahfast198]\notes.chart,,,,,rock,10.83,9.33,1.51,14.711,6195,6199,632,2991,2572,622.07,7.687,27.900,10.934,14.000,20.036,18.369,7.658,0.280,0.185
C:\YARG\Charts\CTH3DLC Pack 2\Mario Parga - Sweat It Out [iZenPenguin]\notes.chart,Sweat It Out,Mario Parga,iZenPenguin,", 1991",Shred,8.02,6.92,1.10,11.476,2231,2320,366,907,958,296.41,5.266,23.936,7.535,10.432,17.280,15.848,5.187,0.344,0.257
C:\YARG\Charts\CTH3DLC Pack 2\Mark O_Connor_s Hot Swing Trio - Limehouse Blues [OrangeHat]\notes.chart,Limehouse Blues,Mark O'Connor's Hot Swing Trio,OrangeHat,", 2002",Swing Jazz,10.00,8.64,1.36,13.803,3790,4334,997,379,2414,434.33,6.800,23.708,11.072,13.572,17.105,16.087,6.615,1.071,0.218
C:\YARG\Charts\CTH3DLC Pack 2\Mark Tremonti Solo Medley (Feat. Alter Bridge) [CTH3-DLC TEAM]\notes.chart,,,,,rock,9.02,7.50,1.51,12.268,6174,6332,2139,3824,211,726.51,6.381,24.585,9.423,11.799,16.163,14.933,6.235,1.011,0.218
C:\YARG\Charts\CTH3DLC Pack 2\Mark Varney Project - Centrifugal Funk (Full Album)\notes.chart,Centrifugal Funk (Full Album Chart),Mark Varney Project,"760 Creations, Tris, Peddy, IZenPenguin & jdurandTV",", 1991",Jazz Fusion,9.57,7.49,2.08,12.252,22946,23792,3510,11710,7726,3742.14,5.070,26.520,8.770,11.765,16.955,15.350,4.937,0.326,0.286
C:\YARG\Charts\CTH3DLC Pack 2\MASTER BOOT RECORD - Cluster 777 [Miscellany]\notes.chart,Cluster 777,MASTER BOOT RECORD,<color=#a5002c>M</color><color=#ff0038>i</color><color=#f84b61>s</color><color=#f2848d>c</color><color=#f6b6cd>e</color><color=#f6b6cd>l</color><color=#f2848d>l</color><color=#f84b61>a</color><color=#ff0038>n</color><color=#a5002c>y</color>,", 2020",Darkwave,12.74,11.18,1.56,17.101,6400,7097,1310,337,4753,902.39,6.437,31.878,10.535,16.128,25.920,23.090,6.221,0.407,0.320
C:\YARG\Charts\CTH3DLC Pack 2\Matheus Canteri - Stampede (feat. Johnny Hiland) [Deltarak]\notes.chart,Stampede (feat. Johnny Hiland),Matheus Canteri,<color=#3DD33D>Deltarak</color>,", 2021",Country,7.40,6.51,0.89,10.906,1349,1355,88,1261,0,144.38,7.421,14.905,9.619,10.660,12.693,12.174,7.375,0.152,0.174
C:\YARG\Charts\CTH3DLC Pack 2\Max Ox - Pizza Party (Stickheadz32)\notes.chart,Pizza Party,Max Ox,Stickheadz32,", 2016",Pizza Funk,5.37,4.15,1.22,7.487,1605,3108,0,0,1605,322.81,3.426,14.829,5.536,7.290,9.720,9.253,2.889,0.237,0.875
C:\YARG\Charts\CTH3DLC Pack 2\Michael a Ruelas - Facing the Gallows [jdurandTV & Chemfinal]\notes.chart,Facing the Gallows,Michael a Ruelas,jdurandTV & Chemfinal,,rock,9.85,8.60,1.24,13.752,3291,3309,459,2297,535,304.58,7.119,37.251,10.825,12.898,18.024,17.198,6.976,0.563,0.295
C:\YARG\Charts\CTH3DLC Pack 2\Mike Orlando - Game Over [Chemfinal]\notes.chart,,,,,rock,10.16,9.03,1.13,14.315,2451,2521,396,1073,982,326.60,5.869,36.797,8.955,13.500,20.954,19.530,5.609,0.408,0.339
C:\YARG\Charts\CTH3DLC Pack 2\Moray Pringle - The Chaser [John Titor]\notes.chart,The Chaser,Moray Pringle,John Titor,", 2019",rock,10.31,9.39,0.92,14.794,1318,1477,571,702,45,196.56,7.190,20.087,11.602,14.632,18.628,17.229,7.125,1.326,0.279
C:\YARG\Charts\CTH3DLC Pack 2\Napalm Death - You Suffer 2 [Miscellany]\notes.chart,You Suffer 2,Napalm Death,Miscellany,", 2010",Grindcore,1.75,1.71,0.04,3.575,10,20,10,0,0,7.22,0.756,7.150,1.105,3.586,6.174,5.338,0.697,0.198,0.048
C:\YARG\Charts\CTH3DLC Pack 2\Nicolas Waldo - Mystical Fingers [Supahfast198]\notes.chart,,,,,rock,12.37,11.23,1.14,17.173,2251,2563,492,660,1099,282.13,7.327,28.275,13.526,16.802,21.537,20.382,6.998,0.821,0.432
C:\YARG\Charts\CTH3DLC Pack 2\Noturnall - Nocturnal Human Side (feat. Russell Allen) [jdurandTV]\notes.chart,Nocturnal Human Side (feat. Russell Allen),Nocturnall,jdurandTV,", 1032",Rap,6.93,5.86,1.06,9.987,1986,2122,768,898,320,303.85,5.147,19.605,7.434,9.125,14.714,12.755,4.804,0.858,0.512
"C:\YARG\Charts\CTH3DLC Pack 2\Nujabes, Fat Jon - Ask [Chemfinal]\notes.chart",,,,,rock,22.08,20.60,1.47,28.471,5760,5760,0,0,5760,195.88,24.876,30.510,27.275,28.364,29.966,29.462,24.876,0.000,0.000
C:\YARG\Charts\CTH3DLC Pack 2\Obsidious - Iconic [Lilithuwu]\notes.chart,Iconic,Obsidious,Lilithuwu,", 2022",Technical Death Metal,8.03,6.78,1.25,11.279,3051,3361,2354,689,8,393.61,6.642,17.888,9.821,11.016,13.263,12.700,6.399,1.425,0.230
"C:\YARG\Charts\CTH3DLC Pack 2\Pagan_s Mind - God_s Equation (Full Album Chart) [jdurandTV, OrangeHat, Chemfinal _ 760 Creations]\notes.chart",God Equation (Full Album),Pagan's Mind,jdurandTV,,rock,7.65,5.54,2.11,9.531,19049,25569,11132,3609,4308,4333.46,3.929,24.084,6.053,8.658,15.249,12.983,3.360,0.820,0.660
C:\YARG\Charts\CTH3DLC Pack 2\Paul Gilbert - My Teeth Are a Drumset [Tris255]\notes.chart,My Teeth Are A Drumset,Paul Gilbert,Tris255,", 2006",rock,7.75,6.82,0.93,11.327,1438,1511,850,551,37,214.88,5.975,16.675,8.981,10.748,15.219,13.618,5.788,1.265,0.333
C:\YARG\Charts\CTH3DLC Pack 2\Paul Gilbert - The Second Loudest Guitar in the World [Supahfast198]\notes.chart,The second loudest guitar in the world,Paul Gilbert,Supahfast198,", 2003",Rock,10.26,9.23,1.03,14.583,1843,1948,238,1552,53,191.43,8.140,21.735,12.136,14.405,17.420,16.622,8.094,0.274,0.152
C:\YARG\Charts\CTH3DLC Pack 2\Praxis - Interface_Stimulation Loop [JRabes]\notes.chart,Interface/Stimulation Loop,Praxis,JRabes,", 1992",FUNKETHEAD,8.26,7.47,0.79,12.222,993,1040,267,562,164,129.00,5.787,20.765,9.765,11.700,15.720,14.719,5.626,0.875,0.262
C:\YARG\Charts\CTH3DLC Pack 2\Quadratum - Hundreds of Thousands [John Titor]\notes.chart,Hundreds of Thousands (Tony MacAlpine cover),Quadratum,John Titor,", 2021",rock,7.19,6.31,0.88,10.625,1323,1323,221,1094,8,187.76,4.867,18.805,7.505,9.985,14.878,13.839,4.752,0.324,0.356
C:\YARG\Charts\CTH3DLC Pack 2\Racer X - On the Loose [highfine]\notes.chart,On the Loose,Racer X,highfine,", 1986",Heavy Metal,9.73,8.79,0.94,14.005,1300,1524,531,542,227,183.97,8.630,17.511,12.423,14.093,15.599,14.987,8.569,0.855,0.302
C:\YARG\Charts\CTH3DLC Pack 2\Rusty Cooley - War of the Angels [Chemfinal]\notes.chart,,,,,rock,8.30,7.04,1.26,11.641,3211,3411,806,1738,667,414.99,6.394,21.585,9.415,10.767,15.890,14.268,6.242,0.604,0.202
C:\YARG\Charts\CTH3DLC Pack 2\Shavrolet - The Story of Vivi Pt.1 [jdurandTV]\notes.chart,The Story Of Vivi Pt. 1,Shavrolet,jdurandTV,", 2020",EDM,9.59,7.61,1.98,12.415,16030,18812,5053,3930,7047,2641.98,5.617,32.439,9.442,11.850,16.808,15.206,4.980,0.580,0.926
C:\YARG\Charts\CTH3DLC Pack 2\Shawn Lane - West Side Boogie [760 Creations]\notes.chart,West Side Booger,Shan Lan,,,rock,7.58,6.64,0.95,11.081,1496,1563,403,1061,32,325.29,4.598,20.770,7.657,10.654,15.788,13.966,4.313,0.370,0.609
C:\YARG\Charts\CTH3DLC Pack 2\Silence Lies Fear - Gravity [Eva]\notes.chart,Gravity,Silence Lies Fear,Eva,", 2018",Melodic Death Metal,6.67,5.52,1.15,9.502,2203,2636,1720,435,48,301.75,4.633,15.630,7.520,9.475,11.650,10.968,4.090,1.377,0.384
C:\YARG\Charts\CTH3DLC Pack 2\Spheres of Obama - Super Bass (Nicki Minaj cover) [Obama]\notes.chart,Super Bass (Nicki Minaj remix),Spheres of Obama,JRabes,", 2021",TwerkCore,9.44,8.19,1.25,13.200,3324,3324,709,2035,580,283.74,6.704,31.530,10.045,11.745,21.626,16.204,6.297,0.503,0.101
C:\YARG\Charts\CTH3DLC Pack 2\Spheres of Obama - Super Bass (Nicki Minaj remix) [Obama]\notes.chart,Super Bass (Nicki Minaj remix),Spheres of Obama,JRabes,", 2021",TwerkCore,9.44,8.19,1.25,13.200,3324,3324,709,2035,580,283.74,6.705,31.530,10.045,11.745,21.626,16.206,6.296,0.505,0.101
C:\YARG\Charts\CTH3DLC Pack 2\Sporty-O - Let Me Hit It (Audiostalkers Mix) (OVERCHART) [jdurandTV]\notes.chart,Let Me Hit It(OVERCHART),Sporty-O & Audiostalkers,jdurandTV,", 2013",EDM / Rap,12.96,11.51,1.45,17.523,3485,5442,988,194,2303,284.77,8.733,30.686,12.345,16.066,26.456,22.805,8.238,1.539,0.001
C:\YARG\Charts\CTH3DLC Pack 2\Static-X Solo Medley [JRabes]\notes.chart,Static-X Solo Medley,Static-X,JRabes,", 9",Solo Medley,12.91,11.80,1.11,17.896,2317,2373,666,1133,518,221.61,7.184,43.061,9.950,13.510,37.810,27.741,6.917,0.815,0.213
"C:\YARG\Charts\CTH3DLC Pack 2\Stephen Taranto - Permanence (Full Album) [OHM, iZenPenguin, XEntombmentX _ jdurandTV]\notes.chart",Permanence (Full Album),Stephen Taranto,"OHM, iZenPenguin, XEntombmentX & jdurandTV",", 2019",Progressive Metal,8.63,6.84,1.79,11.360,10906,12239,4854,4106,1946,1787.29,5.452,24.810,8.765,11.007,14.836,13.662,5.015,0.983,0.474
C:\YARG\Charts\CTH3DLC Pack 2\Supahfast's Super Fast Solo Medley [Supahfast198]\notes.chart,,,,,rock,11.03,9.49,1.54,14.922,6653,6708,981,3099,2573,658.51,7.552,28.904,11.350,14.366,19.426,18.387,7.466,0.482,0.207
C:\YARG\Charts\CTH3DLC Pack 2\Talking Heads - Fela_s Riff (Unfinished Outtake) [jdurandTV]\notes.chart,,,,,rock,7.68,6.50,1.19,10.882,2796,2887,740,1575,481,313.06,5.985,22.793,8.373,10.342,14.812,13.268,5.847,1.197,0.301
C:\YARG\Charts\CTH3DLC Pack 2\TANUKI - Funk Off [Supahfast198]\notes.chart,,,,,rock,5.92,5.14,0.78,8.950,1000,1003,379,299,322,173.20,4.869,11.581,7.718,8.861,10.274,10.032,4.663,1.173,0.385
C:\YARG\Charts\CTH3DLC Pack 2\TinyKirsten_s Solo Medley\notes.chart,TinyKirsten's Solo Medley (Favorites),Various Artists,"jdurandTV,  Peddy, 760 Creations, GHX & Chemfinal",", 2023",Solo Medley,11.44,10.05,1.39,15.657,4610,4728,767,2852,991,465.67,7.551,26.663,11.905,15.023,21.380,18.912,7.449,0.494,0.237
C:\YARG\Charts\CTH3DLC Pack 2\Todd Duane -  Diddely Daddle [760 Creations]\notes.chart,Diddely Daddle,Todd Duane,xX760Xx,", 2021",rock,7.68,7.03,0.65,11.624,700,700,173,527,0,81.00,6.498,17.628,9.658,11.295,14.406,13.429,6.429,0.494,0.046
C:\YARG\Charts\CTH3DLC Pack 2\Todd Duane - Deja Blue Rubato [760 Creations]\notes.chart,Deja Blue/Rubato,Todd Duane,xX760Xx,", 2021",rock,8.67,8.05,0.63,13.006,647,649,80,557,10,88.20,6.162,15.875,11.207,13.000,14.884,14.327,5.916,0.268,0.467
C:\YARG\Charts\CTH3DLC Pack 2\Todd Duane - Lilyjam [760 Creations]\notes.chart,Lilyjam,Todd Duane,xX760Xx,", 2021",rock,7.77,7.07,0.70,11.674,784,810,156,601,27,96.45,6.083,16.850,9.775,11.500,14.178,13.186,5.892,0.558,0.234
C:\YARG\Charts\CTH3DLC Pack 2\Todd Terje - Svensk Sås [jdurandTV]\notes.chart,Svensk Sås,Todd Terje,jdurand11143,", 2014",Dance,7.74,7.00,0.74,11.578,851,893,710,69,72,162.57,5.306,23.899,7.925,10.096,19.080,15.729,4.898,2.209,0.261
C:\YARG\Charts\CTH3DLC Pack 2\Toehider - GO FULL BORE! [Lilithuwu]\notes.chart,GO FULL BORE!,Toehider,Lilithuwu,", 2020",Progressive Rock,8.11,7.00,1.12,11.573,2229,2432,904,406,919,241.02,6.103,17.121,9.626,10.976,14.947,13.667,5.753,0.990,0.209
C:\YARG\Charts\CTH3DLC Pack 2\Toshiki Kadomatsu - Airport Lady [jdurandTV]\notes.chart,Airport Lady,Toshiki Kadomatsu,,,rock,4.34,3.49,0.85,6.479,1043,1222,596,45,402,244.83,3.364,10.557,4.967,6.344,8.314,7.754,3.068,1.327,0.379
C:\YARG\Charts\CTH3DLC Pack 2\Trivium Solo Medley [Miscellany]\notes.chart,Trivium Solo Medley,Trivium,Miscellany,", 2023",Solo Medley,8.49,7.07,1.42,11.672,5100,5115,1578,3172,350,626.37,6.039,22.230,9.195,11.160,15.392,14.063,5.901,0.763,0.297
C:\YARG\Charts\CTH3DLC Pack 2\Tyr - Shadow of the Swastika [OrangeHat]\notes.chart,Shadow of the Swastika,Tyr,OrangeHat,,rock,6.60,5.65,0.96,9.682,1557,1605,859,524,174,259.03,4.114,43.448,5.896,7.432,17.618,15.508,3.734,1.418,0.359
C:\YARG\Charts\CTH3DLC Pack 2\Unlucky Morpheus - Unknown Child [Spachi]\notes.chart,Ayako ~ Unknown Child,Unlucky Morpheus,Spachi,", 2015",Power Metal,6.17,5.11,1.05,8.913,1754,2060,983,675,96,252.06,4.999,14.956,7.299,8.522,11.431,10.548,4.477,1.345,0.624
C:\YARG\Charts\CTH3DLC Pack 2\Various Artists - Fuse Box Solo Medley [Fuse Box Team]\notes.chart,Fuse Box Solo Medley,Various Artists,<color=#AEFFFF>Fuse Box Team,", 2023",Solo Medley,9.61,7.91,1.70,12.818,9601,9870,1547,2798,5256,1318.87,5.546,32.970,8.765,11.860,19.125,16.888,5.432,0.473,0.244
C:\YARG\Charts\CTH3DLC Pack 2\Vitalij Kuprij - Burning My Soul [Peddy]\notes.chart,Burning My Soul,Vitalij Kuprij,Peddy,", 2007",Neoclassical Metal,9.62,8.38,1.24,13.450,3128,3291,409,181,2538,292.59,7.593,22.496,11.700,13.050,16.125,15.202,7.317,0.557,0.299
C:\YARG\Charts\CTH3DLC Pack 2\Vitalism - Ayahausca [iZenPenguin]\notes.chart,Ayahausca,Vitalism,iZenPenguin,", 2017",Progressive Shredcore,7.35,6.33,1.02,10.644,1696,1909,791,723,182,288.47,5.381,17.628,8.252,10.443,13.413,12.704,5.088,1.134,0.494
C:\YARG\Charts\CTH3DLC Pack 2\WillRock - WillRock Solo Medley [3-UP]\notes.chart,WillRock Solo Medley,WillRock,3-UP,", 2013",Chiptune,11.52,9.96,1.56,15.535,6865,7006,546,1587,4732,709.12,7.263,35.249,11.160,14.807,21.487,19.664,7.187,0.325,0.212
C:\YARG\Charts\CTH3DLC Pack 2\Wiz Khalifa _ John Cena - All Day [JRabes] [CTH3-DLC]\notes.chart,All Day,Wiz Khalifa & John Cena,JRabes,", 2014",Suplex Rap,14.56,13.40,1.16,19.896,2510,2699,33,0,2477,234.15,8.054,28.755,17.055,18.714,26.640,22.736,7.669,0.109,0.395
C:\YARG\Charts\CTH3DLC Pack 2\Yngwie Malmsteen Vs Michael Romeo - Guitar Battle [jdurandTV]\notes.chart,Yngwie Malmsteen vs Michael Romeo,Yngwie Malmsteen & Michael Romeo,jdurandTV,", 2023",Solo Medley,9.90,8.39,1.51,13.470,6162,6248,609,4513,1040,605.74,7.607,23.040,10.440,12.898,18.048,16.253,7.569,0.327,0.127
C:\YARG\Charts\CTH3DLC Pack 2\Zakk Wylde - Farm Fiddlin' [Chemfinal & jdurandTV]\notes.chart,,,,,rock,8.62,7.33,1.29,12.039,3432,3698,1214,2175,43,476.66,5.834,23.095,8.831,11.444,16.690,15.061,5.682,0.984,0.289
C:\YARG\Charts\CTH3DLC Pack 3\[Full Album Single Charts]\Artension - Phoenix Rising (Single Charts) [Peddy]\Artension - 01. Area 51\notes.chart,Area 51,Artension,Peddy,", 1997",Neoclassical Metal,9.48,8.21,1.27,13.225,3353,3560,1251,234,1868,446.99,4.668,24.642,8.728,12.537,19.780,17.117,3.866,0.731,0.569
C:\YARG\Charts\CTH3DLC Pack 3\[Full Album Single Charts]\Artension - Phoenix Rising (Single Charts) [Peddy]\Artension - 02. Through the Gate\notes.chart,Through the Gate,Artension,Peddy,", 1997",Neoclassical Metal,12.26,11.01,1.25,16.888,3321,3397,1180,278,1863,399.14,5.905,29.169,10.011,15.785,25.897,23.462,5.151,1.050,0.379
C:\YARG\Charts\CTH3DLC Pack 3\[Full Album Single Charts]\Artension - Phoenix Rising (Single Charts) [Peddy]\Artension - 03. Valley of the Kings\notes.chart,Valley of the Kings,Artension,Peddy,", 1997",Progressive Metal,7.69,6.56,1.13,10.972,2351,2500,806,322,1223,519.01,4.144,25.097,6.139,10.086,17.825,15.581,3.462,0.382,0.927
C:\YARG\Charts\CTH3DLC Pack 3\[Full Album Single Charts]\Artension - Phoenix Rising (Single Charts) [Peddy]\Artension - 04. Blood Brother\notes.chart,Blood Brother,Artension,Peddy,", 1997",Progressive Rock,7.14,6.08,1.06,10.296,1956,2081,975,423,558,279.67,4.477,19.679,6.931,9.959,14.652,13.082,3.883,0.942,0.446
C:\YARG\Charts\CTH3DLC Pack 3\[Full Album Single Charts]\Artension - Phoenix Rising (Single Charts) [Peddy]\Artension - 05. Into the Blue\notes.chart,Into the Blue,Artension,Peddy,", 1997",Neoclassical Metal,8.97,7.75,1.21,12.611,2977,3057,797,199,1981,294.29,5.988,19.719,9.440,12.562,15.963,15.011,5.465,0.706,0.230
C:\YARG\Charts\CTH3DLC Pack 3\[Full Album Single Charts]\Artension - Phoenix Rising (Single Charts) [Peddy]\Artension - 06. Phoenix Rising\notes.chart,Phoenix Rising,Artension,Peddy,", 1997",Progressive Metal,4.23,3.35,0.88,6.265,1169,1308,459,73,637,442.74,2.674,12.607,4.035,6.151,8.907,7.988,1.891,0.307,0.947
C:\YARG\Charts\CTH3DLC Pack 3\[Full Album Single Charts]\Artension - Phoenix Rising (Single Charts) [Peddy]\Artension - 07. Forbidden Love\notes.chart,Forbidden Love,Artension,Peddy,", 1997",Neoclassical Metal,9.49,8.42,1.08,13.505,2140,2184,590,485,1065,286.84,6.292,18.401,11.102,13.478,15.888,15.378,5.580,0.922,0.274
C:\YARG\Charts\CTH3DLC Pack 3\[Full Album Single Charts]\Artension - Phoenix Rising (Single Charts) [Peddy]\Artension - 08. The City Is Lost\notes.chart,The City Is Lost,Artension,Peddy,", 1997",Neoclassical Metal,8.57,7.22,1.35,11.884,4188,4265,1483,285,2420,451.36,5.479,19.008,8.883,11.606,15.638,14.385,4.897,0.824,0.118
C:\YARG\Charts\CTH3DLC Pack 3\[Full Album Single Charts]\Artension - Phoenix Rising (Single Charts) [Peddy]\Artension - 09. Goin_ Home\notes.chart,Goin' Home,Artension,Peddy,", 1997",Neoclassical Metal,3.89,3.06,0.83,5.816,1061,1138,295,136,630,356.91,2.541,15.498,3.645,4.860,10.637,8.269,2.030,0.185,0.761
C:\YARG\Charts\CTH3DLC Pack 3\[Full Album Single Charts]\Artension - Phoenix Rising (Single Charts) [Peddy]\Artension - 10. I Really Don_t Care\notes.chart,I Really Don't Care,Artension,Peddy,", 1997",Instrumental Solo,10.21,9.26,0.95,14.617,1314,1578,0,0,1314,131.43,7.570,17.775,11.880,14.760,17.140,16.457,7.381,0.294,0.105
C:\YARG\Charts\CTH3DLC Pack 3\[Full Album Single Charts]\Camellia - Cyphisonia EP [DarkWolf]\1. Introduction -Relic In Letters-\notes.chart,,,,,rock,2.86,2.46,0.40,4.839,254,301,134,54,66,150.49,2.004,8.868,3.287,4.516,7.318,6.268,1.455,0.199,0.917
C:\YARG\Charts\CTH3DLC Pack 3\[Full Album Single Charts]\Camellia - Cyphisonia EP [DarkWolf]\2. Welcome to the Cyphisonia\notes.chart,,,,,rock,6.28,5.38,0.89,9.302,1134,1365,337,97,700,279.08,3.579,16.268,6.325,8.899,13.207,11.978,3.003,0.891,0.688
C:\YARG\Charts\CTH3DLC Pack 3\[Full Album Single Charts]\Camellia - Cyphisonia EP [DarkWolf]\3. Key of timepieces\notes.chart,,,,,rock,6.78,5.71,1.07,9.774,1832,2147,477,450,905,349.31,4.676,15.672,7.754,9.415,12.630,11.676,4.532,0.483,0.329
C:\YARG\Charts\CTH3DLC Pack 3\[Full Album Single Charts]\Camellia - Cyphisonia EP [DarkWolf]\4. Maze of Vignere Square\notes.chart,,,,,rock,8.37,7.29,1.08,11.979,1657,2178,569,248,840,280.00,5.457,22.950,8.370,11.459,16.631,15.332,5.182,0.954,0.698
C:\YARG\Charts\CTH3DLC Pack 3\[Full Album Single Charts]\Camellia - Cyphisonia EP [DarkWolf]\5. GHOST\notes.chart,,,,,rock,11.26,10.03,1.23,15.625,2450,3196,1026,526,898,325.09,7.025,24.147,11.286,15.096,21.451,19.328,6.381,1.514,0.886
C:\YARG\Charts\CTH3DLC Pack 3\[Full Album Single Charts]\Camellia - Cyphisonia EP [DarkWolf]\6. Dans la mer de son\notes.chart,,,,,rock,6.87,5.78,1.09,9.875,2112,2272,655,243,1214,375.08,4.273,15.139,7.266,9.870,12.540,11.818,3.857,0.853,0.264
C:\YARG\Charts\CTH3DLC Pack 3\[Full Album Single Charts]\Destrage - The King Is Fat'n'Old (Single Chart) [OHM]\01. Double Yeah\notes.chart,Double Yeah,Destrage,<color=#0055a4>Ω</color><color=#ffffff>H</color><color=#ef4135>M</color>,", 2010",Progressive Metalcore,7.10,6.15,0.95,10.393,1482,1573,845,627,10,196.13,6.010,16.680,8.590,10.195,12.634,11.972,5.673,1.800,0.147
C:\YARG\Charts\CTH3DLC Pack 3\[Full Album Single Charts]\Destrage - The King Is Fat'n'Old (Single Chart) [OHM]\02. Twice the Price\notes.chart,Twice the Price,Destrage,<color=#0055a4>Ω</color><color=#ffffff>H</color><color=#ef4135>M</color>,", 2010",Progressive Metalcore,7.87,6.76,1.11,11.248,1695,2375,1500,189,6,243.36,5.248,18.306,7.993,10.720,15.977,14.137,4.562,2.296,0.000
C:\YARG\Charts\CTH3DLC Pack 3\[Full Album Single Charts]\Destrage - The King Is Fat'n'Old (Single Chart) [OHM]\03. Jade_s Place\notes.chart,Jade's Place,Destrage,<color=#0055a4>Ω</color><color=#ffffff>H</color><color=#ef4135>M</color>,", 2010",Progressive Metalcore,7.70,6.71,0.99,11.174,1562,1755,895,383,284,232.84,6.012,20.871,8.890,10.697,14.533,13.426,5.479,1.852,0.204
C:\YARG\Charts\CTH3DLC Pack 3\[Full Album Single Charts]\Destrage - The King Is Fat'n'Old (Single Chart) [OHM]\04. Neverending Mary\notes.chart,Neverending Mary,Destrage,<color=#0055a4>Ω</color><color=#ffffff>H</color><color=#ef4135>M</color>,", 2010",Progressive Metalcore,6.44,5.53,0.91,9.516,1155,1434,966,147,42,223.28,4.913,15.884,7.547,9.190,12.103,11.416,4.578,1.556,0.328
C:\YARG\Charts\CTH3DLC Pack 3\[Full Album Single Charts]\Destrage - The King Is Fat'n'Old (Single Chart) [OHM]\05. Back Door Epoque\notes.chart,Back Door Epoque,Destrage,<color=#0055a4>Ω</color><color=#ffffff>H</color><color=#ef4135>M</color>,", 2010",Progressive Metalcore,6.52,5.47,1.05,9.431,1776,2031,1310,434,32,326.71,4.676,15.456,7.036,8.796,13.476,11.830,4.270,1.533,0.356
C:\YARG\Charts\CTH3DLC Pack 3\[Full Album Single Charts]\Destrage - The King Is Fat'n'Old (Single Chart) [OHM]\06. Smell You Later Fishy Bitch\notes.chart,Smell You Later Fishy Bitch,Destrage,<color=#0055a4>Ω</color><color=#ffffff>H</color><color=#ef4135>M</color>,", 2010",Progressive Metalcore,8.02,6.95,1.07,11.508,1771,2173,1226,145,400,250.53,5.511,18.138,8.587,11.002,15.311,14.395,4.685,1.754,0.255
C:\YARG\Charts\CTH3DLC Pack 3\[Full Album Single Charts]\Destrage - The King Is Fat'n'Old (Single Chart) [OHM]\07. Collateral Pleasure\notes.chart,Collateral Pleasure,Destrage,<color=#0055a4>Ω</color><color=#ffffff>H</color><color=#ef4135>M</color>,", 2010",Progressive Metalcore,7.58,6.55,1.03,10.953,1630,1931,1098,391,141,281.14,5.427,17.310,8.497,10.494,14.758,13.154,4.849,1.386,0.454
C:\YARG\Charts\CTH3DLC Pack 3\[Full Album Single Charts]\Destrage - The King Is Fat'n'Old (Single Chart) [OHM]\08. Home Made Chili Delicious Italian Beef\notes.chart,Home Made Chili Delicious Italian Beef,Destrage,<color=#0055a4>Ω</color><color=#ffffff>H</color><color=#ef4135>M</color>,", 2010",Progressive Metalcore,8.95,7.90,1.04,12.815,1751,2016,687,454,610,248.29,6.203,25.088,10.346,12.007,17.771,15.239,5.842,1.223,0.123
C:\YARG\Charts\CTH3DLC Pack 3\[Full Album Single Charts]\Destrage - The King Is Fat'n'Old (Single Chart) [OHM]\09. Tip of the Day\notes.chart,Tip of the Day,Destrage,<color=#0055a4>Ω</color><color=#ffffff>H</color><color=#ef4135>M</color>,", 2010",Progressive Metalcore,6.24,5.20,1.04,9.036,1451,1999,1080,371,0,266.72,4.895,17.725,7.674,8.645,11.382,10.443,4.702,0.913,0.498
C:\YARG\Charts\CTH3DLC Pack 3\[Full Album Single Charts]\Destrage - The King Is Fat'n'Old (Single Chart) [OHM]\10. Panda Vs Koala\notes.chart,Panda Vs Koala,Destrage,<color=#0055a4>Ω</color><color=#ffffff>H</color><color=#ef4135>M</color>,", 2010",Progressive Metalcore,8.94,7.93,1.01,12.852,1615,1844,1044,569,2,226.96,6.912,20.745,9.696,12.647,16.573,15.397,6.619,2.041,0.371
C:\YARG\Charts\CTH3DLC Pack 3\[Full Album Single Charts]\Destrage - The King Is Fat'n'Old (Single Chart) [OHM]\11. Wayout\notes.chart,Wayout,Destrage,<color=#0055a4>Ω</color><color=#ffffff>H</color><color=#ef4135>M</color>,", 2010",Progressive Metalcore,11.53,10.33,1.20,16.017,2632,2941,1664,564,404,313.01,7.454,27.301,10.720,15.316,23.239,20.607,6.835,2.008,0.137
C:\YARG\Charts\CTH3DLC Pack 3\[Full Album Single Charts]\Destrage - The King Is Fat'n'Old (Single Chart) [OHM]\12. Back Door Reprise\notes.chart,Back Door Reprise,Destrage,<color=#0055a4>Ω</color><color=#ffffff>H</color><color=#ef4135>M</color>,", 2010",Progressive Metalcore,4.99,4.52,0.47,8.041,312,395,278,34,0,68.07,4.525,10.483,7.053,7.949,9.336,8.834,4.300,1.630,0.491
C:\YARG\Charts\CTH3DLC Pack 3\[Full Album Single Charts]\Dying Fetus - Reign Supreme (Single Charts) [OHM]\01. Invert the Idols\notes.chart,Invert the Idols,Dying Fetus,<color=#0055a4>Ω</color><color=#ffffff>H</color><color=#ef4135>M</color>,", 2012",Technical Death Metal,9.49,8.69,0.80,13.867,741,1072,458,283,0,123.44,7.480,16.950,11.876,13.960,15.954,15.106,7.256,1.577,0.538
C:\YARG\Charts\CTH3DLC Pack 3\[Full Album Single Charts]\Dying Fetus - Reign Supreme (Single Charts) [OHM]\02. Subjected to a Beating\notes.chart,Subjected to a Beating,Dying Fetus,<color=#0055a4>Ω</color><color=#ffffff>H</color><color=#ef4135>M</color>,", 2012",Technical Death Metal,6.90,5.65,1.26,9.681,2702,3400,2277,244,181,289.88,5.750,14.608,7.627,9.504,12.158,11.408,5.100,2.432,0.372
C:\YARG\Charts\CTH3DLC Pack 3\[Full Album Single Charts]\Dying Fetus - Reign Supreme (Single Charts) [OHM]\03. Second Skin\notes.chart,Second Skin,Dying Fetus,<color=#0055a4>Ω</color><color=#ffffff>H</color><color=#ef4135>M</color>,", 2012",Technical Death Metal,8.24,7.01,1.23,11.601,2406,3190,2065,197,144,275.83,6.603,18.375,9.284,11.242,14.901,13.653,6.217,1.982,0.166
C:\YARG\Charts\CTH3DLC Pack 3\[Full Album Single Charts]\Dying Fetus - Reign Supreme (Single Charts) [OHM]\04. From Womb to Waste\notes.chart,From Womb to Waste,Dying Fetus,<color=#0055a4>Ω</color><color=#ffffff>H</color><color=#ef4135>M</color>,", 2012",Technical Death Metal,7.50,6.31,1.18,10.625,1938,2844,1854,84,0,282.70,5.692,16.858,8.137,10.306,14.338,12.595,5.223,1.982,0.508
C:\YARG\Charts\CTH3DLC Pack 3\[Full Album Single Charts]\Dying Fetus - Reign Supreme (Single Charts) [OHM]\05. Dissidence\notes.chart,Dissidence,Dying Fetus,OHM,", 2012",Technical Death Metal,6.99,5.93,1.06,10.091,1498,2088,1404,94,0,201.75,5.888,18.328,8.131,9.808,13.146,11.651,5.483,2.177,0.584
C:\YARG\Charts\CTH3DLC Pack 3\[Full Album Single Charts]\Dying Fetus - Reign Supreme (Single Charts) [OHM]\06. In the Trenches\notes.chart,In the Trenches,Dying Fetus,<color=#0055a4>Ω</color><color=#ffffff>H</color><color=#ef4135>M</color>,", 2012",Technical Death Metal,8.65,7.63,1.02,12.444,1279,1882,1203,76,0,220.33,7.041,16.892,10.123,12.571,14.616,13.975,6.562,1.905,0.665
C:\YARG\Charts\CTH3DLC Pack 3\[Full Album Single Charts]\Dying Fetus - Reign Supreme (Single Charts) [OHM]\07. Devout Atrocity\notes.chart,Devout Atrocity,Dying Fetus,<color=#0055a4>Ω</color><color=#ffffff>H</color><color=#ef4135>M</color>,", 2012",Technical Death Metal,8.67,7.53,1.13,12.313,1723,2501,1433,290,0,263.29,7.044,17.235,10.204,12.120,14.907,14.086,6.753,1.921,0.415
C:\YARG\Charts\CTH3DLC Pack 3\[Full Album Single Charts]\Dying Fetus - Reign Supreme (Single Charts) [OHM]\08. Revisionist Past\notes.chart,Revisionist Past,Dying Fetus,<color=#0055a4>Ω</color><color=#ffffff>H</color><color=#ef4135>M</color>,", 2012",Technical Death Metal,9.84,8.68,1.15,13.857,2471,2653,1913,207,351,234.35,6.412,23.855,8.339,12.985,20.871,19.210,5.902,2.215,0.247
C:\YARG\Charts\CTH3DLC Pack 3\[Full Album Single Charts]\Dying Fetus - Reign Supreme (Single Charts) [OHM]\09. The Blood of Power\notes.chart,The Blood of Power,Dying Fetus,<color=#0055a4>Ω</color><color=#ffffff>H</color><color=#ef4135>M</color>,", 2012",Technical Death Metal,9.36,8.17,1.20,13.167,2288,2943,1681,593,14,318.71,6.815,24.002,10.160,12.292,18.131,16.411,6.583,1.456,0.307
C:\YARG\Charts\CTH3DLC Pack 3\[Full Album Single Charts]\Dying Fetus - Reign Supreme (Single Charts) [OHM]\10. Dead Whores Love to Fuck (Bonus Track)\notes.chart,Dead Whores Love to Fuck,Dying Fetus,<color=#0055a4>Ω</color><color=#ffffff>H</color><color=#ef4135>M</color>,", 2012",Technical Death Metal,6.76,6.37,0.39,10.707,174,288,113,2,59,44.25,6.300,11.610,9.569,10.833,11.552,11.424,5.903,0.386,0.579
C:\YARG\Charts\CTH3DLC Pack 3\[Full Album Single Charts]\Electrocution 250 - Cartoon Music From Hell [CTH3DLC Team]\01 - Electrocution 250 - Fletcher the Mouse [Paturages]\notes.chart,guitar,Unknown Artist,Unknown Charter,,rock,14.79,13.64,1.15,20.188,2620,2656,238,915,1467,289.58,7.808,28.460,12.467,21.470,25.785,24.154,7.777,0.245,0.171
C:\YARG\Charts\CTH3DLC Pack 3\[Full Album Single Charts]\Electrocution 250 - Cartoon Music From Hell [CTH3DLC Team]\02 - Electrocution 250 - Funky Lizard [Paturages]\notes.chart,guitar,Unknown Artist,Unknown Charter,,rock,7.48,6.47,1.01,10.844,1766,1833,313,856,597,256.21,5.390,18.153,8.335,10.675,13.625,12.970,5.102,0.438,0.345
C:\YARG\Charts\CTH3DLC Pack 3\[Full Album Single Charts]\Electrocution 250 - Cartoon Music From Hell [CTH3DLC Team]\03 - Electrocution 250 - Gee-Wiz [760 Creations & jdurandTV]\notes.chart,Gee-Wiz [Directors Cut],Electrocution 250,xX760Xx & jdurandTV,", 2002",Shred,12.08,11.29,0.79,17.242,1015,1043,27,654,334,75.86,8.484,33.143,11.982,14.220,30.411,24.034,8.444,0.065,0.116
C:\YARG\Charts\CTH3DLC Pack 3\[Full Album Single Charts]\Electrocution 250 - Cartoon Music From Hell [CTH3DLC Team]\04 - Electrocution 250 - Brainscraper [OrangeHat]\notes.chart,Brainscraper,Electrocution 250,OrangeHat,", 2005",rock,7.25,6.37,0.88,10.705,1277,1328,489,222,566,216.54,4.833,20.768,7.150,10.140,15.471,14.036,4.650,0.945,0.260
C:\YARG\Charts\CTH3DLC Pack 3\[Full Album Single Charts]\Electrocution 250 - Cartoon Music From Hell [CTH3DLC Team]\05 - Electrocution 250 - Dr Fluffels [jdurandTV & 760 Creations]\notes.chart,Dr. Falafels,"Lightning 300,000,000","Ron Jeremy, Pope John Paul DCCLX",", 1776",Anime,8.49,7.24,1.25,11.910,3168,3322,535,1334,1299,425.16,5.499,25.218,9.283,11.543,15.174,14.389,5.130,0.475,0.244
C:\YARG\Charts\CTH3DLC Pack 3\[Full Album Single Charts]\Electrocution 250 - Cartoon Music From Hell [CTH3DLC Team]\06 - Electrocution 250 - Exploding Head [Miscellany]\notes.chart,Exploding Head - Drum Solo,Electrocution 250,<color=#a5002c>M</color><color=#ff0038>i</color><color=#f84b61>s</color><color=#f2848d>c</color><color=#f6b6cd>e</color><color=#f6b6cd>l</color><color=#f2848d>l</color><color=#f84b61>a</color><color=#ff0038>n</color><color=#a5002c>y</color>,", 2004",Progressive Metal,3.77,3.47,0.30,6.450,203,203,0,0,203,94.22,1.221,15.066,3.038,5.971,11.309,9.366,1.179,0.037,0.021
C:\YARG\Charts\CTH3DLC Pack 3\[Full Album Single Charts]\Electrocution 250 - Cartoon Music From Hell [CTH3DLC Team]\07 - Electrocution 250 - Ridiculosous [Miscellany]\notes.chart,Ridiculosous,Electrocution 250,<color=#a5002c>M</color><color=#ff0038>i</color><color=#f84b61>s</color><color=#f2848d>c</color><color=#f6b6cd>e</color><color=#f6b6cd>l</color><color=#f2848d>l</color><color=#f84b61>a</color><color=#ff0038>n</color><color=#a5002c>y</color>,", 2004",Progressive Metal,10.55,9.53,1.03,14.971,1926,1933,256,1275,395,181.43,9.425,22.590,12.788,14.529,18.315,17.021,9.395,0.644,0.070
C:\YARG\Charts\CTH3DLC Pack 3\[Full Album Single Charts]\Electrocution 250 - Cartoon Music From Hell [CTH3DLC Team]\08 - Electrocution 250 - Nincompoop Scuttle [Miscellany]\notes.chart,Nincompoop Scuttle,Electrocution 250,<color=#a5002c>M</color><color=#ff0038>i</color><color=#f84b61>s</color><color=#f2848d>c</color><color=#f6b6cd>e</color><color=#f6b6cd>l</color><color=#f2848d>l</color><color=#f84b61>a</color><color=#ff0038>n</color><color=#a5002c>y</color>,", 2004",Progressive Metal,8.06,7.00,1.06,11.582,1790,2110,506,794,490,263.64,6.110,21.464,8.867,10.994,15.732,14.223,5.977,0.928,0.281
C:\YARG\Charts\CTH3DLC Pack 3\[Full Album Single Charts]\Electrocution 250 - Cartoon Music From Hell [CTH3DLC Team]\09 - Electrocution 250 - Looney Tune (CyclopsDragon)\notes.chart,Looney Tune,Electrocution 250,CyclopsDragon,", 2004",Cartoon,12.81,12.01,0.81,18.155,936,1083,0,0,936,102.41,7.720,27.270,13.006,16.893,25.626,23.693,7.422,0.062,0.539
C:\YARG\Charts\CTH3DLC Pack 3\[Full Album Single Charts]\Electrocution 250 - Cartoon Music From Hell [CTH3DLC Team]\10 - Electrocution 250 - Mr Scruffen Mcfluff [Miscellany]\notes.chart,Mr Scruffen McFluff,Electrocution 250,<color=#a5002c>M</color><color=#ff0038>i</color><color=#f84b61>s</color><color=#f2848d>c</color><color=#f6b6cd>e</color><color=#f6b6cd>l</color><color=#f2848d>l</color><color=#f84b61>a</color><color=#ff0038>n</color><color=#a5002c>y</color>,", 2004",Progressive Metal,7.39,6.42,0.97,10.777,1626,1651,450,863,313,257.33,5.206,20.327,8.055,10.521,13.991,13.147,5.153,0.606,0.110
C:\YARG\Charts\CTH3DLC Pack 3\[Full Album Single Charts]\Electrocution 250 - Cartoon Music From Hell [CTH3DLC Team]\11 - Electrocution 250 - In The Mudd [OrangeHat]\notes.chart,In The Mudd,Electrocution 250,OrangeHat,", 2004",Cartoon Metal,7.41,6.53,0.88,10.927,1160,1326,363,368,429,222.34,4.190,19.008,7.006,10.511,16.032,14.211,3.678,0.592,0.552
C:\YARG\Charts\CTH3DLC Pack 3\[Full Album Single Charts]\Invalids - Permanence (Single Charts) [RandomDays]\01-Exit_18\notes.chart,,,,,rock,9.75,8.75,1.00,13.947,1224,1806,465,316,443,251.84,6.773,24.305,10.798,13.546,17.961,16.779,6.307,0.732,0.959
C:\YARG\Charts\CTH3DLC Pack 3\[Full Album Single Charts]\Invalids - Permanence (Single Charts) [RandomDays]\02-Tethered\notes.chart,Tethered,Invalids,RandomDays,", 2022",Math Rock,7.17,6.10,1.07,10.322,1545,2152,447,138,960,271.96,5.031,18.504,8.473,10.273,12.455,11.674,4.578,0.402,0.734
C:\YARG\Charts\CTH3DLC Pack 3\[Full Album Single Charts]\Invalids - Permanence (Single Charts) [RandomDays]\03-Asystole\notes.chart,Asystole,Invalids,"<color=#0099FF>RandomDays</color>, Oprague",", 2022",rock,8.49,7.46,1.03,12.216,1294,1926,514,165,615,231.61,5.225,18.294,8.702,12.598,15.062,14.326,5.020,0.864,0.427
C:\YARG\Charts\CTH3DLC Pack 3\[Full Album Single Charts]\Invalids - Permanence (Single Charts) [RandomDays]\04-MarathonLuck\notes.chart,,Invalids,"<color=#0099FF>RandomDays</color>, Oprague",", 2022",Math Rock,7.23,6.20,1.02,10.473,1397,1912,362,544,491,290.18,5.504,17.815,8.801,10.246,12.555,12.032,5.113,0.286,0.936
C:\YARG\Charts\CTH3DLC Pack 3\[Full Album Single Charts]\Invalids - Permanence (Single Charts) [RandomDays]\05-LetItBeSaid\notes.chart,Let It Be Said,Invalids,"<color=#0099FF>RandomDays</color>, Oprague",", 2022",Math Rock,9.29,8.12,1.16,13.111,1844,2719,637,305,902,314.09,6.484,18.695,10.170,13.211,15.925,15.155,6.197,0.843,1.122
C:\YARG\Charts\CTH3DLC Pack 3\[Full Album Single Charts]\Invalids - Permanence (Single Charts) [RandomDays]\06-Pareidolia\notes.chart,Pareidolia,Invalids,"<color=#0099FF>RandomDays</color>, Oprague",", 2022",Math Rock,6.31,5.20,1.11,9.041,1686,2378,512,179,995,341.71,4.571,16.793,6.998,8.711,12.051,10.835,4.206,0.456,0.896
C:\YARG\Charts\CTH3DLC Pack 3\[Full Album Single Charts]\Invalids - Permanence (Single Charts) [RandomDays]\07-Overgrowth\notes.chart,Overgrowth,Invalids,"<color=#0099FF>RandomDays</color>, Oprague",", 2022",Math Rock,7.00,5.95,1.04,10.115,1497,2015,49,226,1222,291.04,5.873,16.509,8.411,9.465,13.700,11.915,5.563,0.071,0.692
C:\YARG\Charts\CTH3DLC Pack 3\[Full Album Single Charts]\Invalids - Permanence (Single Charts) [RandomDays]\08-IOParityInterrupt\notes.chart,I/O Parity Interrupt,Invalids,"<color=#0099FF>RandomDays</color>, Oprague",", 2022",Math Rock,6.78,5.76,1.03,9.840,1309,1927,333,576,400,248.43,5.404,16.268,8.166,9.520,12.440,11.351,5.144,0.431,0.848
C:\YARG\Charts\CTH3DLC Pack 3\[Full Album Single Charts]\Invalids - Permanence (Single Charts) [RandomDays]\09-InescapableCalamity\notes.chart,Theme for an Inescapable Calamity from the Sky,Invalids,"<color=#0099FF>RandomDays</color>, Oprague",", 2022",Math Rock,6.83,5.70,1.13,9.757,1833,2518,629,195,1009,343.00,5.307,15.408,8.095,9.260,12.710,11.476,5.169,0.535,0.438
C:\YARG\Charts\CTH3DLC Pack 3\[Full Album Single Charts]\Invalids - Permanence (Single Charts) [RandomDays]\10-MonoNoAware\notes.chart,Mono No Aware,Invalids,"<color=#0099FF>RandomDays</color>, Oprague",", 2022",Math Rock,7.96,7.03,0.93,11.623,947,1489,262,218,467,175.46,6.102,18.575,9.113,11.349,14.906,13.736,5.929,0.614,0.670
C:\YARG\Charts\CTH3DLC Pack 3\[Full Album Single Charts]\Moray Pringle - Good Times (Single Charts) [John Titor]\01. Pent Up\notes.chart,Pent Up,Moray Pringle,John Titor,", 2023",rock,6.95,5.98,0.98,10.154,1482,1692,467,839,176,221.36,5.664,14.975,8.240,9.892,12.854,11.788,5.470,0.986,0.217
C:\YARG\Charts\CTH3DLC Pack 3\[Full Album Single Charts]\Moray Pringle - Good Times (Single Charts) [John Titor]\02. Good Times\notes.chart,Good Times,Moray Pringle,John Titor,", 2023",rock,7.35,6.44,0.91,10.806,1200,1434,469,619,112,207.88,4.916,22.745,7.094,9.531,17.582,14.930,4.692,1.059,0.406
C:\YARG\Charts\CTH3DLC Pack 3\[Full Album Single Charts]\Moray Pringle - Good Times (Single Charts) [John Titor]\03. Jimmy Rimshot\notes.chart,Jimmy Rimshot,Moray Pringle,John Titor,", 2023",rock,6.76,5.77,0.99,9.863,1446,1749,811,601,34,250.61,5.294,16.147,7.708,9.592,12.629,11.782,5.136,1.495,0.362
C:\YARG\Charts\CTH3DLC Pack 3\[Full Album Single Charts]\Moray Pringle - Good Times (Single Charts) [John Titor]\04. Scotty Scotty Scotty (feat. Bumblefoot)\notes.chart,Scotty Scotty Scotty (feat. Bumblefoot),Moray Pringle,John Titor,", 2023",rock,8.20,7.27,0.93,11.957,1421,1502,466,767,188,221.22,5.709,18.505,8.993,11.607,15.872,14.489,5.619,0.758,0.240
C:\YARG\Charts\CTH3DLC Pack 3\[Full Album Single Charts]\Moray Pringle - Good Times (Single Charts) [John Titor]\05. Duo\notes.chart,Duo,Moray Pringle,John Titor,", 2023",rock,4.37,3.96,0.41,7.207,285,314,98,187,0,64.13,3.964,10.382,5.760,7.044,9.133,8.419,3.783,0.538,0.519
C:\YARG\Charts\CTH3DLC Pack 3\[Full Album Single Charts]\Moray Pringle - Good Times (Single Charts) [John Titor]\06. Sunburn\notes.chart,Sunburn,Moray Pringle,John Titor,", 2023",rock,6.64,5.82,0.82,9.924,1065,1134,486,531,48,182.05,5.318,15.570,7.843,9.668,12.835,11.649,5.188,1.223,0.415
C:\YARG\Charts\CTH3DLC Pack 3\[Full Album Single Charts]\Moray Pringle - Good Times (Single Charts) [John Titor]\07. Smile\notes.chart,Smile,Moray Pringle,John Titor,", 2023",rock,6.71,5.84,0.87,9.954,1134,1297,472,640,22,220.20,5.107,20.487,7.485,9.301,14.215,12.379,4.965,0.915,0.525
C:\YARG\Charts\CTH3DLC Pack 3\[Full Album Single Charts]\Moray Pringle - Good Times (Single Charts) [John Titor]\08. Solo\notes.chart,Solo,Moray Pringle,John Titor,", 2023",rock,8.33,7.83,0.50,12.711,342,435,206,136,0,72.70,6.560,20.309,9.432,12.269,16.930,15.696,6.277,1.470,0.832
C:\YARG\Charts\CTH3DLC Pack 3\[Full Album Single Charts]\Moray Pringle - Good Times (Single Charts) [John Titor]\09. Jaywalk\notes.chart,Jaywalk,Moray Pringle,John Titor,", 2023",rock,5.55,4.70,0.86,8.302,1115,1243,452,638,25,206.71,4.517,12.025,6.795,8.040,10.541,9.658,4.381,0.857,0.487
C:\YARG\Charts\CTH3DLC Pack 3\[Full Album Single Charts]\Moray Pringle - Good Times (Single Charts) [John Titor]\10. Space Ghetto\notes.chart,Space Ghetto,Moray Pringle,John Titor,", 2023",rock,5.05,4.26,0.80,7.648,994,1058,674,320,0,213.11,3.960,12.408,5.724,7.493,9.946,9.254,3.799,1.069,0.286
C:\YARG\Charts\CTH3DLC Pack 3\[Full Album Single Charts]\Moray Pringle - Good Times (Single Charts) [John Titor]\11. Cowboy\notes.chart,Cowboy,Moray Pringle,John Titor,", 2023",rock,5.39,4.50,0.89,8.017,1227,1341,447,731,49,257.25,4.106,13.300,6.519,7.828,9.987,9.328,3.864,0.773,0.528
C:\YARG\Charts\CTH3DLC Pack 3\[Full Album Single Charts]\Moray Pringle - Good Times (Single Charts) [John Titor]\12. Barceloner\notes.chart,Barceloner,Moray Pringle,John Titor,", 2023",rock,6.99,6.10,0.89,10.332,1239,1340,404,777,58,221.10,5.203,18.995,7.957,9.758,14.344,12.584,5.144,0.792,0.165
C:\YARG\Charts\CTH3DLC Pack 3\[Full Album Single Charts]\Rusty Cooley - Rusty Cooley (Single Charts) [CTH3DLC Team]\01. Rusty Cooley - Under the Influence (Chemfinal)\notes.chart,Under the Influence,Rusty Cooley,,,rock,9.97,8.64,1.32,13.806,3954,4023,844,2887,223,406.07,8.051,22.840,11.335,13.447,17.335,15.939,7.953,0.689,0.161
C:\YARG\Charts\CTH3DLC Pack 3\[Full Album Single Charts]\Rusty Cooley - Rusty Cooley (Single Charts) [CTH3DLC Team]\02. Rusty Cooley - The Butcher (Chemfinal)\notes.chart,The Butcher,Rusty Cooley,Chemfinal,", 2008",Shred,10.37,9.12,1.25,14.433,3248,3348,293,2095,860,287.46,7.746,21.015,11.378,14.321,17.804,16.820,7.593,0.409,0.052
C:\YARG\Charts\CTH3DLC Pack 3\[Full Album Single Charts]\Rusty Cooley - Rusty Cooley (Single Charts) [CTH3DLC Team]\03. Rusty Cooley - Dark Matter [CyclopsDragon]\notes.chart,Dark Matter,Rusty Cooley,CyclopsDragon,,rock,9.25,7.88,1.37,12.779,4368,4518,872,3433,63,466.70,7.056,19.445,10.650,12.494,15.568,14.684,6.935,0.655,0.320
C:\YARG\Charts\CTH3DLC Pack 3\[Full Album Single Charts]\Rusty Cooley - Rusty Cooley (Single Charts) [CTH3DLC Team]\04. Rusty Cooley - Dominion [Chemfinal]\notes.chart,,,,,rock,8.46,7.30,1.16,11.998,2681,2681,139,2531,11,242.09,7.101,18.025,9.650,11.570,15.350,14.221,7.072,0.169,0.122
C:\YARG\Charts\CTH3DLC Pack 3\[Full Album Single Charts]\Rusty Cooley - Rusty Cooley (Single Charts) [CTH3DLC Team]\05. Rusty Cooley - E.B.E [Angevil]\notes.chart,E.B.E.,Rusty Cooley,Angevil,", 2008",Instrumental Metal,7.97,6.92,1.05,11.465,2028,2058,289,1739,0,232.19,6.564,18.630,9.309,10.967,14.776,13.628,6.514,0.439,0.199
C:\YARG\Charts\CTH3DLC Pack 3\[Full Album Single Charts]\Rusty Cooley - Rusty Cooley (Single Charts) [CTH3DLC Team]\06. Rusty Cooley - Hillbilly Militia [iZenPenguin]\notes.chart,Hillbilly Militia,Rusty Cooley,iZenPenguin,", 2003",Shred,8.32,7.23,1.09,11.894,2240,2258,308,1515,417,244.60,6.917,18.936,9.637,11.325,16.245,13.817,6.856,0.485,0.120
C:\YARG\Charts\CTH3DLC Pack 3\[Full Album Single Charts]\Rusty Cooley - Rusty Cooley (Single Charts) [CTH3DLC Team]\07. Rusty Cooley - Jazzmine's Song [Chemfinal]\notes.chart,,,,,rock,6.92,5.83,1.09,9.936,2087,2271,832,1218,37,339.94,4.952,16.605,7.572,9.788,12.777,11.805,4.770,1.036,0.450
C:\YARG\Charts\CTH3DLC Pack 3\[Full Album Single Charts]\Rusty Cooley - Rusty Cooley (Single Charts) [CTH3DLC Team]\08. Rusty Cooley - War of the Angels [Chemfinal]\notes.chart,,,,,rock,8.30,7.04,1.26,11.641,3211,3411,806,1738,667,414.99,6.394,21.585,9.415,10.767,15.890,14.268,6.242,0.604,0.202
C:\YARG\Charts\CTH3DLC Pack 3\[Full Album Single Charts]\Rusty Cooley - Rusty Cooley (Single Charts) [CTH3DLC Team]\09. Rusty Cooley - The Duel (760 Creations)\notes.chart,The Duel,Rusty Cooley,xX760Xx,", 2003",Shred,8.57,7.53,1.04,12.310,1918,1970,749,956,213,229.01,6.488,21.190,10.115,11.893,15.710,14.294,6.361,0.809,0.245
C:\YARG\Charts\CTH3DLC Pack 3\[Full Album Single Charts]\Rusty Cooley - Rusty Cooley (Single Charts) [CTH3DLC Team]\10. Rusty Cooley - Piece of Mind [Chemfinal]\notes.chart,Piece of Mind,,,,rock,8.93,7.72,1.22,12.559,2877,3096,372,2292,213,273.65,7.372,19.980,10.220,12.043,16.143,14.853,7.320,0.479,0.199
C:\YARG\Charts\CTH3DLC Pack 3\[Full Album Single Charts]\Sithu Aye - Kindness (EP) [Misc]\01. Run It Down\notes.chart,Run It Down,Sithu Aye,<color=#a5002c>M</color><color=#ff0038>i</color><color=#f84b61>s</color><color=#f2848d>c</color><color=#f6b6cd>e</color><color=#f6b6cd>l</color><color=#f2848d>l</color><color=#f84b61>a</color><color=#ff0038>n</color><color=#a5002c>y</color>,", 2024",Heavy Metal,5.33,4.38,0.94,7.837,1293,1562,840,446,7,250.33,4.007,13.774,6.011,7.627,10.209,9.405,3.444,1.505,0.486
C:\YARG\Charts\CTH3DLC Pack 3\[Full Album Single Charts]\Sithu Aye - Kindness (EP) [Misc]\02. Zero Sum Groove\notes.chart,Zero Sum Groove,Sithu Aye,<color=#a5002c>M</color><color=#ff0038>i</color><color=#f84b61>s</color><color=#f2848d>c</color><color=#f6b6cd>e</color><color=#f6b6cd>l</color><color=#f2848d>l</color><color=#f84b61>a</color><color=#ff0038>n</color><color=#a5002c>y</color>,", 2024",Progressive Metal,4.13,3.22,0.91,6.055,1232,1437,477,702,53,321.14,2.933,11.631,4.433,5.814,8.360,7.474,2.214,0.585,0.864
C:\YARG\Charts\CTH3DLC Pack 3\[Full Album Single Charts]\Sithu Aye - Kindness (EP) [Misc]\03. Obsidian\notes.chart,Obsidian,Sithu Aye,<color=#a5002c>M</color><color=#ff0038>i</color><color=#f84b61>s</color><color=#f2848d>c</color><color=#f6b6cd>e</color><color=#f6b6cd>l</color><color=#f2848d>l</color><color=#f84b61>a</color><color=#ff0038>n</color><color=#a5002c>y</color>,", 2024",Progressive Metal,4.63,3.74,0.89,6.871,1243,1358,513,728,2,261.75,3.508,12.463,5.072,6.512,9.578,8.573,3.293,0.656,0.546
C:\YARG\Charts\CTH3DLC Pack 3\[Full Album Single Charts]\Sithu Aye - Kindness (EP) [Misc]\04. Fear Is the Kindness Killer\notes.chart,Fear Is the Kindness Killer,Sithu Aye,<color=#a5002c>M</color><color=#ff0038>i</color><color=#f84b61>s</color><color=#f2848d>c</color><color=#f6b6cd>e</color><color=#f6b6cd>l</color><color=#f2848d>l</color><color=#f84b61>a</color><color=#ff0038>n</color><color=#a5002c>y</color>,", 2024",Progressive Metal,5.16,4.22,0.94,7.598,1542,1543,886,649,7,291.83,3.995,12.583,6.012,7.439,9.590,8.942,3.783,1.201,0.262
C:\YARG\Charts\CTH3DLC Pack 3\[Full Album Single Charts]\Sithu Aye - Kindness (EP) [Misc]\05. Ghost_Cleanse\notes.chart,Ghost;Cleanse,Sithu Aye,<color=#a5002c>M</color><color=#ff0038>i</color><color=#f84b61>s</color><color=#f2848d>c</color><color=#f6b6cd>e</color><color=#f6b6cd>l</color><color=#f2848d>l</color><color=#f84b61>a</color><color=#ff0038>n</color><color=#a5002c>y</color>,", 2024",Progressive Metal,4.92,3.93,0.99,7.151,1757,1760,976,779,2,349.56,3.513,13.303,5.462,7.005,9.125,8.604,3.091,1.168,0.459
C:\YARG\Charts\CTH3DLC Pack 3\[Full Album Single Charts]\Strunz & Farah (Live) (Single Charts) [jdurandTV OHm & highfine]\01 - Strunz & Farah - Heat of the Sun (Live) [jdurandTV]\notes.chart,,,,,rock,8.48,7.41,1.07,12.138,1896,2176,1296,600,0,275.43,6.555,22.534,9.986,11.907,14.839,13.997,6.247,2.071,0.375
C:\YARG\Charts\CTH3DLC Pack 3\[Full Album Single Charts]\Strunz & Farah (Live) (Single Charts) [jdurandTV OHm & highfine]\02 - Strunz & Farah - Chincha (Live) (ΩHM)\notes.chart,Chincha (Live),Strunz & Farah, ,", 1997",Flamenco,8.24,7.28,0.95,11.968,1512,1594,761,751,0,249.34,6.416,16.653,10.048,11.804,14.246,13.598,6.271,1.210,0.397
C:\YARG\Charts\CTH3DLC Pack 3\[Full Album Single Charts]\Strunz & Farah (Live) (Single Charts) [jdurandTV OHm & highfine]\03 - Strunz & Farah - Terremoto (Live) [jdurandTV & highfine]\notes.chart,,,,,rock,7.86,6.55,1.30,10.963,3260,3814,2323,937,0,484.51,6.538,21.795,8.977,10.552,13.836,12.932,6.297,2.066,0.364
C:\YARG\Charts\CTH3DLC Pack 3\[Full Album Single Charts]\Strunz & Farah (Live) (Single Charts) [jdurandTV OHm & highfine]\04 - Strunz & Farah - Selva (Live) (ΩHM)\notes.chart,Selva (Live),Strunz & Farah,<color=#0055a4>Ω</color><color=#ffffff>H</color><color=#ef4135>M</color>,", 1997",New Flamenco,9.94,8.66,1.28,13.825,3162,3628,1385,1774,3,429.69,6.878,19.130,11.160,13.760,16.970,15.730,6.554,1.289,0.283
C:\YARG\Charts\CTH3DLC Pack 3\[Full Album Single Charts]\Strunz & Farah (Live) (Single Charts) [jdurandTV OHm & highfine]\05 - Strunz & Farah - Dark Fire (Live) [jdurandTV]\notes.chart,,,,,rock,6.58,5.53,1.05,9.515,1764,2040,1065,698,1,315.01,4.861,15.523,7.522,9.286,11.950,11.306,4.564,1.323,0.641
C:\YARG\Charts\CTH3DLC Pack 3\[Full Album Single Charts]\Strunz & Farah (Live) (Single Charts) [jdurandTV OHm & highfine]\06 - Strunz & Farah - Bola (Live) [jdurandTV]\notes.chart,,,,,rock,8.90,7.58,1.32,12.371,3201,3994,1993,1201,7,432.40,6.744,23.817,9.680,11.875,16.133,14.968,6.513,1.758,0.379
C:\YARG\Charts\CTH3DLC Pack 3\[Full Album Single Charts]\Strunz & Farah (Live) (Single Charts) [jdurandTV OHm & highfine]\07 - Strunz & Farah - Anaconda (Live) [jdurandTV]\notes.chart,,,,,rock,7.98,6.81,1.18,11.311,2574,2821,1548,913,113,390.34,5.829,23.310,8.450,10.326,16.475,14.521,5.512,1.788,0.421
C:\YARG\Charts\CTH3DLC Pack 3\[Full Album Single Charts]\Strunz & Farah (Live) (Single Charts) [jdurandTV OHm & highfine]\08 - Strunz & Farah - Twilight at the Zug (Live) [jdurandTV]\notes.chart,,,,,rock,6.93,5.79,1.15,9.881,2227,2597,1421,806,0,315.99,5.429,17.233,7.961,9.570,12.529,11.655,5.059,1.827,0.281
C:\YARG\Charts\CTH3DLC Pack 3\[Full Album Single Charts]\Strunz & Farah (Live) (Single Charts) [jdurandTV OHm & highfine]\09 - Strunz & Farah - Jardin (Live) [jdurandTV]\notes.chart,,,,,rock,8.24,7.25,0.99,11.929,1534,1746,1182,348,4,262.57,7.004,19.055,9.801,11.401,15.699,13.890,6.774,2.176,0.496
C:\YARG\Charts\CTH3DLC Pack 3\[Full Album Single Charts]\Strunz & Farah (Live) (Single Charts) [jdurandTV OHm & highfine]\10 - Strunz & Farah - Americas (Live) [jdurandTV & highfine]\notes.chart,,,,,rock,7.73,6.33,1.40,10.643,4394,4852,2936,1458,0,689.13,5.738,19.865,8.263,10.020,14.630,13.027,5.494,1.809,0.428
"C:\YARG\Charts\CTH3DLC Pack 3\[Full Album Single Charts]\The Aristocrats - Boing, We_ll do it Live! (Single Charts) [Tris255]\01. Bad Asteroid\notes.chart",Bad Asteroid (Live),The Aristocrats,,", 2012",Jazz Fusion,6.85,5.80,1.05,9.895,1987,2062,722,997,268,393.43,4.732,18.770,7.509,9.359,13.571,12.245,4.536,0.599,0.457
"C:\YARG\Charts\CTH3DLC Pack 3\[Full Album Single Charts]\The Aristocrats - Boing, We_ll do it Live! (Single Charts) [Tris255]\02. Greasy Wheel\notes.chart",Greasy Wheel (Live),The Aristocrats,,,Jazz Fusion,7.62,6.47,1.15,10.849,2422,2631,961,1284,177,452.85,5.006,22.585,8.133,10.140,15.112,13.708,4.733,0.754,0.431
"C:\YARG\Charts\CTH3DLC Pack 3\[Full Album Single Charts]\The Aristocrats - Boing, We_ll do it Live! (Single Charts) [Tris255]\03. Boing... I_m in the Back!\notes.chart",Boing!... I'm in the Back (Live),The Aristocrats,Tris255,", 2012",Jazz Fusion,7.98,6.75,1.23,11.231,2729,3184,1377,1200,152,471.18,5.286,20.296,8.128,11.054,14.955,13.647,5.048,0.955,0.517
"C:\YARG\Charts\CTH3DLC Pack 3\[Full Album Single Charts]\The Aristocrats - Boing, We_ll do it Live! (Single Charts) [Tris255]\04. Flatlands\notes.chart",Flatlands,The Aristocrats,<color=#ff1010>T</color><color=#ff3030>r</color><color=#ff4040>i</color><color=#ff7973>s</color><color=#ff9d9d>2</color><color=#ffcccc>5</color><color=#ffffff>5</color>,", 2012",Jazz Fusion,5.37,4.39,0.98,7.852,1465,1694,660,762,43,464.91,3.738,19.095,5.071,7.240,12.050,10.607,3.058,0.396,1.341
"C:\YARG\Charts\CTH3DLC Pack 3\[Full Album Single Charts]\The Aristocrats - Boing, We_ll do it Live! (Single Charts) [Tris255]\05. I Want a Parrot\notes.chart",I Want a Parrot (Live),The Aristocrats,,,Jazz Fusion,7.02,5.83,1.19,9.941,2741,2930,1098,1532,111,587.46,4.241,22.785,6.378,9.152,15.546,13.365,3.640,0.547,0.997
"C:\YARG\Charts\CTH3DLC Pack 3\[Full Album Single Charts]\The Aristocrats - Boing, We_ll do it Live! (Single Charts) [Tris255]\06. Blues Fuckers\notes.chart",Blues Fuckers (Live),The Aristocrats,,", 2012",Blues Fuck,6.61,5.55,1.05,9.551,1747,2056,1425,299,23,391.76,4.399,13.974,8.015,9.144,12.187,11.067,4.034,1.340,0.491
"C:\YARG\Charts\CTH3DLC Pack 3\[Full Album Single Charts]\The Aristocrats - Boing, We_ll do it Live! (Single Charts) [Tris255]\07. Waves\notes.chart",Waves (Live),The Aristocrats,,,Jazz Fusion,7.11,6.06,1.05,10.273,1989,2024,635,1308,46,326.35,5.271,19.976,8.060,9.851,13.448,12.401,5.173,0.573,0.228
"C:\YARG\Charts\CTH3DLC Pack 3\[Full Album Single Charts]\The Aristocrats - Boing, We_ll do it Live! (Single Charts) [Tris255]\08. Get it Like That\notes.chart",Get it Like That (Live),The Aristocrats,,", 2012",Instrumental Rock,7.06,5.82,1.24,9.927,2645,3280,1250,1393,2,606.64,4.284,23.450,7.195,9.499,13.489,12.523,3.910,0.774,0.548
"C:\YARG\Charts\CTH3DLC Pack 3\[Full Album Single Charts]\The Aristocrats - Boing, We_ll do it Live! (Single Charts) [Tris255]\09. Furtive Jack\notes.chart",Furtive Jack (Live),The Aristocrats,,,Jazz Fusion,7.45,6.31,1.14,10.626,2203,2530,957,1116,130,441.03,4.900,17.552,7.670,10.395,13.971,13.170,4.574,0.698,0.684
"C:\YARG\Charts\CTH3DLC Pack 3\[Full Album Single Charts]\The Aristocrats - Boing, We_ll do it Live! (Single Charts) [Tris255]\10. Train Trax Cave Dweller\notes.chart",Train Trax/Cave Dweller (Live),The Aristocrats,,", 2012",Fusion Rock,6.97,5.71,1.26,9.770,3217,3449,1207,1693,317,753.82,4.108,19.445,6.580,8.842,15.165,13.148,3.672,0.546,0.708
"C:\YARG\Charts\CTH3DLC Pack 3\[Full Album Single Charts]\The Aristocrats - Boing, We_ll do it Live! (Single Charts) [Tris255]\11. Mr. Kempinski\notes.chart",Mr. Kempinski,The Aristocrats,,", 2012",Jazz Fusion,7.73,6.63,1.10,11.063,2003,2316,686,1316,1,406.22,4.827,18.500,8.450,10.660,14.618,13.459,4.516,0.559,0.683
"C:\YARG\Charts\CTH3DLC Pack 3\[Full Album Single Charts]\The Aristocrats - Boing, We_ll do it Live! (Single Charts) [Tris255]\12. See You Next Tuesday\notes.chart",,,,,rock,7.16,6.23,0.94,10.503,1409,1525,495,867,47,254.93,5.507,16.280,8.460,10.270,13.106,12.280,5.173,0.683,0.672
"C:\YARG\Charts\CTH3DLC Pack 3\[Full Album Single Charts]\The Aristocrats - Boing, We_ll do it Live! (Single Charts) [Tris255]\13. Dance of the Aristocrats\notes.chart",Dance of the Aristocrats (Live),The Aristocrats,,,Jazz Fusion,6.91,5.90,1.00,10.045,1545,1821,807,700,38,332.22,4.436,17.780,7.663,9.664,13.398,12.203,4.175,0.796,0.438
"C:\YARG\Charts\CTH3DLC Pack 3\[Full Album Single Charts]\The Aristocrats - Boing, We_ll do it Live! (Single Charts) [Tris255]\14. Sweaty Knockers\notes.chart",Sweaty Knockers (Live),The Aristocrats,,,Jazz Fusion,7.82,6.54,1.27,10.945,2943,3553,1754,1022,167,613.08,5.409,19.182,8.577,10.572,14.243,13.093,5.157,0.991,0.660
"C:\YARG\Charts\CTH3DLC Pack 3\[Full Album Single Charts]\The Aristocrats - Boing, We_ll do it Live! (Single Charts) [Tris255]\15. Erotic Cakes\notes.chart",Erotic Cakes (Live),The Aristocrats,,", 2012",Jazz Fusion,8.03,6.96,1.07,11.520,2067,2169,802,900,365,421.07,4.971,21.435,8.950,11.185,14.873,13.810,4.839,0.753,0.250
C:\YARG\Charts\CTH3DLC Pack 3\0SSEMBLI - ENTROPIC EQUILIBRIUM [Atomic]\notes.chart,ENTROPIC EQUILIBRIUM,:0SSEMBLI,Atomic,", 2023",Full Flavor,6.89,5.56,1.33,9.555,3781,4105,1401,588,1792,818.14,4.019,21.245,6.626,8.827,14.195,12.533,3.574,0.814,0.545
C:\YARG\Charts\CTH3DLC Pack 3\A Lil' KKona Solo Medley [jdurandTV]\notes.chart,,,,,rock,9.79,8.58,1.21,13.725,2742,3022,762,1954,26,351.44,7.436,21.801,10.867,13.388,17.475,16.179,7.367,0.811,0.279
C:\YARG\Charts\CTH3DLC Pack 3\A-Z Solo Medley 1\notes.chart,A-Z Solo Medley 1,Various Artists,"iZenPenguin, Peddy, Miscellany & Tris",", 2023",Various,9.25,7.49,1.76,12.246,11227,11360,1746,6058,3423,1276.50,6.381,28.467,9.370,11.618,16.541,15.107,6.286,0.428,0.228
C:\YARG\Charts\CTH3DLC Pack 3\Aaron Cherof - Crystalline Entity (Colbalt Core OST) [jdurandTV]\notes.chart,,,,,rock,9.12,8.17,0.94,13.176,977,1553,390,123,464,164.38,5.867,20.190,10.523,13.191,15.879,15.108,5.046,1.313,1.230
C:\YARG\Charts\CTH3DLC Pack 3\Accept - The Quick and the Dead [jdurandTV]\notes.chart,,,,,rock,6.90,5.92,0.98,10.071,1347,1705,678,605,64,260.33,4.852,19.499,7.569,9.339,14.505,12.627,4.600,1.108,0.665
C:\YARG\Charts\CTH3DLC Pack 3\Aeon Bridge - Defile to Desolate (Full Album Chart) [Jackie]\notes.chart,,,,,rock,9.88,7.81,2.07,12.687,19920,23112,11360,7148,1412,2794.50,6.309,28.913,9.847,12.176,16.756,15.355,5.956,1.380,0.456
C:\YARG\Charts\CTH3DLC Pack 3\Æternity - Black Widow of La Porte (John 5 cover) [760 Creations & Aren Eternal]\notes.chart,Black Widow of La Porte (John 5 cover),,760 Creations & Aren Eternal,", 2025",Synthetic Metal,7.94,6.69,1.25,11.154,3289,3376,1186,1334,769,423.36,5.685,20.736,8.411,10.597,15.121,13.854,5.541,0.931,0.275
C:\YARG\Charts\CTH3DLC Pack 3\Æternity - Endarkenment (Anaal Nathrakh cover) [Aren Eternal]\notes.chart,Endarkenment (Anaal Nathrakh cover),Æternity,Aren Eternal,", 2023",Synthetic Metal,9.65,8.42,1.23,13.513,2698,3182,1130,42,1526,231.50,6.136,23.288,8.998,12.870,19.465,17.628,5.770,1.162,0.198
C:\YARG\Charts\CTH3DLC Pack 3\Æternity - Intermission (Pagan_s Mind cover) [Jackie & Aren Eternal]\notes.chart,Intermission (Pagan's Mind cover),,Jackie & Aren Eternal,", 2025",Synthetic Metal,7.39,6.19,1.20,10.452,2022,2983,1295,456,271,372.36,4.558,25.355,7.328,9.568,15.948,13.599,3.864,1.269,0.480
C:\YARG\Charts\CTH3DLC Pack 3\Alan Parker - Move Move Move (Nacho Libre Soundtrack) [jdurandTV]\notes.chart,,,,,rock,5.54,4.64,0.91,8.215,1219,1411,521,142,556,168.30,5.226,10.958,7.187,8.123,9.531,9.048,4.698,1.589,0.414
C:\YARG\Charts\CTH3DLC Pack 3\Aldious - Luft [Spachi]\notes.chart,Luft,Aldious,Spachi,", 2020",Power Metal,5.86,4.85,1.01,8.529,1573,1857,1302,178,93,322.50,4.269,14.423,6.624,8.297,11.038,10.177,3.875,1.518,0.728
C:\YARG\Charts\CTH3DLC Pack 3\Alexios Anest - All Hell Baroque Loose [jdurandTV]\notes.chart,,,,,rock,8.13,6.98,1.14,11.554,2581,2591,257,1453,871,273.18,6.836,17.255,9.247,11.164,14.756,13.712,6.733,0.215,0.152
C:\YARG\Charts\CTH3DLC Pack 3\Andrea Boma Boccarusso - 25 Metal Riffs [Tris255]\notes.chart,25 Metal Riffs Played at 230 BPM,Andrea Boma Boccarusso,Tris255,", 2017",Metal,10.02,8.79,1.23,13.999,2720,3185,2463,135,122,289.70,7.090,26.358,10.036,12.633,21.480,18.287,6.302,2.947,0.317
C:\YARG\Charts\CTH3DLC Pack 3\Andy James - Diary of Hell_s Guitar [Miscellany]\notes.chart,Diary of Hell's Guitar,Andy James,<color=#a5002c>M</color><color=#ff0038>i</color><color=#f84b61>s</color><color=#f2848d>c</color><color=#f6b6cd>e</color><color=#f6b6cd>l</color><color=#f2848d>l</color><color=#f84b61>a</color><color=#ff0038>n</color><color=#a5002c>y</color>,", 2014",Heavy Metal,6.67,5.66,1.02,9.696,1883,1885,517,1353,13,273.18,5.129,16.825,7.686,9.300,12.656,11.622,5.031,0.564,0.380
C:\YARG\Charts\CTH3DLC Pack 3\Andy McKee - Rylynn [jdurandTV]\notes.chart,,,,,rock,8.41,7.39,1.02,12.116,1609,1908,1124,331,154,310.23,7.025,19.375,9.701,11.802,15.495,14.151,6.731,1.803,1.036
C:\YARG\Charts\CTH3DLC Pack 3\Andy Wood - Free Range Chicken [John Titor]\notes.chart,Free Range Chicken (feat. Brent Mason),Andy Wood,John Titor,", 2024",rock,10.54,9.47,1.07,14.897,1998,2154,484,1363,151,289.76,7.056,24.452,11.681,14.650,18.895,17.473,6.781,0.696,0.458
"C:\YARG\Charts\CTH3DLC Pack 3\Angernoizer, NSD - Execute [Atomic]\notes.chart",Execute,"Angernoizer, NSD",Atomic,", 2017",Hardcore,21.01,19.93,1.08,27.699,1562,2206,1340,132,90,241.51,11.331,57.543,19.060,27.931,36.049,33.797,10.966,3.258,1.593
C:\YARG\Charts\CTH3DLC Pack 3\Animals as Leaders - CAFO [BUFFED] [760 Creations & jdurandTV]\notes.chart,CAFO,Animals as Leaders,xX760Xx,,Yeah,8.34,6.88,1.47,11.408,5552,5638,519,4245,788,395.46,8.223,14.661,9.825,11.439,13.184,12.427,8.187,0.311,0.025
C:\YARG\Charts\CTH3DLC Pack 3\AQUASINE - Minesweeper [Atomic]\notes.chart,Minesweeper,AQUASINE,Atomic,", 2023",Nu Jazz,7.15,6.32,0.83,10.629,1037,1167,376,268,393,167.72,5.227,19.416,8.052,10.057,14.618,13.141,5.090,0.910,0.377
C:\YARG\Charts\CTH3DLC Pack 3\Arch Echo - Aluminosity (feat. Jordan Rudess) [iZenPenguin]\notes.chart,Aluminosity (feat. Jordan Rudess),Arch Echo,iZenPenguin,", 2023",Fusion Metal,6.03,5.06,0.97,8.837,1650,1671,454,479,717,330.00,3.662,17.730,6.174,8.370,12.569,11.350,3.493,0.430,0.568
C:\YARG\Charts\CTH3DLC Pack 3\Archspire - Fathom Infinite Depth [Miscellany]\notes.chart,Fathom Infinite Depth,Archspire,<color=#a5002c>M</color><color=#ff0038>i</color><color=#f84b61>s</color><color=#f2848d>c</color><color=#f6b6cd>e</color><color=#f6b6cd>l</color><color=#f2848d>l</color><color=#f84b61>a</color><color=#ff0038>n</color><color=#a5002c>y</color>,", 2014",Technical Death Metal,8.51,7.43,1.09,12.167,2081,2246,1623,271,187,303.93,5.466,36.270,8.104,10.529,20.354,16.835,5.072,1.518,0.300
C:\YARG\Charts\CTH3DLC Pack 3\Arkaik - Wayward Opulence [OCBG0LD] [CTH3-DLC]\notes.chart,Wayward Opulence,Arkaik,,", 2022",Technical Death Metal,7.89,6.70,1.19,11.159,2650,2926,2383,267,0,357.45,6.684,15.208,9.626,10.925,13.523,12.419,6.349,1.715,0.463
"C:\YARG\Charts\CTH3DLC Pack 3\Art of Anarchy Solo Medley [JRabes, Chemfinal]\notes.chart",Art of Anarchy Solo Medley,Art of Anarchy,JRabes,", 2",Solo Medley,11.65,10.48,1.17,16.211,2691,2739,419,1076,1196,245.94,8.033,25.691,12.182,15.143,22.865,20.326,7.810,0.535,0.295
C:\YARG\Charts\CTH3DLC Pack 3\Artension - Phoenix Rising (Full Album) [Peddy]\notes.chart,Phoenix Rising (Full Album),Artension,Peddy,", 1997",Progressive Metal,9.59,7.49,2.10,12.252,23830,25068,7836,2435,13559,3673.20,4.640,28.715,8.024,11.637,17.854,16.121,3.986,0.626,0.534
C:\YARG\Charts\CTH3DLC Pack 3\Artension Discography Solo Medley [Peddy]\notes.chart,Artension Discography Solo Medley,Artension,Peddy,", 2020",Solo Medley,11.72,9.50,2.22,14.937,32603,32933,1685,8085,22833,2994.14,7.665,29.795,11.282,14.193,20.518,18.390,7.582,0.178,0.168
C:\YARG\Charts\CTH3DLC Pack 3\Arturo Sandoval - Nuestro Blues [jdurandTV]\notes.chart,,,,,rock,10.29,9.04,1.25,14.329,3215,3354,88,156,2971,306.46,7.662,20.421,11.718,14.103,17.491,16.518,7.622,0.229,0.057
C:\YARG\Charts\CTH3DLC Pack 3\Atomic Bitchwax - Alaskan Thunder Fuck [jdurandTV]\notes.chart,,,,,rock,7.34,6.40,0.94,10.751,1449,1531,720,688,41,223.36,5.536,13.019,8.375,10.925,12.950,12.231,5.448,1.153,0.143
C:\YARG\Charts\CTH3DLC Pack 3\Atreyu - Weed [jdurandTV]\notes.chart,,,,,rock,6.45,5.58,0.86,9.594,711,1264,591,19,101,134.50,4.507,13.425,7.818,9.395,11.963,11.075,4.178,1.051,0.208
C:\YARG\Charts\CTH3DLC Pack 3\Avenged Sevenfold - Avenged Sevenfold Solo Medley {OrangeHat]\notes.chart,Avenged Sevenfold Solo Medley,Avenged Sevenfold,OrangeHat,", 2022",Solo Medley,8.93,7.50,1.43,12.271,5107,5124,942,3780,385,546.37,6.159,20.624,9.125,11.906,16.245,15.036,6.034,0.513,0.195
C:\YARG\Charts\CTH3DLC Pack 3\Avenged Sevenfold - Carry On [Miscellany]\notes.chart,Carry On,Avenged Sevenfold,<color=#a5002c>M</color><color=#ff0038>i</color><color=#f84b61>s</color><color=#f2848d>c</color><color=#f6b6cd>e</color><color=#f6b6cd>l</color><color=#f2848d>l</color><color=#f84b61>a</color><color=#ff0038>n</color><color=#a5002c>y</color>,", 2012",Metalcore,5.05,4.25,0.80,7.645,958,1063,489,469,0,245.33,3.170,14.835,5.575,7.457,10.354,9.304,2.749,0.634,0.640
C:\YARG\Charts\CTH3DLC Pack 3\Avery Green - Off-License Caffeine Pills (AG1 Remaster) [OCBG0LD] [CTH3-DLC]\notes.chart,Off-License Caffeine Pills (AG1 Remaster),Avery Green,,", 2022",Progressive Metal,8.99,7.91,1.08,12.821,1976,2215,1012,749,215,230.18,7.215,17.760,10.594,12.675,15.275,14.705,6.684,1.390,0.325
C:\YARG\Charts\CTH3DLC Pack 3\Beast In Black - Blind and Frozen [DeltaOm3ga & Miscellany]\notes.chart,Blind and Frozen,Beast In Black,DeltaOm3ga & Miscellany,", 2017",Power Metal,6.66,5.55,1.11,9.541,1332,2371,969,205,158,297.33,4.419,13.601,7.613,9.004,12.897,11.482,4.138,0.837,0.411
C:\YARG\Charts\CTH3DLC Pack 3\Berried Alive - Planet of the Grapes [Jarvis9999]\notes.chart,Planet of the Grapes,Berried Alive feat. Lucas Mann,Jarvis9999,", 2020",Berrycore,11.14,9.88,1.26,15.433,2844,3466,1106,860,878,393.32,6.276,38.930,10.171,13.200,27.263,21.120,5.972,1.177,0.273
C:\YARG\Charts\CTH3DLC Pack 3\Blips And Chitz - Shadrow [Jarvis9999]\notes.chart,Blips & Chitz,Shadrow,Jarvis9999,", 2017",Electronic,26.75,25.51,1.24,34.021,3133,3257,385,332,2416,160.64,15.516,38.318,29.400,35.007,36.653,36.264,15.472,0.663,0.178
C:\YARG\Charts\CTH3DLC Pack 3\Blosso - Geisha (feat. CHEMY) [ΩHM]\notes.chart,Geisha,Blosso,<color=#0055a4>Ω</color><color=#ffffff>H</color><color=#ef4135>M</color>,", 2021",Future Bass,11.96,10.89,1.08,16.732,1604,2188,722,36,846,179.13,9.385,22.662,14.121,16.458,20.337,18.808,9.229,1.208,0.087
C:\YARG\Charts\CTH3DLC Pack 3\Blotted Science - Vermicular Asphyxiation [python]\notes.chart,Vermicular Asphyxiation,Blotted Science,python,", 2011",rock,7.71,6.60,1.11,11.028,2385,2387,964,1100,321,341.35,5.659,17.755,8.906,10.874,13.497,12.795,5.536,0.628,0.325
C:\YARG\Charts\CTH3DLC Pack 3\Brave Combo - Money Can't Buy Everything [jdurandTV]\notes.chart,,,,,rock,4.86,3.95,0.92,7.182,909,1459,0,0,909,123.77,3.872,11.574,5.981,6.998,8.807,8.287,3.515,0.474,0.164
C:\YARG\Charts\CTH3DLC Pack 3\Bryan Sutton - Decision at Glady Fork [jdurandTV]\notes.chart,,,,,rock,7.82,6.77,1.05,11.257,1957,2068,362,1293,302,218.13,6.733,19.284,9.040,10.675,14.878,13.528,6.699,0.660,0.113
C:\YARG\Charts\CTH3DLC Pack 3\Buckethead - Funbus [Tris255]\notes.chart,Funbus,Buckethead (ft Dirk Rogers and Keith Aazami),Tris255,,Metal,7.23,6.24,0.99,10.518,1557,1748,688,869,0,201.60,5.395,18.740,8.541,10.019,13.700,12.520,4.999,1.123,0.517
C:\YARG\Charts\CTH3DLC Pack 3\Buckethead - Phantom Steamboat (Pike #111) [jdurandTV]\notes.chart,,,,,rock,7.58,5.96,1.61,10.130,7432,8029,3667,3296,469,1052.03,5.108,17.105,7.776,9.824,13.298,12.177,4.825,1.410,0.402
C:\YARG\Charts\CTH3DLC Pack 3\Buster Nalmi - Just like t+hat [Orange Hat]\notes.chart,Just like t+hat,Buster Nalmi,OrangeHat,", 2019",Speedcore,8.15,7.01,1.13,11.596,2479,2526,856,73,1550,222.68,7.132,16.088,9.062,11.430,14.324,13.775,6.475,2.448,0.013
C:\YARG\Charts\CTH3DLC Pack 3\Camellia - Cyphisonia (Full EP) [DarkWolf]\notes.chart,,,,,rock,8.44,6.67,1.77,11.123,9439,11459,3198,1618,4623,1882.59,4.413,24.147,7.488,10.398,16.391,14.664,4.008,0.806,0.570
C:\YARG\Charts\CTH3DLC Pack 3\Camellia - Hello (BPM) 2025 [Atomic]\notes.chart,Hello (BPM) 2025,Camellia,Atomic,", 2025",Hardcore Chiptune,19.16,17.89,1.27,25.313,3467,3551,258,709,2500,221.87,11.386,40.621,18.779,24.720,34.089,30.428,11.305,0.444,0.329
C:\YARG\Charts\CTH3DLC Pack 3\Camellia - Lustre [Atomic]\notes.chart,Lustre,Camellia,Atomic,", 2024",Electronic,7.14,6.22,0.91,10.498,1318,1444,338,611,369,187.00,5.463,14.625,9.055,10.445,12.095,11.622,5.288,0.750,0.512
C:\YARG\Charts\CTH3DLC Pack 3\Car Bomb - Tiles Whisper Dreams [ΩHM] [CHT3-DLC]\notes.chart,Tiles Whisper Dreams,Car Bomb,<color=#0055a4>Ω</color><color=#ffffff>H</color><color=#ef4135>M</color>,", 2025",Mathcore,6.26,5.25,1.01,9.107,1397,1870,1120,181,96,237.57,4.749,19.564,6.870,8.821,11.993,11.103,3.787,2.190,0.525
C:\YARG\Charts\CTH3DLC Pack 3\Chaotrope - Senescence [Chaotrope]\notes.chart,Senescence mid,,,,rock,9.92,8.88,1.03,14.125,1763,1951,525,1032,206,349.35,5.377,38.801,9.134,13.112,21.558,18.925,4.694,0.579,1.035
C:\YARG\Charts\CTH3DLC Pack 3\Charles-Valentin Alkan - Étude in A Minor [3-UP]\notes.chart,Étude in A Minor,Charles-Valentin Alkan,3-UP,", 1840",Classical,5.11,3.82,1.29,6.991,1748,3662,0,0,1748,247.60,4.253,10.913,5.918,6.683,8.717,8.164,4.098,0.320,0.351
C:\YARG\Charts\CTH3DLC Pack 3\Charlie Parra del Riego - Guitar vs Violin (feat. Faridde Caparo) [JRabes]\notes.chart,Guitar vs Violin (feat. Faridde Caparo),Charlie Parra del Riego,JRabes,,rock,7.20,6.44,0.76,10.808,912,941,333,157,422,174.00,3.981,19.787,7.020,10.422,15.837,13.900,3.551,0.923,0.565
C:\YARG\Charts\CTH3DLC Pack 3\Clayton King - Equivalent Exchange [Deltarak]\notes.chart,Equivalent Exchange,Clayton King,<color=#3DD33D>Deltarak</color>,", 2023",Instrumental Metal,7.92,6.96,0.97,11.522,1596,1646,698,697,201,246.55,5.820,15.924,9.229,11.306,14.401,13.435,5.682,0.992,0.286
C:\YARG\Charts\CTH3DLC Pack 3\Constantine - 2 Fast 2 Furious [ACJGaming89 & jdurandTV]\notes.chart,,,,,rock,9.29,8.17,1.12,13.169,2438,2452,451,1273,714,250.93,7.386,20.095,10.841,12.712,16.579,15.401,7.226,0.643,0.258
C:\YARG\Charts\CTH3DLC Pack 3\COOL&CREATE - Night of Knights (CosMo.B.S.P.398 Remix) [Xeratek]\notes.chart,Knight of Nights (CosMo.B.S.P.398 Remix),,,,rock,12.59,11.46,1.13,17.468,2192,2480,303,867,1022,183.47,8.024,22.740,13.743,17.480,21.379,20.145,7.580,0.952,0.057
C:\YARG\Charts\CTH3DLC Pack 3\CTH Team Solo Medley 3 - Red Bull-Induced Awakening [CTH3DLC Team]\notes.chart,,,,,rock,14.29,12.48,1.80,18.753,12176,12499,1480,6924,3772,879.37,10.185,30.456,14.395,18.155,24.608,22.619,10.080,0.657,0.164
C:\YARG\Charts\CTH3DLC Pack 3\CTH Team Solo Medley 4 [CTH3DLC Team]\notes.chart,,,,,rock,13.26,11.37,1.89,17.353,14659,15239,1357,6123,7179,1148.58,9.179,34.133,13.465,16.790,22.467,20.926,9.110,0.438,0.136
C:\YARG\Charts\CTH3DLC Pack 3\CTHDLC Pack 3 Solo Medley [CTH3DLC Team]\notes.chart,,,,,rock,14.89,12.85,2.04,19.211,21178,21922,1819,7154,12205,1553.72,9.899,33.827,15.053,18.945,23.913,22.658,9.808,0.362,0.144
C:\YARG\Charts\CTH3DLC Pack 3\Cytotoxin Solo Medley [Chemfinal]\notes.chart,,,,,rock,11.43,9.78,1.65,15.301,8606,8715,608,4191,3807,665.98,8.905,23.693,12.506,14.819,19.506,17.779,8.791,0.291,0.053
"C:\YARG\Charts\CTH3DLC Pack 3\D-D-DICE Vs. Tanchiky - Welcome, SSSpooky!!! [Jarvis9999]\notes.chart","Welcome, SSSpooky!!!", D-D-Dice Vs. Tanchiky,Jarvis9999,", 2021",Electronic,16.44,15.41,1.03,22.353,1872,1928,492,132,1248,140.84,9.888,32.306,16.173,21.405,31.393,27.690,9.687,1.598,0.279
C:\YARG\Charts\CTH3DLC Pack 3\Daniele Gottardo & The Nuts - Koko (Stickheadz32)\notes.chart,Koko,Daniele Gottardo & The Nuts,Stickheadz32,", 2016",Jazz Shred,9.02,8.12,0.90,13.106,1356,1384,245,1111,0,153.14,7.322,21.235,10.269,12.326,17.848,16.036,7.291,0.519,0.186
C:\YARG\Charts\CTH3DLC Pack 3\Dark Matter Secret - Ancient Gods Genesis [iZenPenguin]\notes.chart,Ancient Gods Genesis,Dark Matter Secret,iZenPenguin,", 2017",Technical Death Metal,7.47,6.22,1.25,10.492,3283,3334,1377,800,1106,491.77,5.712,21.866,8.292,10.279,13.058,12.437,5.544,0.811,0.384
C:\YARG\Charts\CTH3DLC Pack 3\David Fiuczynski & John Medeski - 122 St. Marks (Stickheadz32 & RandomDays)\notes.chart,122 St. Marks,David Fiuczynski & John Medeski,<color=#FF0>Stickheadz32</color> & <color=#0099ff>RandomDays</color>,", 1994",Jazz Fusion,7.80,6.58,1.22,11.004,2532,3087,462,1087,983,314.19,5.569,22.487,7.743,10.268,15.966,14.254,5.451,0.568,0.322
C:\YARG\Charts\CTH3DLC Pack 3\Dawes - From a Window Seat (Blake Mills Rough Mix) [jdurandTV]\notes.chart,,,,,rock,5.32,4.37,0.96,7.815,1134,1605,984,131,19,298.28,4.093,16.236,5.766,7.388,11.286,9.599,3.828,1.085,0.708
C:\YARG\Charts\CTH3DLC Pack 3\Dead Icarus - Sellout [SirMonkfish]\notes.chart,,,,,rock,8.07,7.02,1.05,11.611,1590,2055,1410,172,8,272.44,6.188,17.144,9.947,11.333,14.179,13.034,5.778,1.331,0.347
C:\YARG\Charts\CTH3DLC Pack 3\Defect Noises - Pain Inside [OCBG0LD] [CTH3-DLC]\notes.chart,Pain Inside,Defect Noises,,", 2007",Experimental Metal,6.56,5.56,1.00,9.557,1751,1811,858,575,318,235.83,4.888,15.178,7.934,9.473,11.260,10.920,4.399,1.823,0.603
C:\YARG\Charts\CTH3DLC Pack 3\Destrage - The King is Fat_n_Old (Full Album) [ΩHM]\notes.chart,The King is Fat'n'Old (Full Album Chart),Destrage,<color=#0055a4>Ω</color><color=#ffffff>H</color><color=#ef4135>M</color>,", 2010",Progressive Metalcore,9.08,7.03,2.05,11.620,18832,22467,12593,4308,1931,2903.42,5.667,27.301,8.625,10.955,16.133,14.602,5.200,1.643,0.271
C:\YARG\Charts\CTH3DLC Pack 3\Destrage - The King_s Solo Medley is Fast_n_Gold [ΩHM]\notes.chart,The King's Solo Medley is Fast'n'Gold,Destrage,<color=#0055a4>Ω</color><color=#ffffff>H</color><color=#ef4135>M</color>,", 2010",Progressive Metalcore,9.00,7.94,1.06,12.858,2063,2120,557,983,523,294.92,5.856,25.088,9.270,11.956,18.747,16.428,5.705,0.655,0.374
C:\YARG\Charts\CTH3DLC Pack 3\Devin Townsend Project - Sophies Boobies [Miscellany]\notes.chart,Sophie's Boobies,Devin Townsend Project,<color=#a5002c>M</color><color=#ff0038>i</color><color=#f84b61>s</color><color=#f2848d>c</color><color=#f6b6cd>e</color><color=#f6b6cd>l</color><color=#f2848d>l</color><color=#f84b61>a</color><color=#ff0038>n</color><color=#a5002c>y</color>,", 2016",Progressive Metal,4.11,3.95,0.16,7.185,92,92,30,62,0,33.39,2.811,10.915,4.902,6.775,10.415,9.348,2.516,0.185,0.812
C:\YARG\Charts\CTH3DLC Pack 3\Dimension - Cricket Smoker [jdurandTV]\notes.chart,Cricket Smoker,Dimension,jdurandTV,,rock,6.88,5.81,1.07,9.920,2074,2139,247,561,1266,340.36,4.559,17.415,7.335,9.450,13.727,12.305,4.431,0.275,0.359
C:\YARG\Charts\CTH3DLC Pack 3\Dimension - Matrix World [jdurandTV]\notes.chart,Matrix World,Dimension,jdurandTV,", 2022",Jazz Fusion,7.69,6.57,1.12,10.985,1921,2440,494,199,1228,360.57,5.461,22.488,8.539,10.659,13.877,13.333,5.287,0.554,0.595
C:\YARG\Charts\CTH3DLC Pack 3\DingoTuned - 25000 Hours of Alternate Picking [RandomDays]\notes.chart,,,,,rock,34.04,33.64,0.40,42.841,304,306,30,266,8,16.14,18.178,51.130,35.058,43.516,48.848,48.045,18.155,0.271,0.146
C:\YARG\Charts\CTH3DLC Pack 3\Dino Fiorenza - Slap Me Tender [JRabes]\notes.chart,Slap Me Tender,Dino Fiorenza,JRabes,", 2022",Progressive Slap,8.63,7.47,1.16,12.222,2541,2688,348,2181,12,289.21,7.042,20.270,10.545,12.045,14.418,13.616,6.937,0.550,0.150
C:\YARG\Charts\CTH3DLC Pack 3\DragonForce - Power of the Saber Blade [Miscellany]\notes.chart,Power of the Saber Blade,DragonForce,<color=#a5002c>M</color><color=#ff0038>i</color><color=#f84b61>s</color><color=#f2848d>c</color><color=#f6b6cd>e</color><color=#f6b6cd>l</color><color=#f2848d>l</color><color=#f84b61>a</color><color=#ff0038>n</color><color=#a5002c>y</color>,", 2023",Power Metal,9.77,8.77,1.00,13.978,1672,1805,1015,424,233,234.13,6.220,30.600,9.463,12.626,21.284,19.012,5.960,1.263,0.641
C:\YARG\Charts\CTH3DLC Pack 3\Dubmood & MASTER BOOT RECORD - E1M777 [3-UP]\notes.chart,E1M777,Dubmood & MASTER BOOT RECORD,3-UP,", 2025",Chiptune,11.84,10.83,1.01,16.660,1742,1839,410,473,859,224.37,6.682,25.668,12.875,15.324,23.126,21.166,6.310,0.438,0.493
C:\YARG\Charts\CTH3DLC Pack 3\Dying Fetus - Reign Supreme (Full Album) [ΩHM]\notes.chart,Reign Supreme (Full Album),Dying Fetus,<color=#0055a4>Ω</color><color=#ffffff>H</color><color=#ef4135>M</color>,", 2012",Technical Death Metal,9.44,7.38,2.06,12.105,17219,22859,14400,2070,749,2266.67,6.421,24.002,9.240,11.605,16.239,14.742,6.007,1.931,0.406
C:\YARG\Charts\CTH3DLC Pack 3\Eidola - Caustic Prayer [jdurandTV]\notes.chart,,,,,rock,7.04,6.11,0.93,10.338,1221,1515,930,287,4,212.47,5.253,15.125,7.924,9.999,14.055,12.258,4.891,1.336,0.364
C:\YARG\Charts\CTH3DLC Pack 3\Electrocution 250 - Electric Cartoon Music From Hell (Full Album) [CTH3DLC Team]\notes.chart,,,,,rock,10.54,8.57,1.97,13.704,17490,18486,3177,7281,7032,2468.74,5.777,33.143,9.689,12.488,21.470,17.575,5.556,0.509,0.269
C:\YARG\Charts\CTH3DLC Pack 3\Eminem - Rap God (Vocal-tar Overchart) [jdurandTV]\notes.chart,,,,,rock,10.64,9.28,1.36,14.642,4048,4416,1570,1614,864,363.36,9.095,20.981,12.206,14.550,17.395,16.519,8.722,2.640,0.110
C:\YARG\Charts\CTH3DLC Pack 3\Epic Hat Battles of History [vs Chemfinal]\notes.chart,,,,,rock,10.68,9.05,1.63,14.349,8239,8297,533,5146,2560,717.96,7.962,32.747,11.099,13.748,18.731,17.574,7.916,0.234,0.100
C:\YARG\Charts\CTH3DLC Pack 3\Epic Hat Battles of History [vs jdurandTV]\notes.chart,Epic Hat Battles of History (vs. jdurandTV),Various Artists,OrangeHat & jdurandTV,", 2022",Solo Medley,11.42,9.94,1.48,15.507,5737,5884,1198,2440,2099,526.02,7.767,27.680,11.195,14.328,22.750,19.924,7.615,0.974,0.189
C:\YARG\Charts\CTH3DLC Pack 3\European Mantra - Hymn [jdurandTV]\notes.chart,,,,,rock,7.06,5.84,1.22,9.958,2862,3090,691,743,1428,356.70,5.773,16.417,8.055,9.666,12.807,11.571,5.674,0.627,0.195
C:\YARG\Charts\CTH3DLC Pack 3\EX-LYD - Ako [Supahfast198]\notes.chart,,,,,rock,14.02,12.99,1.03,19.382,1758,1954,229,3,1526,223.96,6.687,29.765,10.823,19.836,26.618,25.443,6.471,0.391,0.451
C:\YARG\Charts\CTH3DLC Pack 3\Exenemy - The Choir of the Martyrs Solo Medley [JRabes; jdurandTV; OrangeHat]\notes.chart,Exenemy Solo Medley,Exenemy,JRabes,", 2016",Power Metal,11.81,10.35,1.45,16.048,5435,5498,627,2756,2052,471.22,8.514,26.411,12.791,15.469,21.029,18.929,8.449,0.381,0.164
C:\YARG\Charts\CTH3DLC Pack 3\Fairport Convention - Matty Groves [jdurandTV]\notes.chart,,,,,rock,7.24,6.03,1.21,10.228,2852,3064,1108,669,1075,484.02,5.627,16.804,8.475,9.886,12.724,11.939,5.522,0.852,0.421
"C:\YARG\Charts\CTH3DLC Pack 3\Falling Sickness - Dwindle [jdurandTV, RandomDays]\notes.chart",,,,,rock,10.55,9.52,1.02,14.968,1261,1916,1156,98,7,150.55,8.722,23.923,11.906,14.528,19.065,17.736,8.573,1.806,0.148
C:\YARG\Charts\CTH3DLC Pack 3\Fernando Miyata - Insanely Amazing Guitar Solo 2 (Stickheadz32)\notes.chart,Insanely Amazing Guitar Solo 2,Fernando Miyata,Stickheadz32,", 2007",Mike Orlando,8.89,7.94,0.95,12.868,1389,1577,432,675,282,149.57,6.584,18.935,10.130,12.482,16.821,15.179,6.175,1.168,0.461
C:\YARG\Charts\CTH3DLC Pack 3\Galneryus - 1789 (Silver Mountain cover) [Peddy]\notes.chart,1789 (Silver Mountain cover),Galneryus,Peddy,", 2008",Power Metal,8.57,7.53,1.04,12.310,1802,2002,693,729,380,234.37,6.080,22.685,9.038,11.204,18.271,15.910,5.609,1.348,0.414
C:\YARG\Charts\CTH3DLC Pack 3\Gaspard Vaude - Heavy Metal - Improvisation - Charvel Pro-Mod So Cal\notes.chart,Heavy Metal - Improvisation - Charvel Pro-Mod So Cal,Gaspard Vaude,Soup,", 2021",Heavy Metal,8.81,7.53,1.28,12.312,3465,3587,831,1609,1025,351.68,6.845,20.993,9.998,12.047,15.107,14.404,6.707,0.786,0.215
C:\YARG\Charts\CTH3DLC Pack 3\Getty - GAKKY [Atomic]\notes.chart,GAKKY,Getty,Atomic,", 2021",J-Core,6.40,5.64,0.77,9.670,925,968,472,146,307,128.00,5.013,14.249,7.509,9.522,12.201,11.440,4.642,1.590,0.107
C:\YARG\Charts\CTH3DLC Pack 3\Glen Campbell - (Back Home Again in) Indiana [JRabes]\notes.chart,(Back Home Again in) Indiana,Glen Campbell,JRabes,,Country,6.92,6.19,0.73,10.459,853,869,99,569,185,116.40,4.993,16.650,8.171,10.367,12.863,12.323,4.943,0.261,0.148
C:\YARG\Charts\CTH3DLC Pack 3\Gojira - Global Warming [Miscellany]\notes.chart,Global Warming,Gojira,<color=#a5002c>M</color><color=#ff0038>i</color><color=#f84b61>s</color><color=#f2848d>c</color><color=#f6b6cd>e</color><color=#f6b6cd>l</color><color=#f2848d>l</color><color=#f84b61>a</color><color=#ff0038>n</color><color=#a5002c>y</color>,", 2005",Progressive Death Metal,7.28,5.97,1.31,10.135,3561,3930,271,30,3260,467.98,6.419,13.423,9.090,9.990,11.666,11.001,6.315,0.267,0.215
C:\YARG\Charts\CTH3DLC Pack 3\Gridlink - Look to Windward [ΩΗM] [CTH3-DLC]\notes.chart,Look to Windward,Gridlink,<color=#0055a4>Ω</color><color=#ffffff>H</color><color=#ef4135>M</color>,", 2014",Grindcore,6.78,5.67,1.11,9.713,2291,2372,2105,182,4,189.15,5.722,14.258,8.386,9.299,12.402,10.959,4.896,2.929,0.066
C:\YARG\Charts\CTH3DLC Pack 3\Guthrie Govan Live Solo Medley [Tris255]\notes.chart,Guthrie Govan Live Solo Medley,Guthrie Govan,<color=#ff1010>T</color><color=#ff3030>r</color><color=#ff4040>i</color><color=#ff7973>s</color><color=#ff9d9d>2</color><color=#ffcccc>5</color><color=#ffffff>5</color>,,Solo Medley,9.83,8.20,1.63,13.206,8180,8407,1700,5384,1096,917.39,6.945,20.129,10.661,12.913,16.595,15.351,6.813,0.540,0.285
C:\YARG\Charts\CTH3DLC Pack 3\HalfDuck - Prevail (Jarvis9999 cover) [Tris255]\notes.chart,Prevail (Jarvis9999 cover),Halfduck,,", 2020",Instrumental Rock,15.10,13.81,1.29,20.401,3662,3662,710,500,2452,296.67,9.548,31.145,16.003,20.181,25.485,23.851,9.294,0.764,0.311
C:\YARG\Charts\CTH3DLC Pack 3\HalfDuck - What Inhumane Effort Sounds Like [3-UP]\notes.chart,What Inhumane Effort Sounds Like (Soinhumane cover),HalfDuck,3-UP,", 2021",Metal,14.89,13.66,1.23,20.212,3100,3188,810,847,1443,304.46,8.773,33.426,14.598,20.138,26.583,24.212,8.703,0.665,0.247
C:\YARG\Charts\CTH3DLC Pack 3\Hannes Grossmann - Retrospective Monolog [Chemfinal]\notes.chart,,,,,rock,8.62,7.72,0.90,12.570,1375,1377,765,424,186,144.35,8.391,15.525,11.568,12.543,13.608,13.363,8.358,1.167,0.103
C:\YARG\Charts\CTH3DLC Pack 3\Headstones - Leave It All Behind [jdurandTV]\notes.chart,Leave It All Behind,Headstones,jdurandTV,,Alternative,4.90,3.73,1.18,6.852,1208,2793,1201,7,0,190.91,3.544,10.199,5.582,6.532,9.274,7.950,3.238,1.107,0.103
C:\YARG\Charts\CTH3DLC Pack 3\Hearse - Turncoat [Miscellany]\notes.chart,Turncoat,Hearse,Miscellany,", 2004",Melodic Death Metal,6.68,5.58,1.10,9.591,2294,2317,1665,573,56,298.72,4.472,19.610,6.856,9.104,13.678,12.062,3.836,1.693,0.437
C:\YARG\Charts\CTH3DLC Pack 3\Igor Paspalj - Midnight Drive (Elevated Jam Tracks) [jdurandTV]\notes.chart,,,,,rock,8.93,7.83,1.10,12.717,2281,2324,738,1332,211,262.65,6.945,22.073,9.299,11.910,18.236,16.048,6.884,0.823,0.127
C:\YARG\Charts\CTH3DLC Pack 3\Impellitteri - Glory [Miscellany]\notes.chart,Glory,Impellitteri,<color=#a5002c>M</color><color=#ff0038>i</color><color=#f84b61>s</color><color=#f2848d>c</color><color=#f6b6cd>e</color><color=#f6b6cd>l</color><color=#f2848d>l</color><color=#f84b61>a</color><color=#ff0038>n</color><color=#a5002c>y</color>,", 1993",Heavy Metal,7.20,6.52,0.68,10.915,764,764,344,363,57,103.13,5.847,16.760,9.179,10.415,14.096,12.618,5.747,0.724,0.358
C:\YARG\Charts\CTH3DLC Pack 3\In Search of Sun - Motherfunk [iZenPenguin]\notes.chart,Motherfunk,In Search of Sun,iZenPenguin,", 2017",Funk Metal,6.76,5.94,0.82,10.102,857,1123,379,478,0,166.82,4.950,14.155,7.390,10.014,13.163,12.159,4.604,0.843,0.442
"C:\YARG\Charts\CTH3DLC Pack 3\Insanely Amazing Guitar Solo Trilogy [jdurandTV, 760 Creations, Stickheadz32 & GHX]\notes.chart",Insanely Amazing Guitar Solo Trilogy,Fernando Miyata,"jdurandTV, 760 Creations, Stickheadz32 & GHX",", 2007",Solo Medley,9.23,7.72,1.51,12.561,5699,6246,1263,3090,1346,561.44,6.804,22.585,9.832,11.924,17.280,15.042,6.570,0.831,0.196
C:\YARG\Charts\CTH3DLC Pack 3\Invalids - Permanence (Full Album) [RandomDays]\notes.chart,Permanence (Full Album),Invalids,<color=#0099FF>RandomDays</color>,", 2022",Math Rock,8.72,6.70,2.02,11.167,14573,20838,4208,2862,7503,2853.39,5.421,24.305,8.520,10.750,14.810,13.593,5.111,0.498,0.772
C:\YARG\Charts\CTH3DLC Pack 3\IRONBUNNY - Lightning Speed [Spachi]\notes.chart,Lightning Speed,IRONBUNNY,Spachi,", 2019",Hard Rock,8.65,7.64,1.02,12.451,1607,1885,952,523,132,240.47,6.796,22.700,9.530,11.837,17.305,15.059,6.596,1.752,0.292
C:\YARG\Charts\CTH3DLC Pack 3\Jakub Zytecki - Sunflower [python] [CTH3-DLC]\notes.chart,Sunflower,Jakub Zytecki,python,", 2019",Progressive Rock,6.91,6.10,0.81,10.320,1086,1102,349,730,7,170.45,5.178,18.661,8.484,9.572,13.649,12.636,5.026,0.805,0.191
C:\YARG\Charts\CTH3DLC Pack 3\Jamie Paige - Some More of That Song [3-UP]\notes.chart,Some More of That Song (feat. Kasane Teto),Jamie Paige,3-UP,", 2025",Synth Pop,12.26,11.22,1.04,17.152,1491,2017,330,0,1161,169.38,6.631,21.118,13.473,17.693,19.769,19.227,6.108,0.992,0.464
C:\YARG\Charts\CTH3DLC Pack 3\Jarvis9999's Chart-athon\notes.chart,Jarvis9999's Charter Medley,Various Artists,Jarvis9999,", 2025",Solo Medley,11.18,8.95,2.23,14.208,33860,34151,6390,15387,12083,3578.26,6.939,33.044,10.580,13.526,19.387,17.690,6.836,0.590,0.254
C:\YARG\Charts\CTH3DLC Pack 3\Jason Becker & Friends - Some Assembly Required [jdurandTV]\notes.chart,,,,,rock,9.90,8.60,1.30,13.747,3633,3806,1472,1750,411,438.63,7.177,23.546,10.162,12.962,19.206,17.263,7.056,1.375,0.226
C:\YARG\Charts\CTH3DLC Pack 3\Jason Richardson & Luke Holland - Ishimura [XEntombmentX]\notes.chart,Ishimura,Jason Richardson & Luke Holland,XEntombmentX,", 2022",Progressive Metal,6.86,5.73,1.13,9.799,2421,2506,333,1556,532,340.10,5.457,15.063,7.978,9.601,12.160,11.340,5.351,0.364,0.228
C:\YARG\Charts\CTH3DLC Pack 3\jdurand's MEGA Solo Medley 2 [jdurandTV & 760 Creations]\notes.chart,j's mega medley 2,various artists,,,rock,13.41,11.18,2.23,17.101,32696,33745,2107,15194,15395,2393.93,9.640,34.529,13.525,16.405,22.458,20.459,9.573,0.348,0.096
C:\YARG\Charts\CTH3DLC Pack 3\Jean Luc-Ponty - Don't Let the World Pass You By [jdurandTV]\notes.chart,,,,,rock,6.99,5.91,1.07,10.063,2163,2168,425,371,1367,370.55,4.313,19.688,6.787,8.819,16.582,13.699,4.002,0.507,0.471
C:\YARG\Charts\CTH3DLC Pack 3\Jeff Rosenstock - WILL U STILL U - Head [jdurandTV]\notes.chart,,,,,rock,4.78,3.55,1.23,6.578,1435,3203,1292,135,8,287.24,3.330,10.865,5.169,6.391,8.545,7.779,2.494,1.264,0.898
C:\YARG\Charts\CTH3DLC Pack 3\Jennings Smith - Bahamut [ACJGaming89]\notes.chart,,,,,rock,9.38,8.34,1.04,13.395,1978,2009,541,834,603,221.14,7.312,16.640,11.395,13.245,15.738,15.059,6.973,1.038,0.260
C:\YARG\Charts\CTH3DLC Pack 3\Jesus Molina - Pichi [iZenPenguin]\notes.chart,Pichi,Jesus Molina,iZenPenguin,", 2024",Jazz Fusion,6.07,5.15,0.92,8.973,1143,1461,124,221,798,217.39,4.226,18.851,6.746,8.465,12.160,11.307,3.769,0.308,0.722
C:\YARG\Charts\CTH3DLC Pack 3\Jimi Hendrix - Stone Free (Live at Fillmore East NY 1969) [jdurandTV]\notes.chart,,,,,rock,7.64,6.15,1.49,10.393,4711,5949,2956,1452,303,743.30,5.211,18.745,7.877,10.020,13.923,12.613,4.968,1.391,0.225
C:\YARG\Charts\CTH3DLC Pack 3\Joe Pass - Yesterday [Beatles Cover) [jdurandTV]\notes.chart,,,,,rock,7.99,7.09,0.90,11.707,1133,1398,645,488,0,260.98,6.507,18.884,9.410,11.345,14.852,13.818,6.308,0.840,0.947
C:\YARG\Charts\CTH3DLC Pack 3\John 5 - Dead Art in Plainfield [Tris255]\notes.chart,Dead Art in Plainfield,John 5,Tris255,", 2007",Hard Rock,7.54,6.22,1.32,10.489,3680,3971,1489,1855,336,476.83,5.667,17.730,8.450,10.049,13.874,12.336,5.408,1.297,0.424
"C:\YARG\Charts\CTH3DLC Pack 3\John 5 - Needles, Ca [John Titor]\notes.chart","Needles, Ca",John 5,John Titor,", 2004",rock,8.73,7.72,1.01,12.569,1770,1854,497,774,499,198.64,6.313,23.595,8.976,12.235,17.465,15.366,5.917,1.381,0.268
"C:\YARG\Charts\CTH3DLC Pack 3\John Pizzarelli Solo Medley [jdurandTV, Stickheadz32, Chemfinal & RandomDays]\notes.chart",John Pizzarelli Solo Medley,John Pizzarelli & Friends,CTH3DLC Team,", 2025",Solo Medley,12.65,10.77,1.88,16.581,10055,14884,4517,2303,3235,1132.09,8.956,25.871,13.688,16.307,20.163,19.023,8.717,1.853,0.057
C:\YARG\Charts\CTH3DLC Pack 3\John Pizzarelli Trio - I Know That You Know [RandomDays]\notes.chart,I Know That You Know,John Pizzarelli Trio,<color=#0099FF>RandomDays</color>,", 1999",Pizza Jazz,11.62,10.48,1.14,16.208,1744,2582,694,345,705,217.01,8.139,25.940,12.123,15.679,21.997,19.611,8.033,1.265,0.104
C:\YARG\Charts\CTH3DLC Pack 3\Jon Lui - Déjà Vu [jdurandTV]\notes.chart,,,,,rock,7.66,6.73,0.93,11.208,1399,1517,891,438,70,202.50,6.820,16.122,9.370,10.890,13.931,12.859,6.722,1.539,0.251
C:\YARG\Charts\CTH3DLC Pack 3\JYOCHO - Strong Body and Rich Future of Macho Minimal Fairy [John Titor]\notes.chart,Strong Body and Rich Future of Macho Minimal Fairy,JYOCHO,John Titor,", 2024",rock,6.23,5.33,0.90,9.225,1380,1402,98,30,1252,147.56,6.724,13.429,7.762,8.707,11.714,10.974,6.665,0.339,0.106
C:\YARG\Charts\CTH3DLC Pack 3\Kang Maomao - Westcity Machine Solo Medley [CTH3DLC Team]\notes.chart,,,,,rock,11.06,9.53,1.53,14.971,6632,6643,751,5506,375,554.10,8.726,23.960,12.375,14.385,19.115,17.463,8.641,0.555,0.097
C:\YARG\Charts\CTH3DLC Pack 3\Keep of Kalessin - Crown of Kings [Miscellany]\notes.chart,Crown of the Kings,Keep of Kalessin,<color=#a5002c>M</color><color=#ff0038>i</color><color=#f84b61>s</color><color=#f2848d>c</color><color=#f6b6cd>e</color><color=#f6b6cd>l</color><color=#f2848d>l</color><color=#f84b61>a</color><color=#ff0038>n</color><color=#a5002c>y</color>,", 2006",Black Metal,8.71,7.24,1.48,11.905,4321,5820,4290,22,9,420.79,5.881,14.888,10.764,11.868,13.037,12.850,5.508,1.719,0.396
C:\YARG\Charts\CTH3DLC Pack 3\Kelly Simonz's Blind Faith - Rondo Ksv007 [Chemfinal]\notes.chart,,,,,rock,10.41,9.32,1.09,14.698,2269,2269,171,2077,21,205.04,8.508,20.620,11.929,14.396,18.270,17.054,8.465,0.277,0.063
C:\YARG\Charts\CTH3DLC Pack 3\Kibordis Kantoran - Heavy Metal Keyboard Shred [highfine]\notes.chart,Heavy Metal Keyboard Shred,Kibordis Kantoran,highfine,", 2021",Heavy Metal,9.29,8.03,1.26,12.987,3460,3460,0,0,3460,412.88,5.930,22.631,10.197,12.735,16.475,15.296,5.849,0.012,0.350
C:\YARG\Charts\CTH3DLC Pack 3\Kobaryo - Apocalypse Simulator [Atomic]\notes.chart,Apocalypse Simulator,Kobaryo,Atomic,", 2020",J-Core,9.89,8.85,1.04,14.081,1737,2009,1354,104,279,225.95,7.054,21.353,11.634,13.718,17.343,16.325,6.717,1.697,0.299
C:\YARG\Charts\CTH3DLC Pack 3\Koichi Hayakawa - Crush  [OCBG0LD] [CTH3-DLC]\notes.chart,Crush,Koichi Hayakawa,,", 2008",Instrumental Rock,9.16,8.22,0.93,13.243,1400,1521,481,916,3,175.92,6.871,26.230,9.955,11.907,20.031,16.963,6.694,1.336,0.249
C:\YARG\Charts\CTH3DLC Pack 3\Laur - Chaos Emperor [Atomic]\notes.chart,Chaos Emperor,Laur,Atomic,", 2022",Hardcore,6.33,5.49,0.84,9.457,958,1172,440,312,206,174.95,5.162,14.385,8.032,9.124,11.909,10.763,4.841,1.302,0.809
C:\YARG\Charts\CTH3DLC Pack 3\Laur - Cosmic Blaster [Xeratek]\notes.chart,cosmic blaster,,,,rock,18.39,17.37,1.02,24.701,1524,1888,247,354,923,172.69,8.569,40.301,12.336,25.526,36.043,32.629,8.389,0.722,0.566
C:\YARG\Charts\CTH3DLC Pack 3\Laur - Viyella_s Malice [Atomic]\notes.chart,Viyella's Malice,Laur,Atomic,", 2024",Renaissance Hardcore,10.35,9.25,1.09,14.614,1849,2276,1218,196,435,248.86,7.460,24.818,12.587,13.740,18.954,16.945,7.098,2.252,0.442
C:\YARG\Charts\CTH3DLC Pack 3\leon chang - wavelocity [Atomic]\notes.chart,wavelocity,leon chang,Atomic,", 2021",Electronic,7.68,6.75,0.93,11.230,1403,1504,553,239,611,166.80,6.534,17.249,9.447,10.708,14.337,13.079,6.294,1.181,0.143
C:\YARG\Charts\CTH3DLC Pack 3\Les Paul - Lover [JRabes]\notes.chart,Lover,Les Paul,JRabes,,rock,10.59,9.79,0.80,15.313,1050,1066,219,829,2,146.12,6.441,22.770,12.510,15.082,18.700,17.641,6.259,0.486,0.388
C:\YARG\Charts\CTH3DLC Pack 3\Light Beyond Sleep - Cairo [jdurandTV & iZenPenguin]\notes.chart,Cairo,Light Beyond Sleep,jdurandTV & iZenPenguin,", 2021",Progressive Metal,8.47,7.04,1.43,11.634,4928,5227,1523,1977,1428,816.57,4.615,31.901,7.754,10.619,17.967,15.598,4.443,0.620,0.401
C:\YARG\Charts\CTH3DLC Pack 3\Lili Gasanj - Doomsday Shuffle [Lili Gasanj]\notes.chart,Doomsday Shuffle,Lili Gasanj,Liliana,", 2025",Chiptune,12.27,11.53,0.74,17.553,792,901,371,17,404,112.92,6.316,33.786,8.299,15.001,31.772,27.752,6.038,1.412,0.796
C:\YARG\Charts\CTH3DLC Pack 3\LOUDNESS - Get Away [JRabes]\notes.chart,Get Away,LOUDNESS,JRabes,", 1985",Speed Metal,8.10,7.17,0.93,11.808,1344,1506,881,455,8,231.02,5.549,17.490,9.554,11.758,14.581,13.348,5.222,1.138,0.614
C:\YARG\Charts\CTH3DLC Pack 3\Loudness Solo Medley [Peddy]\notes.chart,Loudness Solo Medley,Loudness,Peddy,", 2022",Solo Medley,12.67,11.16,1.51,17.086,6192,6205,666,2784,2742,537.23,8.880,29.804,12.781,16.357,23.299,21.000,8.818,0.355,0.149
C:\YARG\Charts\CTH3DLC Pack 3\Ludicin - Fallen Symphony (Abridged) [jdurandTV]\notes.chart,Fallen Symphony,Ludicin,jdurandTV,", 2021",Gothic Hardcore,13.62,12.11,1.51,18.284,4949,6284,2712,767,1470,424.31,9.580,33.696,13.454,16.541,27.701,23.536,9.299,2.204,0.167
C:\YARG\Charts\CTH3DLC Pack 3\Ludicin - Fallen Symphony [jdurandTV]\notes.chart,Fallen Symphony,Ludicin,jdurandTV,", 2021",Gothic Hardcore,13.26,11.72,1.55,17.787,5373,6853,2712,839,1822,551.04,8.312,34.592,13.014,16.414,25.916,22.777,8.013,1.696,0.335
C:\YARG\Charts\CTH3DLC Pack 3\Ludicin - Luminency [Atomic]\notes.chart,Luminency,Ludicin,Atomic,", 2020",rock,10.97,9.81,1.16,15.340,2254,2723,555,1136,563,252.34,9.013,28.355,12.418,14.777,19.643,18.107,8.662,1.109,0.700
C:\YARG\Charts\CTH3DLC Pack 3\Lumpy Potato's Solo Medley Extravaganza [jdurandTV]\notes.chart,,,,,rock,13.09,11.47,1.62,17.470,7806,8188,1144,3009,3653,703.18,8.265,35.924,12.735,16.645,24.426,21.766,8.152,0.554,0.146
C:\YARG\Charts\CTH3DLC Pack 3\Marc Rizzo - The Ultimate Devotion [jdurandTV]\notes.chart,The Ultimate Devotion,Marc Rizzo,jdurandTV,,rock,11.82,10.40,1.42,16.113,4718,5054,2161,1298,1259,533.40,7.854,23.452,11.520,16.433,20.054,19.163,7.543,1.821,0.326
C:\YARG\Charts\CTH3DLC Pack 3\Marcin - Cry Me A River [jdurandTV]\notes.chart,,,,,rock,7.79,6.85,0.94,11.375,1186,1550,878,287,21,177.43,6.250,16.940,9.284,10.972,14.435,13.364,5.916,1.955,0.627
C:\YARG\Charts\CTH3DLC Pack 3\Marcin and Jesús Molina - Guitar VS Piano [jdurandTV]\notes.chart,,,,,rock,7.61,6.62,0.99,11.055,1462,1750,323,146,993,185.35,6.651,18.474,9.328,10.724,13.535,12.716,6.521,0.930,0.474
C:\YARG\Charts\CTH3DLC Pack 3\Mario Kart World Solo Medley [3-UP & Various Charters]\notes.chart,Mario Kart World Solo Medley,"Atsuko Asahi, Maasa Miyoshi, Takuhiro Honda, Yutaro Takakuwa",3-UP,", 2025",Solo Medley,7.89,6.25,1.64,10.536,8117,8471,1697,2880,3540,1101.03,5.123,19.974,7.819,10.045,14.547,13.033,4.960,0.713,0.282
C:\YARG\Charts\CTH3DLC Pack 3\Masaaki Endoh - LIVE in Baghdad [Miscellany]\notes.chart,Live in Baghdad,Masaaki Endoh,<color=#a5002c>M</color><color=#ff0038>i</color><color=#f84b61>s</color><color=#f2848d>c</color><color=#f6b6cd>e</color><color=#f6b6cd>l</color><color=#f2848d>l</color><color=#f84b61>a</color><color=#ff0038>n</color><color=#a5002c>y</color>,", 1998",Heavy Metal,6.96,5.96,1.00,10.122,1585,1807,1313,48,224,200.59,4.828,18.693,7.651,9.596,13.849,12.530,4.350,1.600,0.541
C:\YARG\Charts\CTH3DLC Pack 3\MasterSwordRemix - Scary Swings [Supahfast198]\notes.chart,,,,,rock,9.20,8.19,1.02,13.195,1788,1876,0,0,1788,178.00,7.761,16.448,11.898,13.068,14.778,14.313,7.761,0.025,0.000
C:\YARG\Charts\CTH3DLC Pack 3\Mattias IA Eklundh - Amphibians Night Out [Jarvis9999]\notes.chart,Amphibians Night Out,Mattias IA Eklundh,Jarvis9999,", 2013",Progressive Rock,10.06,9.15,0.91,14.475,1415,1415,375,480,560,204.48,5.263,22.964,8.248,14.283,21.508,19.174,5.122,0.804,0.232
"C:\YARG\Charts\CTH3DLC Pack 3\Meat Loaf Solo Medley [OrangeHat, jdurandTV & Miscellany]\notes.chart",Meat Loaf Solo Medley,Meat Loaf,OrangeHat,", 2022",Solo Medley,8.87,7.52,1.36,12.288,3978,4357,798,1549,1631,572.84,5.223,25.448,7.956,11.113,19.977,16.505,5.105,0.455,0.259
"C:\YARG\Charts\CTH3DLC Pack 3\Michael Paouris - Fire on the Pick No. 2 (Extinguished Edition) [RandomDays, Haggis]\notes.chart",Fire on the Pick No. 2,Michael Paouris,Haggis,", 2018",Gyro Shred,14.27,13.42,0.85,19.923,1167,1215,127,1040,0,88.07,11.769,31.628,15.025,19.379,25.474,24.496,11.764,0.398,0.000
C:\YARG\Charts\CTH3DLC Pack 3\Michael Paouris - Paourissimo (Stickheadz32)\notes.chart,Paourissimo,Michael Paouris,Stickheadz32,", 2023",Gyro Shred,12.15,10.84,1.31,16.671,3737,3908,600,3137,0,408.79,8.227,25.300,13.490,16.605,20.025,19.117,7.965,0.501,0.787
C:\YARG\Charts\CTH3DLC Pack 3\Mickey Lyxx - Forza [iZenPenguin]\notes.chart,Forza (feat. Jacky Vincent),Mickey Lyxx,iZenPenguin,", 2021",Shred,7.99,6.93,1.06,11.483,1957,2078,571,1236,150,198.00,6.229,19.095,9.150,11.282,14.212,13.484,6.151,0.872,0.108
C:\YARG\Charts\CTH3DLC Pack 3\Mitsuki - Square Lake [Saxmanadam]\notes.chart,Square Lake,Mitsuki,saxmanadam,", 2019",Chiptune,13.51,12.60,0.91,18.902,1016,1420,522,458,36,116.85,11.289,26.593,16.038,18.458,22.951,21.457,10.737,2.291,0.351
C:\YARG\Charts\CTH3DLC Pack 3\Mohini Dey - Introverted Soul [Aren Eternal]\notes.chart,Introverted Soul,Mohini Dey,Aren Eternal,", 2023",Jazz Fusion,8.60,7.55,1.05,12.338,1859,2035,398,993,468,323.09,5.155,22.156,8.766,11.548,18.299,15.598,5.039,0.379,0.402
C:\YARG\Charts\CTH3DLC Pack 3\Moray Pringle - Good Times (Full Album) [John Titor]\notes.chart,Good Times (Full Album Chart),Moray Pringle,John Titor,", 2023",rock,7.59,5.72,1.87,9.792,12949,14538,5451,6786,712,2365.72,4.878,22.745,7.339,9.285,13.530,12.130,4.715,0.970,0.387
C:\YARG\Charts\CTH3DLC Pack 3\Moray Pringle - Good Times Solo Medley [John Titor]\notes.chart,Good Times (Come From Playing This) Solo Medley,Moray Pringle,John Titor & <b><color=#c96cff>j</color><color=#996cff>d</color><color=#7d6cff>u</color><color=#6c88ff>r</color><color=#6ca0ff>a</color><color=#6cbcff>n</color><color=#6ccdff>d</color><color=#0cff00>T</color><color=#54ff00>V</color></b>,", 2023",rock,7.68,6.49,1.19,10.871,2705,2876,735,1526,444,371.71,5.805,21.899,8.403,10.407,14.500,13.186,5.724,0.759,0.285
C:\YARG\Charts\CTH3DLC Pack 3\Mr. Big - Addicted To That Rush (Live) [jdurandTV]\notes.chart,,,,,rock,8.16,6.96,1.21,11.519,2648,3018,786,617,1245,340.66,6.135,18.851,9.327,11.225,14.446,13.457,5.719,0.907,0.538
C:\YARG\Charts\CTH3DLC Pack 3\Mr. Bungle - Raping Your Mind [Tris255]\notes.chart,Raping Your Mind,Mr. Bungle,Tris255,", 2020",Thrash Metal,8.91,7.63,1.28,12.449,3244,3611,2202,719,323,349.34,6.407,22.568,9.789,11.554,17.190,15.418,5.911,1.812,0.239
C:\YARG\Charts\CTH3DLC Pack 3\Mrs. Smith - Bob Ross Technique [Jarvis9999]\notes.chart,Bob Ross Technique,Mrs. Smith,Jarvis9999,", 2018",Progressive Rock,6.62,5.77,0.85,9.855,1217,1231,342,274,601,210.16,4.564,15.521,7.800,9.698,12.276,11.565,4.353,0.585,0.448
C:\YARG\Charts\CTH3DLC Pack 3\Muse - Bliss (Live) [3-UP]\notes.chart,Bliss (Live),Muse,3-UP,", 2000",Alternative,7.20,5.96,1.24,10.131,3291,3291,0,0,3291,246.06,7.687,17.474,9.198,9.711,12.012,11.300,7.674,0.001,0.055
C:\YARG\Charts\CTH3DLC Pack 3\Mutsuhiko Izumi - Model DD8 (feat. Marty Friedman) [JRabes]\notes.chart,Model DD8 (feat. Marty Friedman),Mutsuhiko Izumi,JRabes,", 2003",Freaky Fusion,9.26,8.12,1.14,13.110,2215,2564,457,1078,680,272.54,7.189,24.795,10.742,12.567,16.587,15.551,7.087,0.559,0.279
"C:\YARG\Charts\CTH3DLC Pack 3\Narnia Solo Medley [JRabes, Chemfinal, OrangeHat & jdurandTV]\notes.chart",Narnia Solo Medley,Narnia,,", 1",Wardrobe Metal,9.90,8.34,1.56,13.405,7020,7044,870,5248,902,804.71,6.446,23.040,9.940,12.996,17.910,16.405,6.328,0.284,0.267
C:\YARG\Charts\CTH3DLC Pack 3\Nathan & The Zydeco Cha Chas - Old Man's Darling [jdurandTV]\notes.chart,,,,,rock,6.72,5.54,1.19,9.525,1834,2874,118,2,1714,251.32,5.477,13.217,8.411,9.261,11.378,10.587,5.397,0.265,0.352
C:\YARG\Charts\CTH3DLC Pack 3\Nemo - LDI [OrangeHat]\notes.chart,L.D.I.,Nemo,OrangeHat,", 2009",Progressive Rock,6.91,5.77,1.14,9.857,2419,2532,522,129,1768,531.05,3.342,27.770,5.099,7.856,20.547,14.965,3.066,0.296,0.404
C:\YARG\Charts\CTH3DLC Pack 3\nhlfan90 - f90 [OCBG0LD] [CTH3-DLC]\notes.chart,f90,nhlfan90,,", 2025",Instrumental Technical Deathcore,9.14,8.31,0.82,13.366,1118,1134,697,226,195,115.17,6.278,23.531,8.441,12.389,19.665,18.572,4.836,2.984,0.204
C:\YARG\Charts\CTH3DLC Pack 3\Nicolas Waldo - Caprice & Guitar Fugue in E Minor [jdurandTV]\notes.chart,,,,,rock,10.33,9.20,1.12,14.547,2455,2457,635,1504,316,236.47,8.200,21.970,12.028,14.210,18.056,16.701,8.183,0.475,0.035
C:\YARG\Charts\CTH3DLC Pack 3\Nicolas Waldo - Guitar & Keyboard Shred Jam [jdurandTV]\notes.chart,,,,,rock,10.03,9.02,1.01,14.303,1849,1859,86,845,918,153.43,7.989,21.665,11.690,13.963,17.673,16.649,7.973,0.168,0.126
C:\YARG\Charts\CTH3DLC Pack 3\Nicolas Waldo - Guitar Concerto In C minor [jdurandTV]\notes.chart,,,,,rock,10.96,9.79,1.17,15.318,2643,2732,535,1489,619,234.79,8.595,23.247,13.270,14.770,18.479,17.532,8.536,0.580,0.151
C:\YARG\Charts\CTH3DLC Pack 3\Nitro - Machine Gunn Eddie [jdurandTV]\notes.chart,,,,,rock,7.42,6.14,1.28,10.380,3103,3631,2163,936,4,400.99,5.149,21.375,8.250,10.022,13.183,12.446,4.462,1.713,0.229
C:\YARG\Charts\CTH3DLC Pack 3\NOMA - DOMINATOR [Atomic]\notes.chart,DOMINATOR,NOMA,Atomic,", 2024",J-Core,7.30,6.49,0.81,10.874,918,1078,463,174,281,137.54,5.805,16.712,8.979,10.425,13.715,12.832,5.325,1.628,0.494
"C:\YARG\Charts\CTH3DLC Pack 3\NUEKI, TOLCHONOV, Ravens Rock - So Tired Rock [jdurandTV]\notes.chart",,,,,rock,7.81,6.93,0.88,11.483,1252,1325,555,494,203,171.46,5.532,20.187,8.988,10.927,15.504,13.845,5.435,0.979,0.206
C:\YARG\Charts\CTH3DLC Pack 3\Obscura - Solaris [XEntombmentX]\notes.chart,Solaris,Obscura,XEntombmentX,", 2021",Technical Death Metal,8.44,7.40,1.04,12.125,1869,2001,764,704,401,216.75,7.665,16.136,10.170,11.806,14.970,13.862,7.498,1.286,0.517
C:\YARG\Charts\CTH3DLC Pack 3\OCT - Frictionless Wipe (Vocal-tar Chart) [jdurandTV]\notes.chart,,,,,rock,4.74,4.08,0.66,7.382,595,719,327,183,85,137.77,3.421,13.856,4.978,6.264,12.957,10.112,3.268,0.709,0.280
C:\YARG\Charts\CTH3DLC Pack 3\Ominox - Clockwork [iZenPenguin]\notes.chart,Clockwork,Ominox,iZenPenguin,", 2004",Jazz Fusion,6.52,5.56,0.96,9.555,1541,1616,217,453,871,304.65,4.093,19.701,6.950,8.941,13.593,12.173,3.806,0.202,0.545
C:\YARG\Charts\CTH3DLC Pack 3\Opeth Solo Medley [XEntombmentX]\notes.chart,Opeth Solo Medley,Opeth,XEntombmentX,", 2025",Solo Medley,7.09,5.65,1.44,9.688,5212,5318,1171,3483,558,761.19,4.897,18.529,7.516,9.289,12.905,11.691,4.768,0.457,0.369
C:\YARG\Charts\CTH3DLC Pack 3\Origin - All Things Dead [iZenPenguin]\notes.chart,All Things Dead,Origin,iZenPenguin,", 2014",Technical Death Metal,7.26,5.99,1.27,10.168,2660,3554,2045,615,0,213.61,6.173,14.465,8.469,10.065,12.220,11.499,5.808,2.235,0.155
C:\YARG\Charts\CTH3DLC Pack 3\Ouroboros - Glorification Of A Solo Medley [ACJGaming89]\notes.chart,,,,,rock,9.07,7.71,1.36,12.550,4382,4412,1995,2384,3,576.14,6.074,19.933,8.845,12.027,17.630,15.817,5.880,1.156,0.254
C:\YARG\Charts\CTH3DLC Pack 3\Outworld - War Cry [jdurandTV & Chemfinal]\notes.chart,War Cry,Outworld,jdurandTV & Chemfinal,", 2006",Heavy Metal,7.43,6.26,1.17,10.552,2199,2773,1485,523,191,371.73,4.882,18.720,7.848,9.404,16.599,13.493,4.428,1.640,0.214
C:\YARG\Charts\CTH3DLC Pack 3\owl tree feat. chi tree - Valsqotch [Saxmanadam]\notes.chart,Valsqotch,owl*tree feat. chi*tree,saxmanadam,", 2020",Hard Electro Swing,7.74,6.69,1.06,11.146,1897,2071,694,128,1075,263.92,5.179,21.645,7.383,9.524,19.976,15.083,4.870,1.567,0.243
C:\YARG\Charts\CTH3DLC Pack 3\Pagan's Mind - Resurrection (Back In Time) [jdurandTV]\notes.chart,,,,,rock,6.54,5.37,1.17,9.287,2424,2777,1183,690,551,381.45,4.851,16.215,7.413,8.986,11.905,10.999,4.247,1.341,0.371
C:\YARG\Charts\CTH3DLC Pack 3\Pascal Vigné - Babydroïd [OrangeHat]\notes.chart,Babydroïd,Pascal Vigné,OrangeHat,", 2022",Sherd Geetah,6.35,5.33,1.02,9.223,1859,1891,502,1350,7,255.26,4.489,16.115,6.219,8.635,13.288,12.270,4.407,0.561,0.121
C:\YARG\Charts\CTH3DLC Pack 3\pator - AY Machine [3-UP]\notes.chart,AY Machine,pator,3-UP,", 2021",Chiptune,8.34,7.40,0.93,12.131,1216,1521,159,114,943,180.48,4.952,30.510,7.821,10.156,22.139,16.959,4.638,0.611,0.293
C:\YARG\Charts\CTH3DLC Pack 3\Paul Gilbert - TSLGITW-Scarified (Live) [OrangeHat]\notes.chart,The Second Longest Song Title in the World,Gaul Pilbert,OrangeHat,", 2003",Chet Atkins,9.13,7.92,1.21,12.840,2922,3032,704,1880,338,307.37,7.270,24.986,10.370,12.160,16.802,15.476,7.105,0.716,0.117
C:\YARG\Charts\CTH3DLC Pack 3\Peddy_s Ultimate Shredley 2 [Peddy]\notes.chart,Peddy's Ultimate Shredley 2,Various Artists,Peddy,", 2023",Solo Medley,14.15,11.99,2.16,18.136,28159,28396,2629,10780,14750,2129.31,9.339,39.848,13.910,17.476,23.953,21.995,9.285,0.349,0.144
"C:\YARG\Charts\CTH3DLC Pack 3\Powell Randoph, Chris Paul, Scotty Mishoe - Rev's Per Minute [Chemfinal & jdurandTV]\notes.chart",,,,,rock,8.23,6.71,1.53,11.177,6189,6512,2708,2511,970,950.86,5.046,30.461,8.299,10.487,15.183,14.323,4.670,1.122,0.293
C:\YARG\Charts\CTH3DLC Pack 3\Powerline - Powerline Solo Medley [Max Goof]\notes.chart,Powerline Solo Medley,Powerline,Max Goof,", 1995",Solo Medley,2.09,1.96,0.13,4.002,67,71,31,36,0,17.29,2.500,5.350,3.308,3.732,5.350,4.805,2.088,0.619,0.679
C:\YARG\Charts\CTH3DLC Pack 3\Prashant Aswani - Blizzard [iZenPenguin]\notes.chart,Blizzard,Prashant Awswani,iZenPenguin,", 1997",Jazz Fusion,6.36,5.42,0.93,9.364,1434,1519,472,908,54,201.59,5.590,13.525,7.885,9.046,11.721,10.750,5.435,0.894,0.300
C:\YARG\Charts\CTH3DLC Pack 3\PraxisAxis - One Esk Nineteen [Atomic & Khromatical]\notes.chart,One Esk Nineteen,PraxisAxis,Atomic,", 2020",Tribal Electronic,7.42,6.24,1.18,10.520,2587,2848,732,540,1315,360.96,5.574,18.019,8.191,10.181,13.551,12.680,5.430,0.888,0.238
C:\YARG\Charts\CTH3DLC Pack 3\Quantum Twilight - Never Surrender [Jarvis9999]\notes.chart,Never Surrender,Quantum Twilight,Jarvis9999,", 2022",Power Metal,6.35,5.29,1.06,9.173,1967,2097,1657,108,202,273.16,4.327,18.221,5.853,8.311,14.519,12.591,3.612,1.864,0.445
C:\YARG\Charts\CTH3DLC Pack 3\RandomDays - This Was a RandomDays Sound Effect [RandomDays]\notes.chart,This Was a RandomDays Sound Effect,<color=#0099FF>RandomDays</color>,<color=#0099FF>RandomDays</color>,", 2023",Moyai Rock,14.34,14.22,0.12,20.908,53,62,7,7,39,2.35,14.152,21.699,20.312,20.803,21.598,21.546,14.150,0.594,0.088
C:\YARG\Charts\CTH3DLC Pack 3\Ray Mang - CC Amor (Cristina Camargo Remix) {DLC 3 Edit} [jdurandTV]\notes.chart,,,,,rock,11.77,10.65,1.12,16.427,2143,2461,137,30,1976,321.56,5.500,33.921,8.288,13.982,29.385,25.620,5.218,0.280,0.336
C:\YARG\Charts\CTH3DLC Pack 3\Richard Leo Johnson - Glidepath [jdurandTV & Stickheadz32]\notes.chart,Glidepath,Richard Leo Johnson,<b><color=#c96cff>j</color><color=#996cff>d</color><color=#7d6cff>u</color><color=#6c88ff>r</color><color=#6ca0ff>a</color><color=#6cbcff>n</color><color=#6ccdff>d</color><color=#0cff00>T</color><color=#54ff00>V</color></b> & <color=#FF0>Stickheadz32</color>,", 1998",Country,10.18,8.85,1.32,14.082,2483,4020,1559,924,0,255.42,9.500,16.952,12.658,13.846,16.109,15.380,9.210,2.318,0.396
C:\YARG\Charts\CTH3DLC Pack 3\Rise Against - Architects [jdurandTV]\notes.chart,,,,,rock,4.57,3.49,1.08,6.490,1172,2207,1061,44,67,217.76,3.198,12.095,4.506,5.943,10.168,8.362,1.992,1.712,0.432
"C:\YARG\Charts\CTH3DLC Pack 3\Rob Scallon, Michael Angelo Batio - Keys to the Lamborghini [Atomic]\notes.chart",Keys to the Lamborghini,"Rob Scallon, Michael Angelo Batio",Atomic,", 2024",Dark Heavy Metal,8.12,7.41,0.71,12.141,774,831,419,272,83,108.63,5.872,18.735,8.797,12.015,16.209,14.573,5.574,1.496,0.475
C:\YARG\Charts\CTH3DLC Pack 3\Robert Rodrigo - Fury of the Universe [jdurandTV]\notes.chart,,,,,rock,7.78,6.69,1.09,11.144,1928,2276,540,1190,198,245.32,6.774,24.620,9.379,10.801,13.399,12.997,6.736,0.629,0.151
C:\YARG\Charts\CTH3DLC Pack 3\Rodrigo y Gabriela - Diablo Rojo [jdurandTV]\notes.chart,,,,,rock,7.44,6.32,1.12,10.639,1985,2428,1526,459,0,287.86,6.311,15.241,8.961,10.502,12.785,11.970,5.798,2.568,0.077
C:\YARG\Charts\CTH3DLC Pack 3\roer - intuit [Raspberriel]\notes.chart,,,,,rock,9.33,8.25,1.07,13.284,1755,2160,643,293,819,205.71,7.038,21.501,10.778,13.128,16.356,15.231,6.358,1.583,0.928
C:\YARG\Charts\CTH3DLC Pack 3\Rusty Cooley - Rusty Cooley (Full Album) [CTH3DLC]\notes.chart,,,,,rock,9.87,7.70,2.17,12.538,28613,29635,5520,20388,2705,3164.03,6.826,22.840,10.088,12.078,16.120,14.847,6.720,0.592,0.210
C:\YARG\Charts\CTH3DLC Pack 3\Saja Boys - Soda Pop (Overchart) [Miscellany]\notes.chart,Soda Pop (Overchart),Saja Boys,<color=#a5002c>M</color><color=#ff0038>i</color><color=#f84b61>s</color><color=#f2848d>c</color><color=#f6b6cd>e</color><color=#f6b6cd>l</color><color=#f2848d>l</color><color=#f84b61>a</color><color=#ff0038>n</color><color=#a5002c>y</color>,", 2025",K-Pop,8.35,7.36,0.99,12.071,1558,1772,124,100,1334,144.35,7.111,19.170,10.098,11.700,14.798,14.009,7.087,0.270,0.034
C:\YARG\Charts\CTH3DLC Pack 3\Sally - FROZEN GARDEN [soup]\notes.chart,FROZEN GARDEN,Sally,Soup,", 2025",Metal,8.82,7.82,1.00,12.705,1772,1802,991,669,112,210.81,5.600,19.260,9.438,12.687,16.133,15.115,5.101,1.582,0.266
C:\YARG\Charts\CTH3DLC Pack 3\Savant - Sledgehammer (2022 Mix) [Deltarak]\notes.chart,Sledgehammer (2022 Mix),Savant,<color=#3DD33D>Deltarak</color>,", 2022",Electro House,7.41,6.34,1.07,10.661,1800,2158,921,238,641,320.75,4.765,19.384,7.825,10.362,14.399,13.011,4.557,1.021,0.617
"C:\YARG\Charts\CTH3DLC Pack 3\Scott Mishoe Band - Mishoen Impossible [jdurandTV, OrangeHat & highfine]\notes.chart",Mishoen Impossible,Scott Mishoe Band,jdurandTV etc,", 2023",rock,9.39,8.26,1.13,13.294,2402,2488,209,1379,814,237.03,8.208,18.420,11.714,12.750,16.250,15.013,8.186,0.272,0.207
C:\YARG\Charts\CTH3DLC Pack 3\seatrus - The Daybreak Will Never Come Again. [Atomic]\notes.chart,The Daybreak Will Never Come Again.,seatrus,Atomic,", 2021",J-Core,11.73,10.79,0.94,16.614,1343,1539,605,383,355,159.15,7.633,25.787,10.799,15.880,25.038,21.324,7.256,1.823,0.476
C:\YARG\Charts\CTH3DLC Pack 3\Sergey Golovin - Vision [Jarvis9999]\notes.chart,Vision,Sergey Golovin,Jarvis9999,", 2023",Progressive Rock,9.97,8.99,0.98,14.259,1553,1724,827,373,353,226.93,7.078,21.451,11.272,13.814,18.526,16.858,6.945,1.210,0.296
C:\YARG\Charts\CTH3DLC Pack 3\Sermon of Flames - Cauldrons of Boiling Piss (Stickheadz32)\notes.chart,Cauldrons of Boiling Piss,Sermon of Flames,Stickheadz32,", 2021",Avant-Garde Black Metal,10.92,9.73,1.20,15.232,1958,2938,980,12,966,143.06,8.706,15.936,14.676,15.283,15.733,15.559,8.397,1.371,0.718
C:\YARG\Charts\CTH3DLC Pack 3\Shawn Lane - Not Again (Live 1993) [jdurandTV & 760 Creations]\notes.chart,Not Again (Live 93'),Shawn Lane,jdurandTV & 760 Creations,", 1993",Instrumental,13.23,12.11,1.12,18.284,2458,2458,178,2261,19,181.33,11.222,23.215,15.828,18.080,21.312,20.303,11.192,0.290,0.075
C:\YARG\Charts\CTH3DLC Pack 3\Shotgun Messiah - The Explorer [highfine]\notes.chart,The Explorer,Shotgun Messiah,highfine,", 1989",Glam Metal,7.70,6.74,0.96,11.215,1496,1621,502,497,497,210.93,5.990,21.270,9.038,10.837,14.100,13.344,5.890,0.762,0.405
C:\YARG\Charts\CTH3DLC Pack 3\Sithu Aye - Kindness (Full EP) [Misc]\notes.chart,Kindness (Full EP),Sithu Aye,<color=#a5002c>M</color><color=#ff0038>i</color><color=#f84b61>s</color><color=#f2848d>c</color><color=#f6b6cd>e</color><color=#f6b6cd>l</color><color=#f2848d>l</color><color=#f84b61>a</color><color=#ff0038>n</color><color=#a5002c>y</color>,", 2024",Progressive Metal,5.51,3.92,1.59,7.143,7067,7660,3692,3304,71,1516.34,3.462,13.774,5.398,6.948,9.391,8.638,3.036,0.984,0.520
C:\YARG\Charts\CTH3DLC Pack 3\Sithu Aye - Kindness Solo Medley [Misc]\notes.chart,Kindness Solo Medley,Sithu Aye,<color=#a5002c>M</color><color=#ff0038>i</color><color=#f84b61>s</color><color=#f2848d>c</color><color=#f6b6cd>e</color><color=#f6b6cd>l</color><color=#f2848d>l</color><color=#f84b61>a</color><color=#ff0038>n</color><color=#a5002c>y</color>,", 2024",Progressive Metal,5.81,4.69,1.13,8.288,2356,2493,826,1515,15,372.60,4.299,12.583,6.670,8.094,10.405,9.687,4.046,0.875,0.373
C:\YARG\Charts\CTH3DLC Pack 3\Sleepnet - Love No More [3-UP]\notes.chart,Love No More,Sleepnet,3-UP,", 2021",Drum & Bass,8.14,7.20,0.94,11.859,1272,1528,248,241,783,168.14,5.813,22.140,9.247,11.310,15.779,14.398,5.712,1.151,0.135
C:\YARG\Charts\CTH3DLC Pack 3\Sobrem - ANDORXOR [Xeratek]\notes.chart,ANDORXOR,Sobrem,Xeratek,,rock,9.44,8.46,0.98,13.565,1492,1715,173,166,1153,153.48,6.879,21.173,10.488,13.070,17.900,16.360,6.740,0.493,0.714
C:\YARG\Charts\CTH3DLC Pack 3\Spheres of Obama - Pancakes [Obama]\notes.chart,Pancakes,Spheres of Obama,JRabes,", 2025",Obamacore,11.28,10.33,0.95,16.012,1412,1600,337,727,348,162.66,7.129,30.398,12.185,13.860,26.898,20.197,6.992,0.605,0.249
C:\YARG\Charts\CTH3DLC Pack 3\Spiro - Negative [jdurandTV]\notes.chart,,,,,rock,10.01,9.07,0.93,14.372,1477,1519,1153,287,37,149.66,6.757,18.866,12.020,14.219,17.259,16.215,6.069,2.584,0.245
C:\YARG\Charts\CTH3DLC Pack 3\Spongebob Squarepants - Solobob Medleypants [JRabes_JDurandTV_Miscellany_Chezy_OrangeHat]\notes.chart,Solobob Medleypants,Spongebob Squarepants,JRabes; Miscellany; jdurandTV; Chezy; OrangeHat,", 2039",Solo Medley,6.18,4.91,1.27,8.621,3107,3512,1427,1331,349,579.81,4.044,16.580,6.560,8.409,11.272,10.347,3.822,0.809,0.411
C:\YARG\Charts\CTH3DLC Pack 3\Sporty-O - Drop Mix [Overchart Gang]\notes.chart,,,,,rock,20.53,18.48,2.05,26.009,14930,22259,2368,3305,9257,885.11,12.473,59.482,19.070,24.435,35.378,33.541,12.085,1.386,0.219
C:\YARG\Charts\CTH3DLC Pack 3\Steppenwolf - Magic Carpet Ride [jdurandTV]\notes.chart,,,,,rock,5.42,4.28,1.14,7.681,1434,2554,474,6,954,259.70,4.259,13.113,5.661,7.330,10.677,9.496,3.892,0.906,0.441
C:\YARG\Charts\CTH3DLC Pack 3\Steve 'n' Seagulls - Thunderstruck [jdurandTV]\notes.chart,,,,,rock,8.13,7.07,1.07,11.672,1777,2132,1442,156,179,222.95,7.683,17.665,10.090,11.387,14.279,12.989,7.497,1.308,0.198
C:\YARG\Charts\CTH3DLC Pack 3\Steve Vai - For the Love of God (Live) [3-UP]\notes.chart,For the Love of God (Live),Steve Vai,3-UP,", 2010",Instrumental Rock,6.48,5.26,1.22,9.124,3126,3149,760,1399,967,565.62,3.713,18.725,6.450,8.660,12.769,11.687,3.439,0.365,0.437
C:\YARG\Charts\CTH3DLC Pack 3\Steve Vai - Little Pretty [Miscellany]\notes.chart,Little Pretty,Steve Vai,<color=#a5002c>M</color><color=#ff0038>i</color><color=#f84b61>s</color><color=#f2848d>c</color><color=#f6b6cd>e</color><color=#f6b6cd>l</color><color=#f2848d>l</color><color=#f84b61>a</color><color=#ff0038>n</color><color=#a5002c>y</color>,", 2022",Instrumental Rock,4.76,3.81,0.95,6.982,1454,1580,783,623,48,383.46,3.165,12.261,4.983,6.728,9.585,8.754,2.894,0.685,0.693
C:\YARG\Charts\CTH3DLC Pack 3\Stickheadz32's Projectile Pissing Solo Medley (Stickheadz32)\notes.chart,Stickheadz32's Projectile Pissing Solo Medley,Various Artists,Stickheadz32,", 2024",Solo Medley,14.31,12.38,1.93,18.622,16442,17006,1380,8127,6935,1218.61,9.663,33.962,13.994,17.986,25.217,22.540,9.546,0.539,0.103
C:\YARG\Charts\CTH3DLC Pack 3\StOrk - Dooosh [iZenPenguin]\notes.chart,Dooosh,StOrk,iZenPenguin,", 2010",Progressive Metal,11.17,9.98,1.19,15.557,2903,2913,429,2031,443,296.54,6.581,22.064,9.068,16.538,19.950,19.268,6.468,0.483,0.279
C:\YARG\Charts\CTH3DLC Pack 3\Stratovarius - Legions [Peddy]\notes.chart,Legions,Stratovarius,Peddy,", 1997",Power Metal,6.48,5.35,1.13,9.256,2263,2505,986,339,938,338.88,4.766,18.045,6.795,8.450,14.035,11.756,4.171,1.056,0.663
"C:\YARG\Charts\CTH3DLC Pack 3\Strunz & Farah (Live) Full Album Chart [jdurandTV, ΩHM & highfine]\notes.chart",,,,,rock,9.21,7.05,2.17,11.643,25516,29254,15910,9486,120,3878.55,6.141,24.311,9.058,11.230,15.152,14.050,5.865,1.731,0.407
C:\YARG\Charts\CTH3DLC Pack 3\Strunz & Farah (Live) Solo Medley [jdurandTV & ΩHM & highfine]\notes.chart,,,,,rock,9.92,8.20,1.72,13.211,10000,10293,3098,6826,76,991.96,7.292,24.818,10.353,12.894,16.926,15.639,7.076,1.112,0.108
C:\YARG\Charts\CTH3DLC Pack 3\Supahfast_s Ultra Fast Solo Medley 3 [Supahfast198]\notes.chart,,,,,rock,11.81,9.86,1.95,15.402,17617,17707,1983,9601,6033,1650.64,7.697,36.032,11.602,14.475,21.446,19.215,7.605,0.395,0.221
C:\YARG\Charts\CTH3DLC Pack 3\Super BRUHRIO Bros [jdurandTV]\notes.chart,,,,,rock,2.11,1.96,0.15,4.003,41,82,41,0,0,11.56,1.769,7.800,2.256,3.904,6.268,5.277,0.386,1.427,0.000
"C:\YARG\Charts\CTH3DLC Pack 3\Sylosis - Sylosis Discography Solo Medley [ACJGaming89, HattMeafy]\notes.chart",,,,,rock,8.37,6.46,1.91,10.835,15587,15935,6001,9196,390,2312.53,5.148,22.028,8.222,10.370,14.709,13.213,4.900,0.743,0.406
C:\YARG\Charts\CTH3DLC Pack 3\Syndrone - Doomsday Apocalypse (feat. Tramaine) [Jarvis9999]\notes.chart,Doomsday Apocalypse (feat. Tramaine),Syndrone,Jarvis9999,", 2022",Progressive Metal,6.97,5.72,1.24,9.790,2958,3311,1048,1294,616,494.48,4.855,15.489,7.774,9.590,12.367,11.473,4.509,0.884,0.569
C:\YARG\Charts\CTH3DLC Pack 3\Syrek - Story Solo Medley [OrangeHat]\notes.chart,Story Solo Medley,Syrek,OrangeHat,", 2022",Solo Medley,9.10,7.27,1.83,11.951,13395,13472,1613,7410,4372,1564.91,5.848,22.955,9.301,11.350,15.993,14.593,5.725,0.276,0.269
C:\YARG\Charts\CTH3DLC Pack 3\t+pazolite - HYPER4ID [Atomic]\notes.chart,HYPER4ID,t+pazolite,Atomic,", 2018",Speedcore,8.54,7.58,0.96,12.373,1509,1634,951,380,178,217.62,6.874,23.875,10.074,11.444,18.628,14.209,6.525,1.924,0.431
C:\YARG\Charts\CTH3DLC Pack 3\Tap Chording Medley [3-UP & Various Charters]\notes.chart,Tap Chording Medley,Various Artists,3-UP & Various Charters,", 2025",Various,8.56,7.12,1.44,11.745,2538,5344,201,46,2291,334.30,6.180,16.439,8.978,11.726,14.553,13.841,6.118,0.399,0.162
C:\YARG\Charts\CTH3DLC Pack 3\Teikyou - !!New Game Start!! [Atomic]\notes.chart,!!New Game Start!!,Teikyou,Atomic,", 2023",Electronic,8.95,8.10,0.85,13.076,1176,1223,520,164,492,123.86,7.200,23.801,10.000,11.358,21.321,16.664,7.066,1.774,0.231
C:\YARG\Charts\CTH3DLC Pack 3\Teramobil - Terahertz [python] [CTH3-DLC]\notes.chart,Terahertz,Teramobil,python,", 2016",Technical Death Metal,8.26,7.31,0.95,12.004,1470,1594,619,129,722,250.10,4.924,18.725,8.239,11.543,16.452,15.525,4.442,1.222,0.809
"C:\YARG\Charts\CTH3DLC Pack 3\The Absolute Solo Medley [Chemfinal, jdurandTV & Peddy]\notes.chart",,,,,rock,11.34,9.72,1.62,15.223,8041,8063,512,5736,1793,693.20,8.237,34.861,11.975,14.851,19.169,18.144,8.214,0.201,0.073
C:\YARG\Charts\CTH3DLC Pack 3\The Aftermath - Shine [Chemfinal]\notes.chart,,,,,rock,7.59,6.71,0.88,11.173,1190,1320,953,170,67,160.63,7.550,18.946,9.626,10.832,13.529,12.696,7.397,1.800,0.034
C:\YARG\Charts\CTH3DLC Pack 3\The Arcadian Wild - Gàrradh Seileach [Deltarak]\notes.chart,Gàrradh Seileach,The Arcadian Wild,<color=#3DD33D>Deltarak</color>,", 2023",Folk,6.86,5.88,0.98,10.019,1198,1711,543,539,116,235.38,5.252,19.281,7.710,9.737,13.126,11.987,4.915,0.931,1.154
"C:\YARG\Charts\CTH3DLC Pack 3\The Aristocrats - Boing, We_ll do it Live! (Full Album) [Tris255]\notes.chart",,,,,rock,8.36,6.09,2.27,10.314,33178,37286,14965,16326,1887,7144.83,4.560,23.260,7.559,9.826,14.208,12.907,4.212,0.710,0.627
C:\YARG\Charts\CTH3DLC Pack 3\The Arpeggio Hell Medley [3-UP & Various Charters]\notes.chart,The Arpeggio Hell Medley,Various Artists,3-UP & Various Charters,", 2024",Torture,32.69,29.94,2.75,38.876,111247,111908,1327,2623,107297,4464.95,19.266,82.188,28.733,37.733,52.173,47.481,19.105,0.300,0.045
C:\YARG\Charts\CTH3DLC Pack 3\The Bendegos - Swamp Ass (Stickheadz32)\notes.chart,Swamp Ass,The Bendegos,Stickheadz32,", 2008",KKona,7.77,6.97,0.81,11.537,948,1078,546,399,3,166.43,6.292,15.619,9.585,11.412,13.793,13.128,6.134,1.547,0.740
C:\YARG\Charts\CTH3DLC Pack 3\The Blues Brothers - Sweet Home Chicago [jdurandTV]\notes.chart,,,,,rock,5.76,4.50,1.26,8.011,2535,3424,169,210,2156,463.26,3.802,17.955,5.798,7.425,11.709,10.246,3.747,0.176,0.185
C:\YARG\Charts\CTH3DLC Pack 3\The Cheesiest Solo Medley [JRabes]\notes.chart,The Cheesiest Solo Medley,Various AOR Bands,JRabes,", 2022",Solo Medley,8.95,7.60,1.35,12.397,4229,4292,885,2327,1017,555.19,5.694,22.343,9.415,12.020,16.231,15.058,5.550,0.496,0.383
C:\YARG\Charts\CTH3DLC Pack 3\The Devil's Sons - Pray for us Sinners [jdurandTV]\notes.chart,,,,,rock,9.36,8.49,0.87,13.596,1030,1297,623,382,25,142.99,6.496,14.900,13.000,13.300,14.750,14.428,5.904,1.489,0.302
C:\YARG\Charts\CTH3DLC Pack 3\The Dreadnoughts - Goblin Humppa [jdurandTV]\notes.chart,,,,,rock,6.31,5.36,0.96,9.263,1498,1620,1250,130,118,165.51,5.059,21.825,6.970,8.638,12.355,11.992,4.331,2.491,0.120
C:\YARG\Charts\CTH3DLC Pack 3\The Fearless Flyers - Colonel Panic [jdurandTV]\notes.chart,,,,,rock,6.30,5.46,0.83,9.421,1030,1159,352,151,527,150.01,5.033,13.539,7.290,9.269,12.038,11.119,4.899,0.976,0.126
C:\YARG\Charts\CTH3DLC Pack 3\The Flashbulb - Lawn Wake II [Jarvis9999]\notes.chart,Lawn Wake II,The Flashbulb,Jarvis9999,", 2004",Breakcore,13.96,12.74,1.21,19.080,2208,3063,1346,409,453,179.93,9.746,30.226,15.728,18.519,23.834,22.155,8.914,3.354,0.098
C:\YARG\Charts\CTH3DLC Pack 3\the last biggest shred collab\notes.chart,the last biggest shred collab,Varioust Artists,<color=#a5002c>M</color><color=#ff0038>i</color><color=#f84b61>s</color><color=#f2848d>c</color><color=#f6b6cd>e</color><color=#f6b6cd>l</color><color=#f2848d>l</color><color=#f84b61>a</color><color=#ff0038>n</color><color=#a5002c>y</color>,", 2025",Shred,9.41,7.47,1.93,12.227,16410,16986,7004,6742,2664,2201.89,5.971,28.418,9.167,11.709,16.594,15.035,5.807,1.111,0.308
"C:\YARG\Charts\CTH3DLC Pack 3\The Main Squeeze - Have a Cigar (Cover) [Atomic, DaMan2413]\notes.chart",Have a Cigar (Cover),The Main Squeeze,"Atomic, DaMan2413",", 2018",Classic Rock,6.30,5.19,1.11,9.025,2157,2376,864,1173,120,472.89,4.329,17.098,6.835,8.654,12.051,11.082,4.155,0.600,0.487
C:\YARG\Charts\CTH3DLC Pack 3\The Snake - Guitar Hero [Atomic]\notes.chart,Guitar Hero,The Snake,Atomic,", 2018",Eurobeat,5.35,4.34,1.01,7.772,1573,1868,629,690,254,285.67,3.859,11.985,6.083,7.557,9.995,9.256,3.399,1.049,0.504
C:\YARG\Charts\CTH3DLC Pack 3\The Tony Danza Tapdance Extravaganza - Hold the Line [SirMonkfish]\notes.chart,Hold the Line,The Tony Danza Tapdance Extravaganza,SirMonkfish,", 2012",Metalcore,5.32,4.51,0.81,8.026,1078,1098,704,374,0,153.91,4.363,11.192,7.527,7.763,8.894,8.806,3.618,1.787,0.455
C:\YARG\Charts\CTH3DLC Pack 3\The Ultimate Puppetz Challenge [Puppetz & jdurandTV]\notes.chart,,,,,rock,10.41,8.38,2.02,13.455,20515,20979,4928,11225,4362,2301.77,6.937,27.327,10.175,12.733,18.524,16.645,6.688,0.815,0.193
C:\YARG\Charts\CTH3DLC Pack 3\The Verve - Bittersweet Symphony (OVERCHART) [jdurandTV]\notes.chart,,,,,rock,13.64,12.09,1.54,18.264,4931,6791,1364,2273,1294,356.11,10.201,29.556,14.411,17.880,22.209,21.972,10.020,1.095,0.037
C:\YARG\Charts\CTH3DLC Pack 3\The Wiggles Solo Medley V1\notes.chart,,,,,rock,13.07,10.57,2.50,16.330,63133,63137,262,32813,30058,3776.53,10.495,29.376,13.280,15.890,20.435,19.081,10.493,0.013,0.014
C:\YARG\Charts\CTH3DLC Pack 3\The Word Alive - The Only Rule Is That There Are No Rules [SirMonkfish]\notes.chart,The Only Rule Is That There Are No Rules,The Word Alive,SirMonkfish,", 2009",Metalcore,7.11,6.03,1.08,10.226,1881,2220,1321,421,139,227.76,4.149,23.850,6.605,7.899,19.241,15.483,3.148,1.626,0.163
C:\YARG\Charts\CTH3DLC Pack 3\Theodore Ziraz - Tearing Apart [Jarvis9999]\notes.chart,Tearing Apart,Theodore Ziraz,Jarvis9999,", 2011",Shred Metal,7.48,6.53,0.95,10.931,1546,1595,681,718,147,187.30,5.430,20.576,8.355,10.632,14.009,13.283,5.178,1.234,0.316
C:\YARG\Charts\CTH3DLC Pack 3\Therewolf Media - Shake The Universe [Atomic]\notes.chart,Shake The Universe,Therewolf Media,Atomic,", 2024",Alternative Rock,5.79,4.91,0.88,8.614,1145,1307,564,343,238,225.54,3.881,19.620,6.384,7.951,12.215,11.094,3.378,0.692,0.786
C:\YARG\Charts\CTH3DLC Pack 3\Tiasu - Chipmagic Nightmareland [jdurandTV]\notes.chart,,,,,rock,7.94,6.26,1.68,10.553,8593,9409,2837,5756,0,1447.45,4.850,20.210,8.065,10.090,14.258,12.853,4.677,0.611,0.347
C:\YARG\Charts\CTH3DLC Pack 3\Tiluland - March of Immortals [iZenPenguin]\notes.chart,March of Immortals,Tiluland,iZenPenguin,", 2011",Power Metal,7.63,6.66,0.97,11.103,1660,1667,530,851,279,237.92,5.668,17.680,9.004,10.942,13.716,12.783,5.387,1.026,0.348
C:\YARG\Charts\CTH3DLC Pack 3\Tim Minchin - Dark Side (Live) [doll]\notes.chart,Dark Side (Live),Tim Minchin,doll,", 2009",Musical Comedy,8.51,7.04,1.47,11.636,3720,5743,0,0,3720,780.99,4.315,25.259,7.259,11.313,16.627,15.337,3.772,0.061,0.928
C:\YARG\Charts\CTH3DLC Pack 3\tn-shi - Synthesis [DarkWolf]\notes.chart,,,,,rock,10.45,9.35,1.10,14.742,1767,2320,512,314,941,226.94,7.147,22.635,11.894,14.506,18.437,16.987,6.743,1.265,0.410
C:\YARG\Charts\CTH3DLC Pack 3\Toby Fox & Camellia - Theatore Creatore [Xeratek]\notes.chart,Theatore Creatore,Toby Fox & Camellia,Xeratek,", 2024",Final Boss,8.54,7.62,0.92,12.423,1049,1468,375,164,510,147.57,5.524,21.006,8.844,12.271,16.150,15.377,5.136,1.483,0.492
C:\YARG\Charts\CTH3DLC Pack 3\Tommy Emmanuel & Matteo Mancuso Shred Together! [jdurandTV & Stickheadz32]\notes.chart,,,,,rock,9.61,8.32,1.29,13.376,3099,3716,1807,1240,52,392.50,7.324,21.980,10.612,13.104,16.881,15.689,7.132,1.612,0.141
C:\YARG\Charts\CTH3DLC Pack 3\Treyx & Sterrezo - Dreamscape [Aren Eternal]\notes.chart,Dreamscape,Treyx & Sterrezo,Aren Eternal,", 2022",Color Bass,5.79,4.82,0.97,8.480,1170,1679,293,105,772,303.13,3.502,14.229,6.142,8.194,11.643,10.465,3.200,0.572,0.351
C:\YARG\Charts\CTH3DLC Pack 3\ULTRA Devil Shred Collab [jdurandTV & Friends]\notes.chart,ULTRA Devil Shred Collab,Steve Ouimette and Friends,CTH3DLC Team,", 2025",Solo Medley,13.01,10.83,2.18,16.657,29719,30416,4044,16020,9655,2524.48,8.441,42.147,12.347,15.675,23.315,20.923,8.343,0.517,0.166
C:\YARG\Charts\CTH3DLC Pack 3\Unlucky Morpheus - Spartan Army [John Titor]\notes.chart,Spartan Army,Unlucky Morpheus,John Titor,", 2018",rock,7.25,6.30,0.95,10.601,1575,1590,893,682,0,270.54,5.462,15.300,8.146,10.325,13.780,12.702,5.175,1.591,0.413
C:\YARG\Charts\CTH3DLC Pack 3\Van Halen - 316 (Live) [Miscellany]\notes.chart,316 (Live),Van Halen,Miscellany,", 1993",Shred,8.80,7.41,1.39,12.144,4537,4717,675,503,3359,688.65,5.282,18.923,9.405,12.063,15.032,14.308,4.973,0.360,0.426
C:\YARG\Charts\CTH3DLC Pack 3\Various Artists - Acoustic Hell [Various Charters]\notes.chart,Acoustic Hell,Various Artists,Various Charters,", 2025",Acoustic,17.36,16.17,1.19,23.262,2842,2903,477,2365,0,197.38,13.124,32.465,19.901,22.350,29.753,26.274,13.073,1.025,0.054
C:\YARG\Charts\CTH3DLC Pack 3\Various Artists - hyphens Truest Solo Medley [guess]\notes.chart,hyphen's Truest Solo Medley,Various Artists,highfine,", 2025",Solo Medley,9.47,8.00,1.47,12.939,5030,5753,2091,1795,1144,539.66,6.545,21.627,10.154,12.290,17.494,15.606,6.235,1.337,0.227
C:\YARG\Charts\CTH3DLC Pack 3\Various Artists - Super Mario Series Medley [Atomic]\notes.chart,Super Mario Series Medley,Various Artists,Atomic,", 2024",Medley,6.21,4.09,2.12,7.400,23502,26422,12314,5373,5815,6082.78,3.305,17.395,5.169,7.100,10.370,9.379,2.997,0.808,0.460
"C:\YARG\Charts\CTH3DLC Pack 3\Various Memers - EMR,BCYPD,D,DtSB\Various Memers - EMR,BCYPD,D,DtSB_\notes.chart",,,,,rock,15.91,14.49,1.42,21.231,3283,5119,1405,633,1245,321.92,8.806,36.408,13.941,19.667,32.692,28.129,8.428,1.790,0.372
C:\YARG\Charts\CTH3DLC Pack 3\Venturia - Candle Of Hope Through A Night Of Fears [Jarvis9999]\notes.chart,Candle Of Hope Through A Night Of Fears,Venturia,Jarvis9999,", 2006",Progressive Metal,7.49,6.39,1.10,10.737,1734,2323,927,379,428,363.24,4.215,28.625,6.947,9.763,17.271,14.397,3.825,0.746,0.508
C:\YARG\Charts\CTH3DLC Pack 3\VHS Head - The Violent Breed Neon Mix [Stickheadz32]\notes.chart,The Violent Breed Neon Mix,VHS Head,Stickheadz32,", 2015",Vapor Glitch Hop,10.07,8.96,1.12,14.219,1734,2418,802,549,383,268.04,8.328,22.886,11.928,13.921,17.224,16.250,8.143,1.498,1.210
C:\YARG\Charts\CTH3DLC Pack 3\Village People - In the Navy [jdurandTV]\notes.chart,,,,,rock,6.18,5.31,0.86,9.206,1000,1251,442,18,540,219.84,4.443,14.076,7.340,9.007,11.367,10.902,4.100,0.652,0.410
C:\YARG\Charts\CTH3DLC Pack 3\Virgil Donati - The Crack (Stickheadz32)\notes.chart,The Crack,Virgil Donati,Stickheadz32,", 2019",Jazz Fusion,6.80,5.85,0.95,9.968,1555,1588,217,706,632,224.36,5.415,21.130,8.100,9.334,13.390,12.019,5.256,0.422,0.335
"C:\YARG\Charts\CTH3DLC Pack 3\Virtual Riot - Simulation - VIP [Atomic, Khromatical]\notes.chart",Simulation - VIP,Virtual Riot,"Atomic, KhromaticScale",", 2024",Electronic,12.85,11.74,1.11,17.821,1894,2383,645,260,989,244.97,7.174,33.278,11.586,16.074,28.161,24.376,6.756,1.406,0.756
C:\YARG\Charts\CTH3DLC Pack 3\Vitalij Kuprij - Forward And Beyond [3-UP]\notes.chart,Forward And Beyond,Vitalij Kuprij,Necrobones Gaming,", 2006",Neoclassical Metal,10.41,9.25,1.16,14.603,2696,2704,203,683,1810,336.09,5.939,25.070,9.963,13.975,20.642,18.794,5.813,0.237,0.290
C:\YARG\Charts\CTH3DLC Pack 3\Vivid Dark - Daedalus [Chemfinal]\notes.chart,,,,,rock,10.32,9.20,1.12,14.548,2407,2409,541,872,994,213.82,7.714,23.693,10.890,13.769,20.835,17.727,7.282,0.884,0.158
"C:\YARG\Charts\CTH3DLC Pack 3\Voodoo Gods -  Lion's Reign, Enter The Lion's Realm (feat. David Shankle) [jdurandTV]\notes.chart",,,,,rock,7.62,6.37,1.25,10.704,2923,3395,2150,662,111,349.12,5.208,17.885,8.535,10.476,13.709,12.427,4.427,1.828,0.167
C:\YARG\Charts\CTH3DLC Pack 3\Vorpal Nomad - London Is Burning [jdurandTV]\notes.chart,London Is Burning,Vorpal Nomad,jdurandTV,,Speed Metal,9.67,8.59,1.08,13.732,2203,2203,1802,378,23,179.99,7.414,33.775,10.540,13.179,17.874,16.895,6.992,2.167,0.020
C:\YARG\Charts\CTH3DLC Pack 3\Vulfpeck - It Gets Funkier IV (feat. Louis Cole) [jdurandTV]\notes.chart,,,,,rock,9.80,8.76,1.04,13.966,1359,1981,733,196,430,194.13,6.868,22.001,10.806,13.675,18.038,16.536,6.690,1.333,0.203
C:\YARG\Charts\CTH3DLC Pack 3\Waffle Solo Medley 2 - Attack of the Pastries [jdurandTV & Friends]\notes.chart,,,,,rock,15.17,13.51,1.66,20.026,8771,8968,738,3433,4600,622.09,10.229,44.919,15.030,19.134,27.644,24.467,10.172,0.363,0.090
C:\YARG\Charts\CTH3DLC Pack 3\Waffle's Whimsical Solo Medley [jdurandTV & Friends]\notes.chart,,,,,rock,10.00,8.44,1.55,13.538,6890,6953,898,3022,2970,761.00,6.333,26.460,9.816,12.864,18.778,17.090,6.222,0.350,0.258
C:\YARG\Charts\CTH3DLC Pack 3\WillRock - 1337 MPH [3-UP & Aren Eternal]\notes.chart,1337 MPH,WillRock,Aren Eternal & 3-UP,", 2016",Progressive Chiptune,8.34,7.48,0.85,12.242,1207,1225,324,299,584,176.47,5.523,23.886,7.930,11.261,18.484,16.720,5.434,0.678,0.318
C:\YARG\Charts\CTH3DLC Pack 3\X Kirby - Dead Metal Cave [Jarvis9999]\notes.chart,Dead Metal Cave,X Kirby,Jarvis9999,", 2012",Soundtrack,17.02,16.08,0.94,23.158,1534,1542,715,368,451,163.05,8.610,64.831,12.115,17.367,48.629,37.255,8.512,0.935,0.208
C:\YARG\Charts\CTH3DLC Pack 3\Xenrox - Skyfall [Jarvis9999]\notes.chart,Skyfall,Xenrox,Jarvis9999,", 2021",Psytrance,18.55,16.94,1.61,24.191,7411,7872,745,1314,5352,387.82,14.051,40.059,19.728,23.454,30.173,28.439,13.973,0.827,0.053
C:\YARG\Charts\CTH3DLC Pack 3\XI - Over the Top [jdurandTV]\notes.chart,,,,,rock,10.21,9.02,1.19,14.301,2410,2887,181,46,2183,256.65,7.526,21.972,11.385,13.969,18.086,16.800,7.248,0.384,0.338
C:\YARG\Charts\CTH3DLC Pack 3\Ybros Shredding 2023 [Chemfinal & OrangeHat]\notes.chart,,,,,rock,11.07,9.95,1.12,15.526,2392,2446,437,1513,442,239.05,7.821,23.301,11.815,15.053,20.270,18.856,7.730,0.662,0.243
C:\YARG\Charts\CTH3DLC Pack 3\Yngwie Malmsteen - Blue Lightning [jdurandTV]\notes.chart,,,,,rock,9.39,8.28,1.11,13.314,2338,2375,323,1862,153,287.53,6.158,22.690,9.550,12.529,19.095,16.896,5.805,0.283,0.498
C:\YARG\Charts\CTH3DLC Pack 3\Yo Onityan - Don_t Stop Believing [JRabes] [CTH3-DLC]\notes.chart,Don't Stop Be-What the fuck?,Yo Onityan,JRabes,", 2016",Not Human,10.43,9.86,0.57,15.411,542,543,27,515,0,36.49,9.576,18.655,13.694,15.114,17.526,17.169,9.532,0.209,0.214
C:\YARG\Charts\CTH3DLC Pack 3\Yousei Teikoku - Zetsu [Spachi]\notes.chart,Zetsu,Yousei Teikoku,Spachi,", 2020",Gothic Metal,7.62,6.65,0.97,11.093,1495,1663,703,609,183,219.51,5.555,17.280,9.001,11.010,13.353,12.765,5.006,1.256,0.427
C:\YARG\Charts\CTH3DLC Pack 3\Zahran Worrell - Princess of the Eternal Night [3-UP]\notes.chart,Princess of the Eternal Night,Zahran Worrell,3-UP,", 2023",Chiptune,9.40,8.19,1.21,13.199,2961,3008,460,1657,844,318.98,7.753,17.873,11.325,13.047,15.325,14.822,7.662,0.441,0.203
"C:\YARG\Charts\CTH3DLC Pack 3\Zebrahead - We_re Not a Cover Band, We_re a Tribute Band [JRabes] [CTH3DLC]\notes.chart","We're Not a Cover Band, We're a Tribute Band",Zebrahead,JRabes,", 2008",Punk,8.04,6.95,1.08,11.517,1470,2226,1041,258,171,221.37,4.094,25.268,7.495,10.349,18.225,15.817,3.469,1.046,0.214
C:\YARG\Charts\Guitar Hero - Metallica\Metallica - Sad But True\notes.chart,,,,,,4.73,3.89,0.84,7.095,1082,1192,785,297,0,318.80,2.929,11.125,5.075,7.168,9.104,8.454,2.450,0.777,0.337
C:\YARG\Charts\Misc\Ai Miyashita - Saikou Heart (Anime Version) (Mason Sparkle)\notes.chart,Saikou Heart,,,,rock,2.86,2.43,0.43,4.793,226,335,110,7,109,96.00,2.224,9.584,3.220,4.660,6.910,6.000,1.527,0.567,1.012
C:\YARG\Charts\Misc\Exilelord - Soulless (Exilelord)\notes.chart,Soulless,ExileLord,, ,,13.24,11.92,1.32,18.046,3579,4000,1558,2021,0,349.53,9.110,25.995,14.800,17.944,21.537,20.587,8.719,1.295,0.370
C:\YARG\Charts\Misc\Exilelord - Soulless 2 (Exilelord)\notes.chart,Soulless 2,ExileLord,, ,,18.92,17.66,1.25,25.045,2902,3397,1021,1881,0,271.68,10.762,51.615,18.975,24.435,31.791,30.632,10.428,1.121,0.433
C:\YARG\Charts\Misc\Exilelord - Soulless 3 (Exilelord)\notes.chart,Soulless 3 Redux,ExileLord,, ,,15.12,13.79,1.33,20.371,3999,4066,1178,936,1885,332.99,8.859,32.108,14.700,20.151,26.636,24.825,8.692,0.951,0.107
C:\YARG\Charts\Misc\ExileLord - Soulless 4 (ExileLord)\notes.chart,Soulless 4,ExileLord,"ExileLord, Plumato, Blue",,Murder,18.20,16.48,1.72,23.640,9005,10295,3752,1817,3436,736.80,10.935,40.050,17.978,22.608,31.794,28.962,10.570,1.351,0.214
C:\YARG\Charts\Misc\ExileLord - Soulless 5 (Various)\notes.chart,Soulless 5,ExileLord,Various,", 2018",Suffering,16.76,14.96,1.80,21.807,10699,12308,3832,2555,4312,989.54,9.783,43.952,15.670,20.524,30.992,27.773,9.603,1.118,0.311
C:\YARG\Charts\Misc\Soap Saloon\notes.chart,Soap Saloon,MASAWORKS,Python,,cursed,13.27,12.51,0.76,18.782,550,952,328,22,200,76.77,9.292,27.815,15.675,18.686,22.290,21.129,9.236,1.245,0.391
C:\YARG\Charts\Paradigm\Paradigm - Tier 01\Alan Walker - Alone\notes.chart,Alone,Alan Walker,FrostedGH,", 2018",Electronic Pop,6.65,6.03,0.62,10.225,401,636,213,54,134,154.95,4.424,14.769,8.234,9.898,13.241,11.939,4.254,0.378,0.483
C:\YARG\Charts\Paradigm\Paradigm - Tier 01\Breaking Benjamin - Blood\notes.chart,Blood,Breaking Benjamin,FrostedGH,", 2018",Metal,4.61,3.82,0.79,6.995,640,1024,404,88,148,185.97,3.782,9.879,5.726,6.971,8.516,7.874,3.155,0.946,1.046
C:\YARG\Charts\Paradigm\Paradigm - Tier 01\Evanescence - My Immortal\notes.chart,My Immortal,Evanescence,<color=#DAA520>FrostedGH</color>,", 2000",rock,2.55,1.82,0.73,3.774,649,865,43,29,577,256.45,2.116,7.518,3.051,3.682,4.703,4.421,1.576,0.040,1.100
C:\YARG\Charts\Paradigm\Paradigm - Tier 01\Kevin Sherwood+Maluka - Where Are We Going\notes.chart,Where Are We Going?,Kevin Sherwood & Maluka,FrostedGH,", 2018",Orchestral,2.08,1.34,0.74,2.929,463,893,0,0,463,262.56,1.769,3.620,2.867,2.876,3.099,3.041,0.641,0.096,1.243
C:\YARG\Charts\Paradigm\Paradigm - Tier 01\Shinedown - Cut the Cord\notes.chart,Cut the Cord,Shinedown,HeatherTheHusky,", 2015",Rock,2.99,2.18,0.81,4.376,876,1085,753,86,37,219.21,2.306,6.465,2.963,4.562,5.349,5.238,1.805,1.157,0.292
C:\YARG\Charts\Paradigm\Paradigm - Tier 02\CFO$ - Catch Your Breath\notes.chart,Catch Your Breath,CFO$,FrostedGH,", 2014",Dark Instrumental,4.10,3.58,0.52,6.630,419,462,351,68,0,140.48,2.597,9.200,4.890,6.510,8.735,8.024,2.148,0.904,0.301
C:\YARG\Charts\Paradigm\Paradigm - Tier 02\Gott mit uns - Sabaton\notes.chart,Gott Mit Uns,Sabaton,HeatherThePuppy,", 2012",Power Metal,5.29,4.62,0.68,8.186,747,749,491,230,26,192.15,3.725,11.526,5.879,8.319,10.364,9.684,3.538,0.867,0.501
C:\YARG\Charts\Paradigm\Paradigm - Tier 02\Jonathan Young & Lee Albrecht - Zombie\notes.chart,Zombie,Jonathan Young & Lee Albrecht,FrostedGH,", 2019",Metal,4.34,3.57,0.78,6.601,910,1001,501,75,334,264.94,2.874,8.342,5.270,6.516,7.897,7.807,2.772,0.431,0.125
"C:\YARG\Charts\Paradigm\Paradigm - Tier 02\Powerwolf - Die, Die, Crucified\notes.chart","Die, Die, Crucified",Powerwolf,HeatherTheHusky,", 2011",Metal,4.82,4.18,0.65,7.530,514,686,404,99,11,174.79,3.822,12.249,5.883,7.545,9.252,8.696,3.307,0.878,0.963
C:\YARG\Charts\Paradigm\Paradigm - Tier 02\Unbreakable - Fireflight\notes.chart,Unbreakable,Fireflight,HeatherTheHusky,", 2004",Rock,4.09,3.33,0.76,6.241,635,953,484,147,4,189.67,3.633,10.774,4.975,6.134,7.957,7.204,3.060,0.844,1.226
C:\YARG\Charts\Paradigm\Paradigm - Tier 03\Frontline - Pillar\notes.chart,Frontline,Pillar,HeatherTheHusky,", 2008",Rock,5.71,4.74,0.97,8.366,926,1679,827,95,4,189.40,4.203,14.509,6.652,8.463,10.020,9.462,3.847,1.437,0.201
C:\YARG\Charts\Paradigm\Paradigm - Tier 03\Ghost - Square Hammer\notes.chart,Square Hammer,Ghost B.C.,FrostedGH,", 2016",Doom Metal,4.37,3.52,0.85,6.532,886,1212,725,39,122,232.12,3.263,11.437,4.925,6.321,8.717,7.924,2.933,0.989,0.415
C:\YARG\Charts\Paradigm\Paradigm - Tier 03\Shaman's Harvest - Broken Dreams\notes.chart,Broken Dreams,Jim Johnston (ft. Shaman's Harvest),FrostedGH,", 2010",rock,4.21,3.36,0.85,6.279,802,1231,593,194,15,285.79,3.199,10.061,4.774,6.069,8.420,7.562,2.613,0.492,1.391
C:\YARG\Charts\Paradigm\Paradigm - Tier 03\Three Days Grace - World So Cold\notes.chart,World So Cold,Three Days Grace,FrostedGH,", 2009",Hard Rock,5.49,4.74,0.75,8.367,536,936,461,46,29,236.33,3.643,15.033,5.368,7.628,13.061,11.429,2.748,0.640,1.633
C:\YARG\Charts\Paradigm\Paradigm - Tier 03\Village C - Perfect World\notes.chart,Village C,Beijing Perfect World,HeatherTheHusky,", 2005",Ambience/Chinese,4.85,4.60,0.24,8.168,145,150,14,0,131,31.58,3.239,14.378,5.642,7.809,11.579,10.427,3.115,0.191,0.189
C:\YARG\Charts\Paradigm\Paradigm - Tier 04\Circus For a Psycho - Skillet\notes.chart,Circus For a Psycho,Skillet,HeatherTheHusky,", 2015",Rock,6.32,5.42,0.90,9.357,1012,1405,808,192,12,216.96,4.038,13.979,7.132,9.140,12.352,11.131,3.715,1.207,0.529
C:\YARG\Charts\Paradigm\Paradigm - Tier 04\GHOST DATA - Celestial Bodies\notes.chart,Celestial Bodies,GHOST DATA (feat. Jovani Occomy),Jarvis9999,", 2016",Electronic Dance,6.34,5.41,0.93,9.346,1256,1496,0,0,1256,282.32,5.852,10.085,8.806,9.256,10.084,9.853,4.966,0.071,0.942
C:\YARG\Charts\Paradigm\Paradigm - Tier 04\Keiichi Sugiyama - Everwinter\notes.chart,Everwinter,Keiichi Sugiyama,FrostedGH,", 2004",rock,6.03,5.39,0.64,9.309,631,683,53,431,147,156.22,4.077,11.950,7.995,9.275,10.775,10.297,3.740,0.107,0.609
C:\YARG\Charts\Paradigm\Paradigm - Tier 04\Paralyzer - Finger Eleven\notes.chart,Paralyzer,Finger Eleven,HeatherThePuppy,", 2007",Hard Rock,4.36,3.65,0.71,6.730,694,827,561,127,6,203.49,3.353,8.658,5.743,6.583,7.880,7.722,3.173,0.914,0.341
C:\YARG\Charts\Paradigm\Paradigm - Tier 04\Synth Battle Vs. SuccymcSuccerson\notes.chart,Synth Battle,SuccyMcSuccerson,SuccyMcSuccerson,", 7",rock,8.89,7.98,0.91,12.917,1099,1409,396,368,335,135.83,5.373,22.785,8.695,12.589,17.984,16.398,4.573,1.230,0.094
"C:\YARG\Charts\Paradigm\Paradigm - Tier 05\Escape the Fate - Live Fast, Die Beautiful\notes.chart","Live Fast, Die Beautiful",Escape The Fate,RaidenThePuppy,", 2013",Metalcore,5.10,4.11,0.99,7.431,1541,1743,1171,366,4,210.92,3.903,13.555,6.273,7.084,9.673,8.536,3.173,1.810,0.156
C:\YARG\Charts\Paradigm\Paradigm - Tier 05\I Want Out - Helloween\notes.chart,I Want Out,Helloween,HeatherTheHusky,", 1987",Rock,6.32,5.51,0.81,9.489,930,1092,706,74,150,275.77,3.859,18.850,5.946,8.772,15.176,12.684,3.391,0.599,0.719
C:\YARG\Charts\Paradigm\Paradigm - Tier 05\Metallica - Enter Sandman\notes.chart,Enter Sandman,Metallica,FrostedGH,", 1991",Metal,5.26,4.32,0.93,7.748,1262,1518,906,307,49,319.81,4.208,18.485,6.150,7.240,10.520,9.503,3.942,1.046,0.628
C:\YARG\Charts\Paradigm\Paradigm - Tier 05\Second & Sebring - Of Mice and Men\notes.chart,Second & Sebring,Of Mice and Men,HeatherTheHusky,", 2010",Metal,3.64,2.72,0.92,5.262,846,1468,812,7,27,220.61,2.452,11.415,3.800,4.936,7.027,6.939,1.382,1.239,0.592
C:\YARG\Charts\Paradigm\Paradigm - Tier 05\Take What You Want\notes.chart,Take What You Want,Post Malone & Ozzy Osbourne,Hyperbola,,rock,3.96,3.24,0.71,6.100,835,836,614,221,0,218.84,3.710,9.828,4.794,5.950,7.803,7.219,3.286,0.661,1.069
C:\YARG\Charts\Paradigm\Paradigm - Tier 06\BGH Music - Best Of Impossible Remix 2018\notes.chart,Best of Impossible Remix (2018),BGH Music,FrostedGH,", 2018",Piano,3.64,2.72,0.91,5.271,1020,1439,0,0,1020,305.52,2.737,10.179,3.925,5.148,6.858,6.434,2.110,0.126,1.353
C:\YARG\Charts\Paradigm\Paradigm - Tier 06\Burn MF - Five Finger Death Punch\notes.chart,Burn MF,Five Finger Death Punch,HeatherThePuppy,", 2013",Metal,7.60,6.60,1.00,11.027,1377,1789,1315,62,0,213.00,6.599,14.407,10.228,10.724,12.382,12.030,6.234,2.628,0.499
C:\YARG\Charts\Paradigm\Paradigm - Tier 06\Killswitch Engage - This Fire Burns\notes.chart,This Fire Burns,Killswitch Engage,FrostedGH,", 2006",Metal,8.46,7.45,1.00,12.202,993,1817,817,93,83,169.66,5.277,19.708,9.935,11.870,15.549,14.108,4.880,1.596,0.175
C:\YARG\Charts\Paradigm\Paradigm - Tier 06\Renaissance\notes.chart,Renaissance,Wide Eyes,Hyperbolium,", 2015",Metal,5.51,4.53,0.98,8.057,1495,1724,800,695,0,260.00,4.801,11.546,6.645,7.917,9.897,9.215,4.511,0.991,0.312
C:\YARG\Charts\Paradigm\Paradigm - Tier 06\The Calling - All That Remains\notes.chart,This Calling,All That Remains,HeatherThePuppy,", 2006",Progressive Metal,7.82,6.81,1.01,11.319,1173,1827,1094,54,25,213.75,5.006,17.302,7.833,11.158,15.754,13.823,3.921,2.166,0.826
C:\YARG\Charts\Paradigm\Paradigm - Tier 07\Danny Johnson - Into Thin Air\notes.chart,Into Thin Air,The Danny Johnson Band,FrostedGH,", 2012",Instrumental,4.80,3.94,0.86,7.169,1241,1249,773,464,4,383.42,3.259,13.893,4.965,6.859,10.310,9.053,3.043,0.457,0.941
C:\YARG\Charts\Paradigm\Paradigm - Tier 07\Disturbed - The Best Ones Lie\notes.chart,The Best Ones Lie,Disturbed,FrostedGH,", 2018",Metal,8.80,7.79,1.01,12.654,1045,1867,873,36,136,237.87,5.664,18.915,10.653,12.176,15.562,14.774,5.104,1.154,0.970
C:\YARG\Charts\Paradigm\Paradigm - Tier 07\Faithless - Black Veil Brides\notes.chart,Faithless,Black Veil Brides,HeatherThePuppy,", 2014",Metal,7.49,6.41,1.07,10.764,1719,2177,1465,112,142,282.18,5.484,20.484,8.174,9.799,16.832,13.139,4.882,1.911,0.372
C:\YARG\Charts\Paradigm\Paradigm - Tier 07\Jesus Slaves - Bad Wolves\notes.chart,Jesus Slaves,Bad Wolves,HeatherTheHusky,", 2018",Djent Metal,6.19,5.25,0.94,9.105,1368,1543,1118,249,1,214.66,5.170,15.868,7.364,8.767,12.163,10.511,4.530,2.377,0.328
C:\YARG\Charts\Paradigm\Paradigm - Tier 07\Top of the World 2 - Stephen Walking\notes.chart,Top of the World 2,Stephen Walking,HeatherTheHusky,", 2014",EDM,6.77,5.83,0.94,9.944,1062,1534,720,254,88,207.46,4.895,19.620,6.629,9.064,14.993,13.545,4.657,1.253,0.347
C:\YARG\Charts\Paradigm\Paradigm - Tier 08\Arion - Seven\notes.chart,Seven,Arion,FrostedGH,", 2014",Symphonic Metal,6.68,5.68,1.00,9.723,1407,1804,1262,78,67,291.91,4.592,17.533,7.028,9.103,13.385,12.657,3.566,1.204,0.771
C:\YARG\Charts\Paradigm\Paradigm - Tier 08\Dream Theater - Untethered Angel\notes.chart,Untethered Angel,Dream Theater,Jarvis9999,", 2019",Progressive Metal,7.16,6.07,1.09,10.287,1812,2236,1351,207,254,359.31,5.190,15.134,8.617,9.882,12.580,12.140,4.836,1.092,0.430
C:\YARG\Charts\Paradigm\Paradigm - Tier 08\Full Tank\notes.chart,Full Tank,Paul Gilbert,Hyperbola,", 2006",rock,7.94,6.87,1.07,11.401,1805,2139,978,827,0,313.92,5.366,20.760,7.941,10.770,16.829,14.431,5.065,1.171,0.516
C:\YARG\Charts\Paradigm\Paradigm - Tier 08\Gloryhammer - Gloryhammer\notes.chart,Gloryhammer,Gloryhammer,HeatherTheHusky,", 2019",Power Metal,8.44,7.38,1.07,12.097,1487,2124,960,76,451,294.95,5.244,24.359,8.334,12.245,16.190,14.419,4.335,1.407,0.526
C:\YARG\Charts\Paradigm\Paradigm - Tier 08\Synth Battle vs Hyper\notes.chart,Synth Battle vs. Hyperbolium,Hyperbolium,Hyperbolium,", 2019",rock,9.78,8.83,0.95,14.054,1478,1593,294,807,377,190.04,7.162,24.896,10.827,13.337,19.239,17.110,7.111,0.366,0.348
C:\YARG\Charts\Paradigm\Paradigm - Tier 09\Berried Alive - Ancient Skies\notes.chart,Ancient Skies,Berried Alive,Jarvis9999,", 2016",rock,7.70,6.58,1.12,10.996,2383,2435,1527,454,402,493.36,4.201,20.675,7.781,11.131,13.888,13.266,3.484,1.131,0.504
C:\YARG\Charts\Paradigm\Paradigm - Tier 09\laamaa - nuri brut\notes.chart,nuri brut,laamaa,Jarvis9999,", 2019",Chiptune,7.30,6.64,0.66,11.088,704,704,234,173,297,142.14,3.948,19.545,5.430,11.093,16.808,15.288,3.894,0.546,0.212
C:\YARG\Charts\Paradigm\Paradigm - Tier 09\Sink or Swim - Falling In Reverse\notes.chart,Sink or Swim,Falling In Reverse,HeatherTheHusky,", 2010",Metalcore,7.34,6.17,1.17,10.427,2435,2751,388,230,1817,281.20,4.703,14.150,8.370,10.185,12.940,12.284,4.210,0.598,0.137
C:\YARG\Charts\Paradigm\Paradigm - Tier 09\Struggle Lovers - IRONBUNNY\notes.chart,Struggle Lover,IRONBUNNY,HeatherTheHusky,", 2019",Kawaii Metal,6.25,5.31,0.94,9.193,1312,1537,682,407,223,208.73,5.343,13.019,7.774,8.803,11.498,10.694,5.024,1.427,0.616
C:\YARG\Charts\Paradigm\Paradigm - Tier 09\Virt - Bedtime Story\notes.chart,Bedtime Story,Virt,Jarvis9999,", 2006",Chiptune,9.12,8.21,0.90,13.228,1350,1405,636,581,133,207.27,6.627,25.949,10.505,12.782,17.002,15.748,6.537,0.910,0.200
C:\YARG\Charts\Paradigm\Paradigm - Tier 10\Alter Bridge - Metalingus\notes.chart,Metalingus,Alter Bridge,FrostedGH,", 2004",Metal,8.55,7.46,1.10,12.207,1347,2292,862,451,34,255.70,5.269,21.224,7.289,11.092,20.021,16.954,4.729,1.296,0.806
C:\YARG\Charts\Paradigm\Paradigm - Tier 10\Little Tybee - More Like Jason\notes.chart,More Like Jason,Little Tybee,FrostedGH,", 2016",Folk,5.53,4.61,0.91,8.179,1204,1440,578,288,338,238.46,3.490,12.038,6.099,8.052,10.636,9.837,3.078,0.833,0.526
C:\YARG\Charts\Paradigm\Paradigm - Tier 10\Shipwrecked (Drop Goblin Remix) - Alestorm\notes.chart,Shipwrecked (Drop Goblin Remix),Alestorm,HeatherThePuppy,", 2013",Pirate Dubstep,6.05,5.09,0.96,8.877,1224,1614,652,117,455,244.09,3.989,18.252,5.490,7.493,15.395,12.966,3.316,1.281,0.650
C:\YARG\Charts\Paradigm\Paradigm - Tier 10\Sixx_A.M. - Stars\notes.chart,Stars,Sixx:A.M.,FrostedGH,", 2014",Electronic Rock,8.03,6.85,1.17,11.379,1537,2786,612,2,923,224.52,3.991,21.092,6.255,9.969,19.031,17.129,3.705,0.570,0.104
C:\YARG\Charts\Paradigm\Paradigm - Tier 10\Sons Of Apollo - Signs Of The Time\notes.chart,Signs Of The Time,Sons Of Apollo,Jarvis9999,", 2017",Metal,5.82,4.70,1.11,8.314,2079,2394,953,419,707,397.51,3.403,19.000,5.546,7.740,12.580,10.932,3.036,0.972,0.308
C:\YARG\Charts\Paradigm\Paradigm - Tier 11\AAAA & Umeboshi Chazuke - Sayonara Cosmonaut\notes.chart,Sayonara Cosmonaut,AAAA & Umeboshi Chazuke,Jarvis9999,", 2017",Happy Hardcore,9.34,8.48,0.86,13.588,1087,1244,412,291,384,154.20,5.872,21.914,9.499,13.138,19.238,16.885,5.675,1.022,0.335
C:\YARG\Charts\Paradigm\Paradigm - Tier 11\Fearofdark - There'll Always Be Next Year\notes.chart,There'll Always Be Next Year,Fearofdark,Jarvis9999,,rock,8.31,7.41,0.91,12.141,1361,1408,555,293,513,243.13,4.798,20.746,8.134,12.214,16.095,15.011,4.633,0.777,0.402
C:\YARG\Charts\Paradigm\Paradigm - Tier 11\Mental Prolapse - Rings of Saturn\notes.chart,Mental Prolapse,,,,rock,11.95,10.84,1.10,16.677,2233,2325,1097,827,309,270.70,7.484,29.322,11.700,16.086,23.244,20.947,7.281,0.977,0.071
C:\YARG\Charts\Paradigm\Paradigm - Tier 11\Mr. Fastfinger - Tapping Boogie\notes.chart,Tapping Boogie,Mr. Fastfinger,Jarvis9999,", 2009",Shred,14.09,13.19,0.90,19.631,1371,1395,261,282,828,145.83,7.601,33.345,10.776,18.260,31.839,27.682,7.401,0.675,0.199
C:\YARG\Charts\Paradigm\Paradigm - Tier 11\Tattered Banners and Bloody Flags - Amon Amarth\notes.chart,Tattered Banners and Bloody Flags,Amon Amarth,HeatherTheHusky,", 2008",Melodic Death Metal,4.20,3.04,1.16,5.785,2641,2683,2531,110,0,253.56,3.715,7.274,4.891,5.709,6.853,6.540,3.128,2.119,0.007
C:\YARG\Charts\Paradigm\Paradigm - Tier 12\Asleep Droid - Dithering\notes.chart,Dithering,Asleep Droid,Jarvis9999,", 2015",Chiptune,13.58,12.52,1.07,18.797,2049,2123,144,29,1876,189.29,7.223,30.323,15.612,17.595,24.810,22.477,6.906,0.520,0.218
C:\YARG\Charts\Paradigm\Paradigm - Tier 12\Infected Mushroom - The Pretender\notes.chart,The Pretender,Infected Mushroom,,,rock,12.30,10.99,1.32,16.859,3340,3937,954,211,2175,385.83,7.397,27.108,11.252,16.302,23.423,21.839,7.235,0.623,0.223
C:\YARG\Charts\Paradigm\Paradigm - Tier 12\Journey\notes.chart,Journey,Jarvis9999,Jarvis9999,", 2019",Chiptune,7.56,6.41,1.16,10.756,2638,2658,565,1152,921,332.92,5.947,16.065,8.893,10.637,13.042,12.211,5.903,0.605,0.060
C:\YARG\Charts\Paradigm\Paradigm - Tier 12\Spazzmatica Polka - Kevin MacLeod\notes.chart,Spazzmatica Polka,Kevin MacLeod,HeatherTheHusky,", 2014",Meme,11.44,10.55,0.89,16.305,1337,1343,14,28,1295,95.86,8.448,19.323,14.140,16.101,18.801,18.221,7.562,1.734,0.000
C:\YARG\Charts\Paradigm\Paradigm - Tier 12\Synth Battle vs PixelGH\notes.chart,Synth Battle vs. PixelGH,PixelGH,PixelGH,", 2019",Metal,18.80,17.69,1.11,25.078,2148,2383,270,951,927,147.47,11.546,42.050,19.215,24.689,31.350,30.146,11.113,0.535,0.307
C:\YARG\Charts\Paradigm\Paradigm - Tier 13\AXS Solo Medley\notes.chart,AXS Solo Medley,AXS,AXS (FrostedGH),", 2019",EDM,19.60,17.99,1.61,25.429,7617,7910,397,726,6494,493.97,13.382,41.040,20.531,24.278,33.638,30.037,13.323,0.224,0.216
C:\YARG\Charts\Paradigm\Paradigm - Tier 13\I won't see you tonight\notes.chart,I Won't See You Tonight,Avenged Sevenfold,Hyperbolium,", 2003",Prog Rock,6.43,5.07,1.36,8.850,3222,4403,2487,314,421,814.71,3.460,19.503,6.307,8.387,12.766,11.114,2.987,0.831,0.331
C:\YARG\Charts\Paradigm\Paradigm - Tier 13\Lies\notes.chart,Lies,Francesco Fareri,Hyperbolium,,rock,9.76,8.48,1.28,13.584,3633,3637,631,2616,386,390.94,6.256,27.855,10.193,12.930,18.361,16.907,6.067,0.541,0.281
C:\YARG\Charts\Paradigm\Paradigm - Tier 13\Monster (DOTEXE Remix)\notes.chart,Monster (DOTEXE Remix),Meg & Dia,Hyperbolium,", 2011",rock,10.37,9.27,1.10,14.630,2067,2311,800,545,722,219.32,9.383,26.068,12.836,14.248,17.041,16.526,9.353,0.918,0.388
C:\YARG\Charts\Paradigm\Paradigm - Tier 13\Phonetic Hero - PUBSTEP\notes.chart,PUBSTEP,Phonetic Hero,Jarvis9999,", 2015",Celtic Dubstep,6.97,6.01,0.95,10.203,1429,1599,758,412,259,226.08,4.783,24.248,7.544,9.436,14.240,13.235,4.301,1.807,0.213
C:\YARG\Charts\Paradigm\Paradigm - Tier 14\Bobo\notes.chart,Bobo,Venetian Snares,,,electronic,11.02,10.03,0.99,15.631,1329,1746,768,209,352,229.26,6.833,23.003,12.763,15.306,19.499,18.012,6.547,1.319,0.293
C:\YARG\Charts\Paradigm\Paradigm - Tier 14\ETERNAL NOW\notes.chart,ETERNAL NOW,LSDREAM & Champagne Drip,Hyperbolium,", 2019",ambient,10.68,9.67,1.01,15.163,1731,1845,356,82,1293,235.05,6.133,27.792,11.763,13.836,22.563,18.699,4.958,1.663,0.847
C:\YARG\Charts\Paradigm\Paradigm - Tier 14\Exilelord Solo Medley\notes.chart,Exilelord Solo Medley,Exilelord,Exilelord (FrostedGH),", 2019",Doom Electronic,16.74,15.25,1.49,22.154,5328,5991,1883,2029,1416,458.45,9.574,49.440,16.299,21.760,28.871,27.001,9.293,1.130,0.196
C:\YARG\Charts\Paradigm\Paradigm - Tier 14\Kuroma - Field Kaerezu no Chi\notes.chart,Field: Kaerezu no Chi,Kuroma,Jarvis9999,", 2016",you tell me at this point,9.73,8.79,0.93,14.005,1201,1509,554,311,336,189.65,6.069,19.487,9.888,14.248,17.683,16.765,5.661,0.832,0.467
C:\YARG\Charts\Paradigm\Paradigm - Tier 14\Press Start - MDK\notes.chart,Press Start,MDK,Aren Eternal,", 2015",Electronic,11.25,10.17,1.08,15.810,1814,2192,385,97,1332,206.11,8.260,27.855,11.868,14.963,21.373,19.862,8.127,0.791,0.620
C:\YARG\Charts\Paradigm\Paradigm - Tier 15\Bum cover\notes.chart,bum (cover),Preb ft. PixelGH,PixelGH,,rock,11.67,10.26,1.41,15.924,4556,4973,544,2832,1180,428.82,9.434,18.760,14.370,15.800,17.760,17.225,9.249,0.715,0.324
C:\YARG\Charts\Paradigm\Paradigm - Tier 15\Metea11 Solo Medley\notes.chart,Metea11 Solo Medley,Metea11,Metea11 (<color=#DAA520>FrostedGH</color>),", 2019",Electronic,22.33,20.83,1.51,28.727,6100,6250,1126,1796,3178,410.47,12.183,45.585,19.008,27.345,41.607,37.545,11.988,0.869,0.110
C:\YARG\Charts\Paradigm\Paradigm - Tier 15\Paradigm\notes.chart,Paradigm,Leslie Wai,Hyperbolium,", 2015",Dance/Electronic,8.55,7.32,1.23,12.024,3085,3182,1213,1017,855,435.46,5.396,23.016,9.152,11.790,15.446,14.432,5.225,1.126,0.505
C:\YARG\Charts\Paradigm\Paradigm - Tier 15\Rob Scallon - Taking Pick Scraping Too Far\notes.chart,Taking Pick Scraping Too Far,Rob Scallon,Jarvis9999,,rock,13.32,12.10,1.22,18.276,2984,3132,2569,415,0,198.87,6.624,34.305,10.229,17.473,28.461,25.050,4.747,2.250,0.393
C:\YARG\Charts\Paradigm\Paradigm - Tier 15\Track on Fire\notes.chart,Track on Fire,Vitalij Kuprij,Hyperbolium,,rock,11.43,10.09,1.34,15.706,4100,4145,358,1342,2400,337.09,8.548,31.445,12.632,15.552,18.791,18.354,8.497,0.240,0.092
C:\YARG\Charts\Paradigm\Paradigm - Tier 16\Buckethead - Romero One Mind Any Weapon\notes.chart,Romero One Mind Any Weapon,Buckethead,Jarvis9999,", 2019",Buckethead??,9.69,8.26,1.43,13.292,4583,5197,1340,2073,1170,535.80,7.037,21.779,10.937,12.915,16.408,15.525,6.860,0.733,0.207
C:\YARG\Charts\Paradigm\Paradigm - Tier 16\Harsh Poetry - Diabarha\notes.chart,Harsh Poetry,Diabarha,HeatherTheHusky,", 2019",Splittercore,4.89,3.61,1.27,6.675,3334,3534,3186,20,128,493.10,3.185,13.416,4.834,6.199,9.635,8.567,1.455,2.061,0.290
C:\YARG\Charts\Paradigm\Paradigm - Tier 16\Noisia - Groundhog\notes.chart,Groundhog (Beat Juggle),NOISIA,Garrythemod,", 2008",Electronic,11.91,10.72,1.19,16.516,2059,2924,838,568,653,256.16,9.578,23.551,13.719,16.301,20.112,18.698,9.448,1.453,0.611
C:\YARG\Charts\Paradigm\Paradigm - Tier 16\Schmutz06 Solo Medley\notes.chart,Schmutz06 Solo Medley,Schmutz06,Schmutz06 (FrostedGH),", 2019",Electronic,22.05,20.38,1.66,28.219,8521,9004,620,5138,2763,546.91,14.266,50.755,22.100,27.279,36.549,33.818,14.190,0.381,0.101
C:\YARG\Charts\Paradigm\Paradigm - Tier 16\Synth Battle Vs DeadShadow\notes.chart,Synth Battle VS DeadShadow,DeadShadow,DeadShadow,", 2019",rock,19.90,18.63,1.26,26.181,3398,3480,465,538,2395,277.85,9.710,43.965,20.294,25.909,32.913,30.788,9.152,0.726,0.579
C:\YARG\Charts\Paradigm\Paradigm - Tier 17\Crazy Bus\notes.chart,Crazy Bus,Made In Venezuela,FrostedGH,", 2004",RNG,12.15,11.04,1.11,16.926,859,2358,859,0,0,143.00,11.852,23.426,14.886,16.506,20.079,18.847,11.847,0.895,0.018
C:\YARG\Charts\Paradigm\Paradigm - Tier 17\KRVKT- Nihilanth\notes.chart,Nihilanth,KRVKT,Jarvis9999,", 2017",Hardstep,20.67,19.42,1.25,27.105,3246,3370,249,27,2970,219.05,11.701,35.910,18.405,27.653,35.753,32.424,11.532,0.973,0.190
C:\YARG\Charts\Paradigm\Paradigm - Tier 17\Marc Andre Hamilion - Pop Music\notes.chart,Pop Music,Marc-Andre Hamelin,Hyperbola,", 1998",Piano,12.95,11.72,1.23,17.795,2155,3207,0,0,2155,208.11,7.192,31.424,10.494,16.611,27.929,24.521,7.174,0.067,0.068
C:\YARG\Charts\Paradigm\Paradigm - Tier 17\Mike Orlando - Changes\notes.chart,Changes,Mike Orlando,,,rock,19.57,18.27,1.29,25.763,3490,3709,635,1132,1723,313.10,9.872,42.035,16.430,25.497,35.776,33.023,9.595,0.791,0.304
C:\YARG\Charts\Paradigm\Paradigm - Tier 17\Sidney600 Solo Medley\notes.chart,Sidney600 Solo Medley,Sidney600,Sidney600 (FrostedGH),", 2019",rock,18.22,16.57,1.65,23.742,8071,8813,1170,2505,4396,568.85,10.425,41.940,17.559,22.702,32.580,29.389,10.314,0.601,0.108
C:\YARG\Charts\Paradigm\Paradigm - Tier 18\Dragonforce - Revolution Deathsquad\notes.chart,Revolution Deathsquad,Dragonforce,,", 2006",rock,12.21,10.83,1.38,16.665,4299,4570,1947,1043,1309,469.04,6.522,51.134,9.765,14.035,30.310,24.385,6.012,1.400,0.550
C:\YARG\Charts\Paradigm\Paradigm - Tier 18\Galneryus - Cry for the Dark\notes.chart,Cry for the Dark,Galneryus,FrostedGH,", 2007",Metal,14.76,13.56,1.20,20.093,2379,2955,1375,234,770,323.67,7.239,61.380,10.301,12.575,54.860,31.866,6.878,1.327,0.498
C:\YARG\Charts\Paradigm\Paradigm - Tier 18\OISHII - ONIGIRI FREEWAY\notes.chart,ONIGIRI FREEWAY,OISHII,Jarvis9999,", 2017",Chiptune,11.72,10.80,0.91,16.626,1416,1440,1127,101,188,168.43,7.993,36.266,11.301,14.249,29.546,22.173,7.800,2.565,0.128
C:\YARG\Charts\Paradigm\Paradigm - Tier 18\PixelGH Solo Medley\notes.chart,PixelGH Solo Medley,PixelGH,PixelGH (FrostedGH),", 2019",Electronic Bloopities,19.07,17.46,1.61,24.805,7304,7915,813,3075,3416,550.88,10.993,48.845,16.470,22.744,38.254,33.135,10.810,0.395,0.287
C:\YARG\Charts\Paradigm\Paradigm - Tier 18\Staple Tapeworms On My Penis\notes.chart,Staple Tapeworms on my Penis,Passenger Of Shit,Hyperbolium,,rock,13.90,12.73,1.18,19.056,2282,2815,1162,441,679,204.57,8.908,27.540,15.006,18.559,24.653,22.440,8.175,2.029,0.126
C:\YARG\Charts\Paradigm\Paradigm - Tier 19\Instant Reality - Chimera King\notes.chart,Chimera King,Instant Reality,Supradyke,", 2019",Suprawave,25.71,24.48,1.23,32.870,3109,3216,243,2,2864,183.77,14.635,64.989,30.511,31.995,34.523,36.958,14.591,0.402,0.174
C:\YARG\Charts\Paradigm\Paradigm - Tier 19\Killing With Fire - Ignition\notes.chart,Ignition,Killing With Fire,FrostedGH,", 2019",Dubstep,10.08,8.94,1.14,14.198,1735,2576,1197,393,145,239.81,5.629,24.054,10.042,13.724,19.432,17.846,5.070,1.618,0.493
C:\YARG\Charts\Paradigm\Paradigm - Tier 19\Soil the Stillborn\notes.chart,Soil the Stillborn,Infant Annihilator,Hyperbola,,rock,7.30,6.13,1.17,10.365,2297,2786,2157,140,0,235.88,5.468,16.759,8.674,10.120,12.569,11.929,4.506,2.579,0.321
C:\YARG\Charts\Paradigm\Paradigm - Tier 19\Soinhumane Solo Medley\notes.chart,Soinhumane Solo Medley,Soinhumane,Soinhumane (FrostedGH),", 2019",Electronic,24.69,22.97,1.72,31.172,9530,10243,1168,5228,3134,585.63,14.295,65.075,21.755,30.000,42.885,39.722,14.185,0.566,0.106
C:\YARG\Charts\Paradigm\Paradigm - Tier 19\The Triple T Terrorbyte Trance Techno Thing\notes.chart,The Triple T Terrorbyte Trance Techno Thing (Tx7),KungFuFurby,Jarvis9999,,rock,18.82,17.38,1.44,24.708,5096,5290,1443,1007,2646,402.76,10.080,33.300,18.505,25.002,31.105,28.602,9.699,0.712,0.192
C:\YARG\Charts\Paradigm\Paradigm - Tier 20\Hertz Devil - Apocynthion Drive\notes.chart,Apocynthion Drive,HertzDevil,Jarvis9999,", 2013",Chiptune,17.29,15.89,1.40,22.928,4451,4811,1152,456,2843,353.36,10.391,40.136,16.488,22.358,31.568,27.941,10.235,1.518,0.402
C:\YARG\Charts\Paradigm\Paradigm - Tier 20\Jarvis9999 Solo Medley\notes.chart,Jarvis9999 Solo Medley,Jarvis9999,Jarvis9999 (FrostedGH),", 2019",Chiptune,20.76,19.00,1.76,26.619,11136,11185,1779,740,8617,690.82,11.587,50.274,19.226,25.045,37.871,33.773,11.491,0.638,0.139
C:\YARG\Charts\Paradigm\Paradigm - Tier 20\Leaf - Calamity Fortune\notes.chart,Calamity Fortune,LeaF,Jarvis9999,", 2018",Glitchstep,15.00,13.62,1.38,20.171,3278,4556,2220,157,901,374.40,10.361,36.098,15.122,18.799,28.882,25.211,10.119,2.606,0.375
C:\YARG\Charts\Paradigm\Paradigm - Tier 20\Synth Battle vs. Zeppy\notes.chart,Synth Battle vs. Zeppy,Zeppy,Zeppy,", 2019",Drum & Bass,29.95,28.48,1.48,37.285,5443,5801,698,524,4221,309.00,16.249,69.309,24.550,34.328,61.044,47.978,16.201,0.431,0.005
C:\YARG\Charts\Paradigm\Paradigm - Tier 20\You Love Her Coz She's Dead - Dead End\notes.chart,Dead End,You Love Her Coz She's Dead,FrostedGH,", 2008",Electronic Insanity,23.82,22.47,1.35,30.607,4264,4264,0,0,4264,221.26,13.688,40.928,24.206,29.883,38.886,36.101,13.672,0.222,0.003
C:\YARG\Charts\Paradigm\Paradigm - Tier 21\Livewire\notes.chart,Livewire,Zef,Hyperbolium,", 2011",8-Bit Chiptune,15.74,14.29,1.45,20.992,5320,5412,978,920,3422,341.47,12.050,30.191,16.681,20.358,27.089,24.757,11.971,1.544,0.102
C:\YARG\Charts\Schmutz Discography - Feb 2024\12 Clusterfucks of Christmas\notes.chart,12 Clusterfucks of Christmas,Schmutz06,Schmutz06,", 2011",Christmas,18.80,17.57,1.23,24.934,3186,3187,577,2609,0,294.51,10.583,37.573,18.848,23.670,34.350,30.679,10.554,0.520,0.281
C:\YARG\Charts\Schmutz Discography - Feb 2024\42\notes.chart,42,Schmutz06,Schmutz06,", 2019",rock,8.13,7.22,0.92,11.878,1201,1452,728,463,10,116.79,6.470,18.273,8.237,11.690,16.115,14.733,5.922,2.997,0.040
C:\YARG\Charts\Schmutz Discography - Feb 2024\5 Golden Clusterfucks\notes.chart,Five Golden Clusterfucks,Schmutz06,Schmutz06,", 2019",Christmas,17.14,16.53,0.61,23.700,604,615,121,59,424,58.06,8.109,33.426,17.453,23.655,29.689,28.617,7.872,0.759,0.350
C:\YARG\Charts\Schmutz Discography - Feb 2024\ABCs\notes.chart,ABCs,Schmutz06,Schmutz06,", 2020",rock,11.47,10.73,0.75,16.526,323,913,323,0,0,76.69,6.459,29.289,10.569,16.206,23.741,21.086,6.249,1.853,0.034
C:\YARG\Charts\Schmutz Discography - Feb 2024\ABCs+\notes.chart,ABCs+,Schmutz06,Tears,", 2020",gof*yourself,29.62,29.22,0.40,38.095,288,301,0,0,288,8.05,24.689,41.697,35.091,37.882,41.235,40.760,24.651,0.479,0.032
C:\YARG\Charts\Schmutz Discography - Feb 2024\Black Hole\notes.chart,Black Hole,Schmutz06,Schmutz06,", 2011",Bleep Bloop,19.23,18.31,0.92,25.803,1313,1477,370,128,815,92.00,12.935,40.172,20.649,23.490,36.518,32.094,12.847,0.709,0.039
C:\YARG\Charts\Schmutz Discography - Feb 2024\Bonus Tracks - Schmutz\Acid Wolfpack\notes.chart,Acid Wolfpack,Coyote Kisses,Schmutz06,", 2020",fullcombo.net,9.40,8.36,1.04,13.433,1821,1968,974,82,765,320.17,5.138,20.634,7.628,13.770,19.170,17.063,4.741,1.310,0.471
C:\YARG\Charts\Schmutz Discography - Feb 2024\Bonus Tracks - Schmutz\Chad Kamikaze - Alts\notes.chart,Chad Kamikaze - Bonus Charts,Schmutz06,Schmutz06,", 2022",Kamikaze,64.09,63.04,1.05,72.300,2056,2056,0,0,2056,58.95,43.875,80.501,64.714,73.044,78.097,77.210,43.875,0.000,0.000
C:\YARG\Charts\Schmutz Discography - Feb 2024\Bonus Tracks - Schmutz\No More Memory - by Cyriak\notes.chart,No More Memory,Cyriak,Schmutz06,", 2020",fullcombo.net,6.58,5.62,0.97,9.637,1337,1665,1137,0,200,299.20,4.670,16.290,7.447,9.655,11.740,11.283,4.554,0.904,0.122
C:\YARG\Charts\Schmutz Discography - Feb 2024\Bonus Tracks - Schmutz\Patterns 5 - vocal free\notes.chart,Patterns 5 (vocal free),Schmutz06,CH Community,", 2020",Patterns,16.62,15.25,1.37,22.160,3722,4507,759,919,2044,428.34,8.268,53.708,15.300,21.065,31.417,28.568,8.104,0.520,0.119
C:\YARG\Charts\Schmutz Discography - Feb 2024\Bonus Tracks - Schmutz\Pictionary Theme\notes.chart,Pictionary Theme,Tim Follin,Schmutz06,", 1990",fullcombo.net,8.63,7.95,0.68,12.873,627,752,264,316,47,92.85,5.475,26.750,7.811,10.840,22.200,19.114,5.313,1.187,0.449
C:\YARG\Charts\Schmutz Discography - Feb 2024\Bonus Tracks - Schmutz\Rock It\notes.chart,Rock it,Hommarju,Schmutz06,", 2020",fullcombo.net,6.57,5.69,0.88,9.749,1103,1304,675,404,24,109.68,5.799,14.055,8.154,9.510,11.797,11.256,5.651,1.347,0.074
C:\YARG\Charts\Schmutz Discography - Feb 2024\Bonus Tracks - Schmutz\Silver Surfer Level 2 Theme\notes.chart,Silver Surfer Level 2 Theme,Tim Folin,Schmutz06,", 2011",8 Bit,9.03,8.21,0.81,13.232,1001,1094,227,137,637,101.05,7.232,18.234,11.250,13.271,14.990,14.743,6.967,0.642,0.253
C:\YARG\Charts\Schmutz Discography - Feb 2024\Bonus Tracks - Schmutz\Silver Surfer Theme\notes.chart,Silver Surfer Videogame Theme,Tim Follin,Schmutz06,", 2019",rock,10.42,9.68,0.74,15.169,893,893,250,344,299,96.67,6.945,22.158,11.344,14.990,19.688,18.097,6.811,0.562,0.318
C:\YARG\Charts\Schmutz Discography - Feb 2024\Bonus Tracks - Schmutz\Turbo BumbleBee\notes.chart,Turbo Bumblebee,Luis Moreno,Schmutz06,,Speed,16.00,15.34,0.66,22.266,709,723,56,653,0,45.33,13.437,28.275,17.550,22.405,26.855,25.551,13.390,0.371,0.155
C:\YARG\Charts\Schmutz Discography - Feb 2024\Bonus Tracks - Schmutz\Uber-Juice-Unfinished-(April-2011)-by-schmutz\notes.chart,Uber Juice Unfinished,Schmutz06,Schmutz06,,rock,16.87,15.58,1.30,22.552,3432,3752,727,2705,0,319.97,9.218,39.725,15.810,21.043,32.875,29.214,8.876,1.038,0.101
C:\YARG\Charts\Schmutz Discography - Feb 2024\Bonus Tracks - Schmutz\Ultimate Zoidberg - 50% Speed\notes.chart,Ultimate Zoidberg - 50% Speed,Schmutz06,Schmutz06,", 2020",Bleep Bloop,17.56,16.60,0.95,23.786,1211,1595,123,80,1008,54.68,12.813,30.424,19.800,23.603,27.225,27.461,12.555,0.464,0.141
C:\YARG\Charts\Schmutz Discography - Feb 2024\Chad Kamikaze\notes.chart,Chad Kamikaze,Schmutz06,Schmutz06,", 2022",Kamikaze,27.99,26.94,1.05,35.601,2056,2056,0,0,2056,58.95,21.879,39.915,31.725,35.820,38.858,38.326,21.879,0.000,0.000
C:\YARG\Charts\Schmutz Discography - Feb 2024\Chaos\notes.chart,Chaos,Schmutz06,Schmutz06,", 2019",GTFO,8.68,7.75,0.93,12.605,937,1504,590,212,135,117.33,6.820,20.155,9.879,12.308,16.424,14.770,6.041,2.272,1.082
C:\YARG\Charts\Schmutz Discography - Feb 2024\Chimnobyl\notes.chart,Chimnobyl,Schmutz06,Schmutz06,", 2020",fullcombo.net,15.37,14.18,1.19,20.849,2774,2893,393,448,1933,289.85,7.662,32.725,13.113,20.137,30.550,27.272,7.246,0.463,0.431
C:\YARG\Charts\Schmutz Discography - Feb 2024\Chord Problems\notes.chart,Chord Problems,Schmutz06,Schmutz06,", 2019",rock,17.76,16.94,0.82,24.185,803,1114,264,366,173,82.29,13.579,28.261,21.690,24.090,27.038,26.092,13.466,0.876,0.145
C:\YARG\Charts\Schmutz Discography - Feb 2024\Chord-BASTARD\notes.chart,Chord Bastard,Schmutz06,Schmutz06,", 2022",Chords,32.05,30.86,1.19,39.866,1464,2915,891,317,256,112.80,14.496,60.974,28.113,36.515,60.971,51.547,13.884,2.339,0.537
C:\YARG\Charts\Schmutz Discography - Feb 2024\CHORDZ\notes.chart,CHORDZ,Schmutz06,Schmutz06,", 2011",Bleep Bloop,8.50,7.54,0.96,12.326,952,1624,552,341,59,200.42,5.202,21.365,8.923,11.525,17.853,15.621,4.670,0.949,0.793
C:\YARG\Charts\Schmutz Discography - Feb 2024\CHORDZILLA\notes.chart,Chordzilla,Schmutz06,Schmutz06,", 2020",fullcombo.net,9.55,7.98,1.57,12.915,5003,7199,2863,907,1233,711.41,5.247,32.535,8.925,12.803,17.318,15.954,4.669,1.450,0.437
C:\YARG\Charts\Schmutz Discography - Feb 2024\Clusterfuck Canon\notes.chart,Clusterfuck Canon,Schmutz06,Schmutz06,", 2019",Christmas,14.09,13.28,0.80,19.750,989,1068,274,447,268,115.08,9.022,38.060,13.499,19.615,25.898,24.794,8.962,0.772,0.148
C:\YARG\Charts\Schmutz Discography - Feb 2024\Devil Disco 2\Notes.chart,Devil Disco 2 - 2019,Schmutz06,Schmutz06,", 2019",Rock,9.32,8.24,1.08,13.268,2031,2185,887,913,231,222.50,6.643,21.915,9.917,12.750,18.011,16.251,6.024,1.691,0.299
C:\YARG\Charts\Schmutz Discography - Feb 2024\El Zoido\notes.chart,El Zoido,Schmutz06,Schmutz06,", 2020",Zoidberg,37.09,36.38,0.70,45.731,812,812,23,0,789,23.58,30.725,53.312,40.707,46.015,50.833,48.820,30.719,0.543,0.000
C:\YARG\Charts\Schmutz Discography - Feb 2024\Fat Tony's Orders\notes.chart,Fat Tonys Orders,Schmutz06,Schmutz06,", 2019",rock,21.28,20.45,0.83,28.291,1021,1164,85,711,225,64.22,12.724,41.580,19.863,29.148,34.972,33.556,12.687,0.261,0.023
C:\YARG\Charts\Schmutz Discography - Feb 2024\Fat Tonys Disco\notes.chart,Fat Tonys Disco,Schmutz06,Schmutz06,,rock,8.49,7.70,0.79,12.542,1003,1026,535,372,96,168.55,5.680,21.479,8.303,12.290,17.438,15.958,5.559,0.974,0.078
C:\YARG\Charts\Schmutz Discography - Feb 2024\ge4ce\notes.chart,ge4ce,Schmutz06,Schmutz06,", 2011",Maximum Bleep Bloop,25.93,24.90,1.03,33.343,1900,1923,288,194,1418,126.03,13.005,62.244,21.662,30.655,53.738,43.794,12.654,0.778,0.366
C:\YARG\Charts\Schmutz Discography - Feb 2024\Intense Torture 2.0\Notes.chart,Intense torture,Schmutz06,jameslikecoulter,,rock,13.96,13.11,0.85,19.536,1223,1228,94,0,1129,104.87,10.215,26.181,15.574,19.328,24.109,22.668,10.065,0.151,0.177
C:\YARG\Charts\Schmutz Discography - Feb 2024\Judgement Day\notes.chart,Judgement Day,Schmutz06,Schmutz06,", 2019",rock,7.89,6.73,1.16,11.202,1950,2721,1158,412,380,337.68,4.257,19.950,7.299,10.350,16.470,15.365,3.962,1.031,0.172
C:\YARG\Charts\Schmutz Discography - Feb 2024\Juggernaut 10\notes.chart,Juggernaut 10,Schmutz06,Schmutz06,", 2019",rock,3.61,3.55,0.06,6.579,10,28,10,0,0,8.89,4.234,7.520,5.826,6.497,7.520,7.236,3.215,0.159,2.623
C:\YARG\Charts\Schmutz Discography - Feb 2024\Juggernaut 100\notes.chart,juggernaut 100,Schmutz06,Schmutz06,", 2019",rock,24.25,24.08,0.18,32.421,100,100,0,0,100,1.44,20.963,33.953,30.794,32.415,33.855,33.750,20.963,0.000,0.119
C:\YARG\Charts\Schmutz Discography - Feb 2024\Juggernaut 2K\notes.chart,Juggernaut 2K,Schmutz06,Schmutz06,", 2019",Bleep Bloop,13.21,12.12,1.09,18.294,2000,2276,829,958,213,325.11,6.537,37.755,11.325,17.267,28.150,24.389,6.101,0.734,0.588
C:\YARG\Charts\Schmutz Discography - Feb 2024\Juggernaut\Juggernaut.chart,Juggernaut,Schmutz06,Schmutz06,,rock,15.29,14.47,0.82,21.206,1000,1123,411,292,297,107.19,10.417,28.731,17.214,21.226,25.346,24.078,10.287,0.780,0.272
C:\YARG\Charts\Schmutz Discography - Feb 2024\King Verse Kamikaze\notes.chart,King Verse Kamikaze,Schmutz06,Schmutz06,", 2022",Kamikaze,17.88,16.91,0.97,24.150,1319,1683,325,315,679,66.59,13.178,29.020,19.658,23.709,29.020,28.323,13.169,1.236,0.053
C:\YARG\Charts\Schmutz Discography - Feb 2024\Lazers (ft Dr Zoidberg)\notes.chart,Lazers ft. Dr Zoidberg,Schmutz06,Schmutz06,", 2020",fullcombo.net,39.72,38.87,0.85,48.323,1203,1213,5,0,1198,50.60,23.272,52.974,38.259,51.017,52.817,52.598,23.077,0.015,0.453
C:\YARG\Charts\Schmutz Discography - Feb 2024\Madness March 2\notes.chart,Madness March 2,Schmutz06,Schmutz06,,Bleep Bloop,13.93,12.91,1.03,19.282,1921,1921,0,0,1921,172.97,9.982,31.680,13.950,17.438,27.996,25.743,9.982,0.000,0.003
C:\YARG\Charts\Schmutz Discography - Feb 2024\Madness March 3\notes.chart,Madness March 3,Schmutz06,Schmutz06,", 2020",Fullcombo.net,6.51,5.41,1.09,9.350,2283,2285,1415,868,0,253.55,4.861,14.388,6.928,8.902,13.101,11.509,4.195,2.093,0.015
C:\YARG\Charts\Schmutz Discography - Feb 2024\Madness March Kamikaze 2\notes.chart,Madness March Kamikaze 2,Schmutz06,Schmutz06,", 2019",Alternative,32.40,31.13,1.27,40.156,3563,3563,192,0,3371,213.49,15.930,59.580,26.517,37.245,57.044,55.314,15.928,0.136,0.010
C:\YARG\Charts\Schmutz Discography - Feb 2024\Madness March Kamikaze\notes.chart,Madness March Kamikaze,Schmutz06,Schmutz06,", 2011",MMK,33.24,32.06,1.18,41.152,2840,2840,0,0,2840,159.21,17.781,53.771,32.272,41.886,48.317,47.017,17.780,0.000,0.007
C:\YARG\Charts\Schmutz Discography - Feb 2024\Madness March\notes.chart,Madness March,Schmutz06,Schmutz06,", 2009",Alternative,16.35,15.46,0.89,22.417,1350,1352,1,0,1349,124.83,10.964,28.834,18.446,22.527,26.100,25.294,10.852,0.001,0.133
C:\YARG\Charts\Schmutz Discography - Feb 2024\Marathon\notes.chart,Marathon,Schmutz06,Schmutz06,", 2019",Endurance,17.11,15.08,2.04,21.947,20000,21673,1633,1274,17093,1317.43,11.564,33.836,17.280,21.196,28.567,26.160,11.366,0.391,0.040
C:\YARG\Charts\Schmutz Discography - Feb 2024\Matto Svitato\notes.chart,Matto Svitato,Schmutz06,Schmutz06,", 2019",rock,20.16,19.44,0.72,27.120,832,852,27,5,800,49.93,11.987,48.645,14.610,21.734,46.854,45.012,11.869,0.132,0.163
C:\YARG\Charts\Schmutz Discography - Feb 2024\Meltdown\notes.chart,Meltdown,Schmutz06,Schmutz06,", 2019",rock,9.45,8.82,0.63,14.042,653,654,187,38,428,112.82,5.389,18.356,10.010,14.274,17.065,17.048,5.314,0.325,0.144
C:\YARG\Charts\Schmutz Discography - Feb 2024\Mercury City\notes.chart,Mercury City,Schmutz06,Schmutz06,", 2019",Rock,15.74,14.71,1.02,21.507,1874,1912,401,1473,0,189.00,11.016,34.855,15.299,21.107,28.150,26.846,10.979,0.852,0.095
C:\YARG\Charts\Schmutz Discography - Feb 2024\Nubinator\notes.chart,Nubinator,Schmutz06,Schmutz06,", 2020",fullcombo.net,14.46,13.48,0.98,19.994,1565,1693,521,142,902,145.93,8.760,28.134,14.418,20.036,25.688,24.025,8.435,1.304,0.205
C:\YARG\Charts\Schmutz Discography - Feb 2024\Pacman Wizard\Notes.chart,Pacman Wizard,Schmutz,Schmutz,,Acid Rock,12.41,11.56,0.85,17.593,1193,1222,388,320,485,97.68,8.730,27.157,12.363,17.699,21.915,21.730,8.375,1.588,0.112
C:\YARG\Charts\Schmutz Discography - Feb 2024\Patterns 2\notes.chart,Patterns 2,Schmutz06,Schmutz06,", 2019",rock,21.91,20.61,1.30,28.478,3584,3799,536,3048,0,236.53,15.690,40.825,24.476,27.036,36.700,32.612,15.559,0.478,0.172
C:\YARG\Charts\Schmutz Discography - Feb 2024\Patterns 3\notes.chart,Patterns 3,Schmutz06,Schmutz06,", 2019",rock,18.97,17.99,0.99,25.425,1714,1742,131,1105,478,149.57,10.320,43.480,18.564,21.150,43.330,34.670,10.202,0.191,0.345
C:\YARG\Charts\Schmutz Discography - Feb 2024\Patterns 3+\notes.chart,Patterns 3+,Schmutz06,Schmutz06,", 2019",rock,22.85,21.80,1.05,29.846,1966,2043,273,85,1608,144.55,10.640,74.227,20.355,24.939,55.402,39.972,10.325,0.755,0.283
C:\YARG\Charts\Schmutz Discography - Feb 2024\Patterns 4\notes.chart,Patterns 4,Schmutz06,Schmutz06,", 2019",rock,13.51,12.12,1.39,18.295,4472,4685,163,35,4274,420.48,9.920,29.930,12.951,17.020,26.296,23.845,9.898,0.108,0.015
C:\YARG\Charts\Schmutz Discography - Feb 2024\Patterns 4+\90BPM\notes.chart,Patterns 4+ 90BPM,Schmutz06,Schmutz06,", 2019",Arthritis,17.10,15.57,1.54,22.540,6068,6667,167,118,5783,583.92,9.339,43.502,13.572,18.532,41.094,33.493,9.291,0.050,0.086
C:\YARG\Charts\Schmutz Discography - Feb 2024\Patterns 4+\Patterns 4+\notes.chart,Patterns 4+,Schmutz06,Schmutz06,", 2019",Arthritis,24.27,22.74,1.54,30.911,6068,6667,167,118,5783,420.42,12.988,59.378,18.724,25.304,56.898,45.766,12.947,0.072,0.089
C:\YARG\Charts\Schmutz Discography - Feb 2024\Patterns 5\notes.chart,Patterns 5,Schmutz06,CH Community,", 2020",Patterns,16.62,15.25,1.37,22.160,3722,4507,759,919,2044,428.34,8.268,53.708,15.300,21.065,31.417,28.568,8.104,0.520,0.119
C:\YARG\Charts\Schmutz Discography - Feb 2024\Patterns 5++\notes.chart,Patterns 5++,Schmutz06,Generated by: Your Demons,", 2023",AI Generated,23.52,21.77,1.76,29.806,8564,11237,2272,2107,4185,538.65,11.897,55.020,20.139,27.844,44.954,38.731,11.225,1.411,0.527
C:\YARG\Charts\Schmutz Discography - Feb 2024\Patterns\notes.chart,Patterns,Schmutz06,Schmutz06,", 2011",Bleep Bloop,17.05,16.36,0.69,23.488,768,783,14,6,748,46.80,16.324,27.230,21.186,23.484,25.718,25.260,16.224,0.064,0.201
C:\YARG\Charts\Schmutz Discography - Feb 2024\Patterns+\notes.chart,Patterns+,Schmutz06,Schmutz06,", 2011",Bleep Bloop,20.65,19.91,0.74,27.672,884,906,46,43,795,41.78,19.196,33.818,24.974,27.325,30.962,30.182,19.188,0.290,0.014
C:\YARG\Charts\Schmutz Discography - Feb 2024\Prodigy\notes.chart,Prodigy,Schmutz06,Schmutz06,", 2019",rock,14.79,13.94,0.84,20.565,1077,1188,156,309,612,97.64,9.387,30.236,15.452,20.116,26.921,24.788,9.300,0.476,0.141
C:\YARG\Charts\Schmutz Discography - Feb 2024\Quadpocalypse\notes.chart,Quadpocalypse,Schmutz06,Schmutz06,", 2020",fullcombo.net,24.92,23.54,1.37,31.821,4142,4501,1122,338,2682,353.96,11.678,50.274,20.358,31.596,45.049,40.042,11.439,0.846,0.265
C:\YARG\Charts\Schmutz Discography - Feb 2024\Respawn\notes.chart,Respawn,schmutz06,schmutz06,", 2019",rock,17.17,15.97,1.20,23.026,2664,2994,520,2144,0,262.56,10.633,46.225,18.140,20.925,32.645,29.052,10.378,0.401,0.064
C:\YARG\Charts\Schmutz Discography - Feb 2024\Robot Lullaby\notes.chart,Robot Lullaby,Schmutz06,Schmutz06,", 2019",Robot Dreams,6.58,6.11,0.47,10.336,339,390,285,25,29,151.58,3.685,20.916,5.745,10.123,15.475,13.986,3.196,0.384,0.770
C:\YARG\Charts\Schmutz Discography - Feb 2024\Schmootopia\notes.chart,Schmootopia,Schmutz06,Schmutz06,", 2021",Uber,34.65,33.12,1.54,42.282,6200,6686,1458,578,4164,262.19,17.513,75.339,28.958,41.710,55.844,53.447,16.869,2.171,0.235
C:\YARG\Charts\Schmutz Discography - Feb 2024\Sequence I\notes.chart,Sequence I,Schmutz06,Schmutz06,", 2019",rock,9.50,8.81,0.69,14.027,769,786,0,0,769,64.00,9.225,17.384,11.999,14.022,16.216,15.477,9.225,0.000,0.008
C:\YARG\Charts\Schmutz Discography - Feb 2024\Sequence II\notes.chart,Sequence II,Schmutz06,Schmutz06,", 2019",rock,10.80,10.02,0.78,15.617,813,1007,279,154,380,69.02,8.294,20.628,11.786,15.475,19.926,18.572,7.894,1.506,0.196
C:\YARG\Charts\Schmutz Discography - Feb 2024\Sequence III\notes.chart,Sequence III,Schmutz06,Schmutz06,", 2019",rock,19.90,19.30,0.60,26.962,589,595,131,79,379,58.70,8.904,34.727,14.274,30.465,32.684,32.079,8.646,1.138,0.167
C:\YARG\Charts\Schmutz Discography - Feb 2024\Sequence IV\notes.chart,Sequence IV,Schmutz06,Schmutz06,,rock,10.48,9.55,0.94,14.996,1335,1533,720,516,99,205.29,8.039,32.575,9.647,11.745,30.025,21.482,7.928,1.480,0.518
C:\YARG\Charts\Schmutz Discography - Feb 2024\Sequence IX\notes.chart,Sequence IX,Schmutz06,Schmutz06,", 2019",rock,10.19,9.43,0.76,14.844,630,942,287,277,66,101.49,7.174,19.072,12.502,14.872,17.301,16.480,6.408,1.027,1.133
C:\YARG\Charts\Schmutz Discography - Feb 2024\Sequence Series One Medley\notes.chart,Sequence Series One Medley,Schmutz06,Schmutz06,", 2020",rock,17.80,16.25,1.56,23.357,6186,6987,1156,1076,3954,543.78,11.052,44.820,17.343,21.935,33.444,29.027,10.858,0.865,0.337
C:\YARG\Charts\Schmutz Discography - Feb 2024\Sequence V\notes.chart,Sequence V,Schmutz06,Schmutz06,", 2019",rock,15.53,15.02,0.51,21.874,448,448,0,0,448,31.77,11.563,28.130,13.257,23.702,26.820,26.061,11.536,0.082,0.021
C:\YARG\Charts\Schmutz Discography - Feb 2024\Sequence VI\notes.chart,Sequence VI,Schmut06,Schmutz06,,rock,10.49,9.37,1.12,14.764,1290,2435,786,13,491,177.58,7.163,21.452,12.031,13.978,19.502,17.579,6.845,1.164,0.359
C:\YARG\Charts\Schmutz Discography - Feb 2024\Sequence VII\notes.chart,Sequence VII,Schmutz06,Schmutz06,", 2019",rock,18.63,17.84,0.79,25.248,1016,1044,122,26,868,58.15,14.879,35.865,22.235,24.182,30.242,28.914,14.849,0.549,0.035
C:\YARG\Charts\Schmutz Discography - Feb 2024\Sequence VIII\notes.chart,Sequence VIII,Schmutz06,Schmutz06,", 2019",rock,8.10,7.36,0.74,12.081,683,900,269,341,73,110.31,7.114,14.920,11.022,12.146,12.935,12.830,6.531,0.937,0.698
C:\YARG\Charts\Schmutz Discography - Feb 2024\Sequence X\notes.chart,Sequence X,Schmutz06,Schmutz06,", 2019",rock,13.04,11.78,1.26,17.866,2707,3448,825,1140,742,317.41,9.019,23.081,13.938,18.280,21.011,20.272,8.920,0.882,0.519
C:\YARG\Charts\Schmutz Discography - Feb 2024\Sequence XI\notes.chart,Sequence XI,Schmutz06,Schmutz06,", 2020",rock,8.76,8.09,0.67,13.066,649,733,521,20,108,51.23,7.294,17.892,10.799,13.015,15.970,14.564,6.921,2.379,0.098
C:\YARG\Charts\Schmutz Discography - Feb 2024\Sequence XII\notes.chart,Sequence XII,Schmutz06,Schmutz06,", 2020",rock,14.16,13.39,0.77,19.882,772,978,360,234,178,84.47,10.144,44.022,15.611,18.315,28.734,24.318,9.772,1.794,0.166
C:\YARG\Charts\Schmutz Discography - Feb 2024\Sequence XIII\notes.chart,Sequence XIII,Schmutz06,Schmutz06,", 2020",rock,14.70,13.49,1.20,20.009,3000,3002,53,815,2132,227.08,12.656,27.248,16.160,20.088,23.775,22.760,12.654,0.100,0.008
C:\YARG\Charts\Schmutz Discography - Feb 2024\Sequence XIV\notes.chart,Sequence XIV,Schmutz06,Schmutz06,", 2020",rock,12.54,11.47,1.07,17.478,2021,2159,632,763,626,237.91,7.447,30.924,12.659,17.218,23.919,20.867,7.321,0.920,0.182
C:\YARG\Charts\Schmutz Discography - Feb 2024\Sequence XV\notes.chart,Sequence XV,Schmutz06,Schmutz06,", 2022",Electronic,12.80,11.62,1.18,17.670,2821,2827,203,166,2452,273.75,8.243,25.493,12.245,18.113,21.998,21.291,8.159,0.199,0.087
C:\YARG\Charts\Schmutz Discography - Feb 2024\Sideshow Bob and Rakes\notes.chart,Sideshow Bob and Rakes,Schmutz06,Schmutz06,", 2011",bullshit,2.50,1.16,1.33,2.598,924,4088,924,0,0,1058.31,0.509,13.650,0.940,2.067,5.527,4.400,0.424,0.193,0.003
C:\YARG\Charts\Schmutz Discography - Feb 2024\Slayer 2\notes.chart,Slayer 2,Schmutz06,Schmutz06,", 2021",Uber,21.83,20.55,1.28,28.411,2623,3620,988,781,854,161.50,9.983,69.682,18.000,24.501,47.908,40.473,9.202,1.460,0.287
C:\YARG\Charts\Schmutz Discography - Feb 2024\Slayer\notes.chart,Slayer,Schmutz06,Schmutz06,", 2019",rock,21.80,20.51,1.30,28.359,2686,3767,1298,472,916,222.70,12.485,45.680,20.987,27.089,39.512,34.852,12.179,1.492,0.145
C:\YARG\Charts\Schmutz Discography - Feb 2024\Smooth Synth Mix\notes.chart,Smooth Synth Mix,Schmutz06,Schmutz06,,8 Bit Chill,5.52,4.88,0.64,8.575,639,678,507,130,2,132.56,4.138,15.743,6.253,8.195,11.822,10.708,3.761,1.323,0.398
C:\YARG\Charts\Schmutz Discography - Feb 2024\Star Power Sleigh Ride\notes.chart,Star Power Sleigh Ride,Schmutz06,Schmutz06,", 2022",Christmas,14.94,14.06,0.89,20.706,1322,1336,385,367,570,136.30,7.927,29.295,14.569,20.859,26.721,25.028,7.615,1.160,0.409
C:\YARG\Charts\Schmutz Discography - Feb 2024\Sunshine\notes.chart,Sunshine,Schmutz06,Schmutz06,,rock,7.78,7.12,0.67,11.741,727,727,335,392,0,106.86,6.015,17.800,8.750,11.096,16.300,14.651,5.107,1.252,0.065
C:\YARG\Charts\Schmutz Discography - Feb 2024\SYNTH Hero\notes.chart,SYNTH HERO,Schmutz06,Schmutz06,,Synth,11.05,10.28,0.77,15.951,961,976,258,703,0,100.80,8.239,26.345,12.509,14.870,22.387,19.465,8.165,0.480,0.135
C:\YARG\Charts\Schmutz Discography - Feb 2024\Synth Wars\notes.chart,Synth Wars,Schmutz06,Schmutz06,,rock,16.57,15.30,1.27,22.215,3539,3565,587,1676,1276,308.87,8.771,43.345,13.815,20.632,34.105,30.329,8.453,0.574,0.328
C:\YARG\Charts\Schmutz Discography - Feb 2024\Synthesizer Vs the Universe\notes.chart,Synthesizer vs the Universe,Schmutz06,Schmutz06,", 2019",rock,11.39,10.44,0.95,16.159,1485,1595,284,826,375,179.10,8.116,27.207,12.428,15.440,22.551,19.243,7.868,0.467,0.373
C:\YARG\Charts\Schmutz Discography - Feb 2024\The Ballad of Fat Tony\Notes.chart,The Ballad of Fat Tony,Schmutz,Schmutz,,rock,9.44,8.24,1.21,13.264,2926,3013,547,2059,320,407.27,5.932,21.935,9.926,12.951,17.237,16.155,5.734,0.356,0.304
C:\YARG\Charts\Schmutz Discography - Feb 2024\The Crazy CH Song\notes.chart,The Crazy CH Song,Schmutz06,Schmutz06,,rock,23.39,22.37,1.02,30.495,1796,1891,227,1268,301,120.00,14.378,42.930,24.105,30.770,36.641,34.790,14.335,0.375,0.060
C:\YARG\Charts\Schmutz Discography - Feb 2024\The Sixth Fret\notes.chart,The Sixth Fret,Schmutz06,Schmutz06,,rock,8.64,7.75,0.89,12.602,1304,1364,616,585,103,188.10,6.039,20.025,9.699,12.235,16.452,15.130,5.562,1.116,0.312
C:\YARG\Charts\Schmutz Discography - Feb 2024\Transformer v1.0\notes.chart,Transformer v1.0,Schmutz06,Schmutz06,", 2020",fullcombo.net,8.84,8.05,0.79,13.012,1023,1031,306,539,178,125.65,7.287,17.475,11.555,12.730,14.800,14.574,7.192,0.543,0.049
C:\YARG\Charts\Schmutz Discography - Feb 2024\Transformer-v1.9\notes.chart,Transformer v1.9,Schmutz06,Schmutz06,", 2021",fullcombo.net,7.70,6.77,0.93,11.267,1473,1493,532,599,342,180.33,5.519,17.475,9.486,10.800,14.407,12.971,5.124,0.731,0.160
C:\YARG\Charts\Schmutz Discography - Feb 2024\Tribute to Void222x\notes.chart,Tribute to Void222X,Schmutz06,Schmutz06,", 2017",rock,10.44,9.76,0.68,15.272,590,765,261,214,115,140.57,5.483,34.346,11.059,14.305,22.122,19.292,5.159,0.488,0.629
C:\YARG\Charts\Schmutz Discography - Feb 2024\Trillbot\notes.chart,Trillbot,Schmutz06,Schmutz06,", 2020",fullcombo.net,17.01,15.83,1.18,22.858,2704,2842,1074,261,1369,214.25,7.956,37.751,12.367,23.078,34.050,29.883,6.748,1.887,0.050
C:\YARG\Charts\Schmutz Discography - Feb 2024\Troll Hero\notes.chart,Troll Hero,Schmutz06,Schmutz06,", 2019",pw - chordschordschords,17.45,16.63,0.83,23.815,562,1138,379,183,0,81.73,14.195,38.559,20.107,22.788,30.030,27.651,14.071,1.801,0.258
C:\YARG\Charts\Schmutz Discography - Feb 2024\TTTATF\notes.chart,Through the Thunder and the Flames,Schmutz06,Schmutz06,", 2019",Dragonforce,15.78,15.11,0.68,21.983,686,753,170,367,149,76.35,8.612,35.515,14.939,21.720,29.757,27.495,8.424,0.639,0.360
C:\YARG\Charts\Schmutz Discography - Feb 2024\Turbulence\notes.chart,Turbulence,Schmutz06,Schmutz06,,Rock,10.23,9.37,0.87,14.761,1262,1270,587,429,246,167.44,6.888,29.975,10.668,14.370,19.116,18.581,6.729,1.229,0.503
C:\YARG\Charts\Schmutz Discography - Feb 2024\UBER JUICE\notes.chart,Uber Juice,Schmutz06,Schmutz06,", 2011",rock,18.68,17.27,1.40,24.583,4305,4854,767,1331,2207,372.89,9.650,51.259,18.254,21.758,38.876,31.705,9.319,0.790,0.206
C:\YARG\Charts\Schmutz Discography - Feb 2024\UFO Solo (UBER REMIX)\notes.chart,UFO SOLO (UBER REMIX),Schmutz06,Schmutz06,", 2011",Bleep Bloop,18.73,17.97,0.76,25.402,931,951,178,105,648,70.80,12.217,38.169,21.911,25.028,30.184,28.217,11.671,0.781,0.712
C:\YARG\Charts\Schmutz Discography - Feb 2024\UFO\notes.chart,UFO,Schmutz06,Schmutz06,,Alien,10.89,10.03,0.86,15.628,1214,1256,593,311,310,148.80,8.052,24.055,12.422,15.193,20.064,18.394,7.510,1.408,0.355
C:\YARG\Charts\Schmutz Discography - Feb 2024\Ultimate Zoidberg\notes.chart,Ultimate Zoidberg,Schmutz06,Schmutz06,", 2020",Bleep Bloop,36.27,35.32,0.95,44.613,1211,1595,123,80,1008,27.34,24.958,54.450,39.600,43.445,52.892,49.366,24.617,0.938,0.166
C:\YARG\Charts\Schmutz Discography - Feb 2024\Utopia\notes.chart,Utopia,Schmutz06,Schmutz06,", 2019",Uber,37.33,36.09,1.25,45.422,3325,3333,55,91,3179,196.63,16.683,77.747,32.373,39.281,75.339,60.591,16.659,0.071,0.080
C:\YARG\Charts\Schmutz Discography - Feb 2024\Vanilla Boogie\notes.chart,Vanilla Boogie,Schmutz06,Schmutz06,", 2019",rock,13.04,12.28,0.76,18.502,732,943,472,260,0,119.63,9.320,22.970,15.677,18.326,21.790,20.788,9.162,1.425,0.188
C:\YARG\Charts\Schmutz Discography - Feb 2024\Vegeta's Revenge\notes.chart,Vegeta's Revenge,Schmutz06,Schmutz06,", 2019",rock,10.23,9.44,0.80,14.853,1027,1053,339,288,400,106.43,7.964,22.215,12.175,14.373,18.732,17.340,7.804,0.991,0.178
C:\YARG\Charts\Schmutz Discography - Feb 2024\Victory Solo O\Notes.chart,Victory Solo O,Schmutz06,Schmutz06,", 2009",Alternative,13.53,12.32,1.21,18.545,2936,3038,640,1242,1054,266.40,9.707,37.314,13.358,16.856,27.994,24.105,9.555,0.998,0.206
C:\YARG\Charts\Schmutz Discography - Feb 2024\Victory Solo X\notes.chart,Victory Solo X,Schmutz06,Schmutz06,,Rock,13.64,12.27,1.37,18.482,4281,4510,1216,986,2079,394.80,9.364,38.435,12.804,16.651,28.399,24.742,9.182,1.127,0.261
C:\YARG\Charts\Schmutz Discography - Feb 2024\Victory-Solo-J\notes.chart,Victory Solo J,Schmutz06,Schmutz06,", 2021",Impossible,27.19,26.31,0.88,34.907,1163,1320,320,141,702,49.97,16.660,52.884,31.076,33.674,42.634,38.605,16.025,2.830,0.448
C:\YARG\Charts\Schmutz Discography - Feb 2024\Wonderland\notes.chart,Wonderland,Schmutz06,Schmutz06,", 2020",Fullcombo.net,9.84,9.20,0.63,14.548,452,658,221,77,154,95.66,5.557,22.064,10.384,14.316,19.527,17.789,5.117,0.552,0.864
C:\YARG\Charts\Schmutz Discography - Feb 2024\Xtopia\notes.chart,Xtopia,Schmutz06,Schmutz06,", 2022",End Boss,31.13,29.66,1.47,38.569,5278,5676,1071,372,3835,261.82,16.253,57.389,27.605,37.022,51.309,49.386,15.836,1.607,0.234
C:\YARG\Charts\Schmutz Discography - Feb 2024\Zoidberg the Cowboy\notes.chart,Zoidberg the Cowboy,Schmutz06,"Schmutz06, gamingfreak3",", 2019",Bleep Bloop,18.47,17.74,0.72,25.139,685,854,56,47,582,26.48,14.036,32.625,19.752,24.300,32.625,30.019,13.772,0.439,0.252
C:\YARG\Charts\Synergy\Tier 00\Synergy Intro\notes.chart,Synergy Intro,Synergy Team,Synergy Team,", 2022",memes,3.17,2.79,0.39,5.374,258,288,0,0,258,72.38,2.418,8.294,3.891,5.351,6.881,6.528,2.265,0.139,0.270
C:\YARG\Charts\Synergy\Tier 01\Disturbed - Another Way to Die\notes.chart,Another Way to Die,Disturbed,Frif,", 2010",Hard Rock,4.68,3.79,0.89,6.944,993,1343,742,224,27,250.58,3.495,13.595,4.902,6.604,10.013,8.728,2.445,1.439,0.769
C:\YARG\Charts\Synergy\Tier 01\Gold Pilot\notes.chart,Gold Pilot,First Turn Fold,BlackPawn,", 2013",Electronic,5.54,4.61,0.94,8.171,1469,1534,391,349,729,305.30,4.345,16.621,6.494,7.755,10.669,9.955,4.164,0.501,0.198
C:\YARG\Charts\Synergy\Tier 01\Joji - Tick Tock (DarklyGH)\notes.chart,Tick Tock,Joji,DarklyPlays,", 2020",Alternative,3.06,2.71,0.35,5.251,230,250,200,30,0,130.34,2.163,7.549,3.754,4.941,7.415,6.740,1.637,0.384,0.971
C:\YARG\Charts\Synergy\Tier 01\Milk Lizard\notes.chart,Milk Lizard,The Dillinger Escape Plan,BlackPawn,", 2007",Metalcore,4.05,2.92,1.13,5.583,1204,2498,1117,44,43,230.23,2.830,12.065,4.123,5.118,8.088,7.199,2.360,1.162,0.316
C:\YARG\Charts\Synergy\Tier 01\Split Enz - I See Red\notes.chart,I See Red,Split Enz,DarklyPlays,", 1979",Post-Punk,4.67,3.89,0.78,7.099,942,998,332,54,556,194.20,2.984,16.034,5.117,6.611,10.160,9.144,2.556,0.407,0.537
C:\YARG\Charts\Synergy\Tier 01\Words\notes.chart,Words,Feint (ft. Laura Brehm),DarklyPlays,", 2016",EDM,3.71,2.90,0.81,5.549,977,1105,219,0,758,264.51,2.550,7.533,4.095,5.823,6.296,6.374,2.129,0.547,0.323
C:\YARG\Charts\Synergy\Tier 02\Alter Bridge - Blackbird\notes.chart,Blackbird,Alter Bridge,Frif,", 2007",Alt-Metal,4.79,3.79,1.00,6.939,1349,1812,991,297,61,466.55,3.021,14.928,4.797,6.558,9.864,9.011,2.461,0.790,0.908
C:\YARG\Charts\Synergy\Tier 02\Ice Path Remix\notes.chart,Ice Path Remix,GlitchXCity,,", 2013",Cover,5.16,4.32,0.84,7.747,1090,1168,566,16,508,269.91,3.795,12.419,6.655,7.742,8.418,8.786,3.612,0.687,0.318
C:\YARG\Charts\Synergy\Tier 02\Mechanical Rhythm\notes.chart,Mechanical Rhythm,ACE++,DeSertCh,", 2020",Video Game OST,5.05,4.24,0.81,7.618,1019,1094,574,320,125,194.48,3.998,10.899,6.380,7.518,9.117,8.644,3.538,1.404,0.456
C:\YARG\Charts\Synergy\Tier 02\Paradise\notes.chart,Paradise,Siyeon,"PeachRX, DarklyPlays",", 2020",K-Pop,4.26,3.44,0.83,6.401,976,1137,141,248,587,239.35,2.929,9.921,4.750,6.120,9.168,7.715,2.319,0.175,0.757
C:\YARG\Charts\Synergy\Tier 02\Stupify\notes.chart,Stupify,Disturbed,BlackPawn,", 2000",Nu Metal,5.82,4.85,0.97,8.528,1018,1652,876,14,128,243.44,4.017,12.302,6.575,8.320,11.284,10.061,3.600,1.429,0.803
C:\YARG\Charts\Synergy\Tier 02\Succy Solo Medley\notes.chart,Succy Solo Medley,Succy,Succy & BlackPawn,", 2022",FL Studio,11.84,10.42,1.42,16.129,4029,5027,1509,1789,731,504.08,7.430,31.450,11.835,14.925,24.150,20.197,7.188,0.898,0.483
C:\YARG\Charts\Synergy\Tier 03\Creo- Dimension\notes.chart,Dimension,Creo,DeSerTedStreaM,", 2016",Electro Swing,7.22,6.35,0.87,10.681,1256,1273,912,344,0,182.48,5.409,15.992,8.906,10.211,14.063,12.270,5.184,1.523,0.031
C:\YARG\Charts\Synergy\Tier 03\Heart Afire\notes.chart,Heart Afire,Defqwop ft. STRIX,DeSerTedStream,", 2016",Glitch Hop,5.38,4.53,0.85,8.060,847,1218,304,330,213,233.54,3.780,11.796,6.405,7.625,10.885,9.695,3.147,0.589,0.880
C:\YARG\Charts\Synergy\Tier 03\The Heretic Previals\notes.chart,The Heretic Prevails,Shadow of Intent,Spanklie,", 2017",Grind Metal,8.33,7.26,1.07,11.943,1940,2130,1210,397,333,284.46,5.651,30.164,9.068,11.398,15.318,15.076,5.276,1.268,0.326
C:\YARG\Charts\Synergy\Tier 03\True\notes.chart,True,Synthion ft. STΔRLIVHT,DeSerTedStreaM,", 2021",Happy Hardcore,6.76,5.68,1.08,9.727,1267,2203,754,100,413,220.36,4.519,13.901,8.582,9.714,11.188,10.455,4.248,1.161,0.226
C:\YARG\Charts\Synergy\Tier 03\Weightless\notes.chart,Weightless,Animals As Leaders,BlackPawn,", 2011",Djent,7.05,6.08,0.97,10.297,1315,1663,652,563,100,309.81,4.213,17.395,6.890,10.088,14.220,13.064,3.636,0.629,0.929
C:\YARG\Charts\Synergy\Tier 03\Your Best Nightmare (Metal Remix)\notes.chart,Your Best Nightmare (Metal Remix),"Toby Fox, SixteenInMono",BlackPawn,", 2015",Undertale Metal,6.93,5.71,1.21,9.778,1970,3073,1759,140,71,350.53,4.418,17.171,6.863,9.616,13.034,12.161,3.814,1.382,0.850
C:\YARG\Charts\Synergy\Tier 04\Get Smooshed!\notes.chart,Get Smooshed!,Cursedsnake,Spanklie,", 2019",Breakbeat,6.49,5.61,0.88,9.624,1160,1317,811,211,138,210.38,4.758,20.373,7.252,8.797,13.872,12.328,4.443,1.493,0.583
C:\YARG\Charts\Synergy\Tier 04\Infestation\notes.chart,Infestation,DM DOKURO,Spanklie,", 2020",DnB,6.43,5.57,0.86,9.577,1003,1247,844,90,69,273.06,3.405,15.896,5.558,9.628,13.760,12.397,2.698,1.190,0.670
C:\YARG\Charts\Synergy\Tier 04\Teminite x Whales - Mayhem [KhromaticScale]\notes.chart,Mayhem,Teminite feat. Whales,<color=#53d580>KhromaticScale</color>,", 2019",Dubstep,9.17,8.25,0.92,13.276,1348,1470,341,225,782,224.17,5.000,22.735,9.428,13.451,16.904,15.877,4.722,0.631,0.538
C:\YARG\Charts\Synergy\Tier 04\The Quantum Symphony\notes.chart,The Quantum Symphony,UneXpect,BlackPawn,", 2011",Prog Metal,10.10,8.94,1.16,14.198,1883,2702,1073,692,118,360.20,7.053,28.233,10.678,13.408,20.195,17.379,6.765,0.880,0.670
C:\YARG\Charts\Synergy\Tier 04\TheEruptionOffer Solo Medley\notes.chart,TheEruptionOffer Solo Medley,TheEruptionOffer/OysterSH,TheEruptionOffer & Frif,", 2022",Experimental Electronic,24.94,23.14,1.79,31.370,12099,12193,1145,3717,7237,648.82,14.802,63.415,22.388,28.686,46.977,40.834,14.710,0.476,0.048
C:\YARG\Charts\Synergy\Tier 04\Toto - Taint Your World\notes.chart,Taint Your World,Toto,Shobas,", 2005",Rock,8.43,7.53,0.89,12.313,1124,1359,893,136,95,235.99,6.068,25.225,8.722,10.685,20.611,16.314,5.398,2.051,1.044
C:\YARG\Charts\Synergy\Tier 05\Elena Siegman - Abracadavre\notes.chart,Abracadavre,Elena Siegman,AvianBella,", 2011","Progressive Metal, Avant-Garde Metal",5.77,4.52,1.25,8.047,2160,3342,1474,5,681,359.83,3.989,15.137,6.525,7.821,10.134,9.414,3.539,1.189,0.153
C:\YARG\Charts\Synergy\Tier 05\Enigma Machine\notes.chart,Enigma Machine,Dream Theater,<color=#6666AA>BlackPawn</color>,", 2013",Progressive Metal,7.52,6.47,1.06,10.842,1839,2073,882,464,493,346.17,4.869,19.591,7.577,10.263,15.539,13.880,4.538,1.003,0.705
C:\YARG\Charts\Synergy\Tier 05\Exits\notes.chart,Exits,Metea,Metea,", 2022",D&B,10.78,9.69,1.10,15.179,1483,2302,879,468,136,242.41,7.274,27.721,11.546,14.858,19.582,18.244,6.906,1.827,0.573
C:\YARG\Charts\Synergy\Tier 05\Red Lips (Explicit)\notes.chart,Red Lips (Explicit),Deorro,Spanklie,", 2013",Dubstep,11.10,10.06,1.04,15.665,1615,2012,566,238,811,174.46,8.413,20.999,13.253,15.569,18.222,17.619,8.266,0.801,0.297
C:\YARG\Charts\Synergy\Tier 05\Walmart Snack - Engine Room\notes.chart,Engine Room,Walmart Snack,Spanklie,", 2020",Chiptune,8.24,7.43,0.81,12.170,936,1082,269,122,545,211.01,4.555,30.299,8.591,11.669,16.879,15.420,4.118,0.338,1.011
C:\YARG\Charts\Synergy\Tier 05\Welcome to the Family\notes.chart,Welcome to the Family,Avenged Sevenfold,LiterallyPurple,", 2021",rock,7.11,6.17,0.93,10.429,1247,1518,737,352,158,237.77,4.311,19.900,7.001,9.592,16.318,13.651,3.832,1.160,0.624
C:\YARG\Charts\Synergy\Tier 06\Ceaseless Bounds\notes.chart,Ceaseless Bounds,Oscarous64,Oscarous64,", 2022",Progressive,13.45,12.07,1.38,18.234,3550,4553,1858,1275,417,545.61,9.951,27.010,15.227,17.763,22.359,20.988,9.784,1.648,0.029
C:\YARG\Charts\Synergy\Tier 06\Console Startup Challenge\notes.chart,Console Startup Challenge,DeadShadowGH,DeadShadowGH,", 2021",electronic,13.30,12.23,1.07,18.432,1075,2140,317,2,756,117.68,6.768,27.322,12.181,18.836,24.355,22.376,6.009,2.361,0.005
C:\YARG\Charts\Synergy\Tier 06\Ecstatic\notes.chart,Ecstatic,LunaSigma,LunaSigma,", 2021",Alternative,15.84,14.96,0.87,21.809,1173,1292,764,125,284,142.72,12.047,27.136,18.330,21.681,25.504,24.599,11.985,2.144,0.365
C:\YARG\Charts\Synergy\Tier 06\Ingesting Blattaria\notes.chart,Ingesting Blattaria,Blotted Science,BlackPawn,", 2011",Technical Death Metal,9.72,8.51,1.21,13.622,2764,3048,914,869,981,334.35,6.632,19.917,9.783,13.727,17.251,16.367,6.513,0.865,0.150
C:\YARG\Charts\Synergy\Tier 06\Mini Game 2\notes.chart,Mini Game 2,Tim Follin,MrMcWigglyMan,", 1990",Chiptune Funk,14.45,13.52,0.93,20.047,1464,1497,390,356,718,156.27,7.837,25.178,13.281,21.587,23.828,23.149,7.751,0.955,0.359
C:\YARG\Charts\Synergy\Tier 06\MrGregMurphy Solo Medley\notes.chart,MrGregMurphy Solo Medley,MrGregMurphy,Greg + DeSert,", 2022",Electronic,25.54,24.01,1.53,32.343,6516,6589,528,5653,335,435.06,14.303,51.105,25.675,31.175,42.009,38.475,14.141,0.456,0.259
C:\YARG\Charts\Synergy\Tier 07\Censored!!\notes.chart,Censored!!,t+Pazolite,DeSerTedStreaM,,rock,10.50,9.51,0.99,14.955,1399,1737,998,198,203,211.08,8.039,24.207,12.259,14.430,19.098,17.432,7.819,1.993,0.065
C:\YARG\Charts\Synergy\Tier 07\Clonposer Progression\notes.chart,Clonposer Progression,DeadShadowGH,DeadShadowGH,", 2021",future bass,7.66,6.78,0.88,11.270,1055,1317,631,183,241,196.35,5.822,21.882,8.568,10.917,14.521,13.815,5.224,1.293,1.324
C:\YARG\Charts\Synergy\Tier 07\FadingUniverse\notes.chart,Fading Universe,Tornith,Tornith,", 2022",Electronic,12.12,11.12,1.00,17.029,1749,1792,219,866,664,222.66,6.140,36.630,9.454,15.481,29.147,23.919,5.898,0.290,0.405
C:\YARG\Charts\Synergy\Tier 07\FTP\notes.chart,FTP,MASTER BOOT RECORD,<color=#6666AA>BlackPawn</color>,", 2019",Synth Metal,8.97,7.59,1.38,12.386,3865,4581,1852,1307,706,421.63,7.086,22.104,9.950,11.984,15.537,14.764,6.805,1.373,0.074
C:\YARG\Charts\Synergy\Tier 07\Numbers\notes.chart,Numbers,Succy,Succy,", 2021",Drum n' Bass,19.27,18.01,1.26,25.453,2731,3454,425,195,2111,261.13,9.630,40.208,20.593,24.818,32.175,29.596,8.884,0.493,0.843
C:\YARG\Charts\Synergy\Tier 07\you are an idiot!\notes.chart,You Are An Idiot,Offiz,MrMcWigglyMan,", 2006",Virus,7.61,6.72,0.89,11.199,793,1337,681,20,92,124.33,7.467,16.750,10.212,11.023,12.402,12.228,7.181,2.488,0.175
C:\YARG\Charts\Synergy\Tier 08\DeadShadow Solo Medley\notes.chart,DeadShadow Solo Medley,DeadShadow,DeadShadow (BlackPawn),", 2022",Various,29.39,27.68,1.71,36.410,8642,10087,529,1711,6402,526.17,14.261,66.900,23.640,31.986,60.588,50.235,14.087,0.312,0.315
C:\YARG\Charts\Synergy\Tier 08\Humane 2\notes.chart,Humane 2,BlackPawn,BlackPawn,,FL Studio,22.04,20.95,1.09,28.868,2097,2247,405,595,1097,149.72,11.313,41.696,21.483,28.763,36.648,34.445,11.280,0.792,0.022
C:\YARG\Charts\Synergy\Tier 08\KDrew - Bullseye\notes.chart,Bullseye,KDrew,Shobas,", 2012",Dubstep,12.22,10.98,1.25,16.847,2956,3341,840,1095,1021,241.43,7.971,25.353,13.296,16.688,20.768,19.683,7.538,1.338,0.614
C:\YARG\Charts\Synergy\Tier 08\Paralysis\notes.chart,Paralysis,Tiasu,DeSert,,rock,7.94,6.84,1.10,11.354,1735,2332,579,500,656,243.47,6.732,15.542,9.902,11.199,13.313,12.536,6.619,0.847,0.540
C:\YARG\Charts\Synergy\Tier 08\Paralyzer vGH\notes.chart,Paralyzer vGH,Finger Eleven/BlackPawn,BlackPawn,", 2021",vGH,16.28,15.00,1.28,21.851,2874,3648,575,273,2026,203.63,13.363,37.418,19.058,21.458,25.353,24.473,13.235,1.065,0.120
C:\YARG\Charts\Synergy\Tier 08\SPUTNIK-3\notes.chart,SPUTNIK-3,II-L,generalguy26,", 2021",Electronic,18.34,17.22,1.12,24.522,1387,2445,1165,222,0,169.41,11.183,32.598,20.922,24.501,28.328,27.166,10.647,2.901,0.000
C:\YARG\Charts\Synergy\Tier 09\Excision _ Datsik - 8 bit Superhero\notes.chart,8 Bit Superhero,Excision & Datsik,Shobas,", 2011",8-Bit Trance,18.54,17.21,1.33,24.508,3677,4064,425,708,2544,281.90,9.344,46.013,16.158,23.085,38.311,31.246,9.153,0.612,0.501
"C:\YARG\Charts\Synergy\Tier 09\Gramatik, Galactic Marvl - Voyager Twins\notes.chart",Voyager Twins,Gramatik ft. Galactic Marvl,Shobas,", 2020",Glitch Hop,14.06,12.86,1.20,19.224,2268,2940,633,400,1235,297.80,8.190,35.865,12.893,18.367,27.320,25.022,7.715,0.905,1.178
C:\YARG\Charts\Synergy\Tier 09\Hexagon Force (Extreme Demon Edition)\notes.chart,Hexagon Force (Extreme Demon edition),Waterflame,"<color=#6666AA>BlackPawn</color>, <color=",", 2015",Electronic,18.65,17.25,1.40,24.555,3333,4855,1180,231,1922,245.89,12.457,42.422,18.415,23.305,33.709,30.463,12.240,1.815,0.071
C:\YARG\Charts\Synergy\Tier 09\Jackal Queenston - Rubber Band\notes.chart,Rubber Band,Jackal Queenston,FrostedGH,", 2009",Penis Music,7.92,6.98,0.94,11.549,1311,1533,891,324,96,208.23,6.128,13.946,10.498,11.600,12.499,12.276,5.859,1.297,0.320
C:\YARG\Charts\Synergy\Tier 09\Wiin_t Sober\notes.chart,Sober,Tool,GHX,", 1993",Progressive Metal,10.67,9.22,1.46,14.562,3137,5561,2097,812,228,301.07,6.666,37.235,11.191,13.787,19.595,18.003,5.996,2.169,0.320
C:\YARG\Charts\Synergy\Tier 09\wool pool - JCT\notes.chart,JCT,wool pool,RandomDays,", 2020",Chiptune,23.24,22.05,1.19,30.130,2380,2891,508,107,1765,185.84,13.654,35.798,23.220,31.297,34.605,33.902,13.573,1.179,0.420
C:\YARG\Charts\Synergy\Tier 10\Enlightenment\notes.chart,Enlightenment,BlackPawn,BlackPawn,", 2021",rock,23.53,22.02,1.51,30.091,5676,6345,758,689,4229,361.20,13.164,53.424,23.152,29.547,38.129,35.969,12.923,0.599,0.172
C:\YARG\Charts\Synergy\Tier 10\Kallionic - [BIOHAZARD]\notes.chart,[BIØHAZARD],Kallionic,BlackPawn,", 2022",Alternative,27.29,25.96,1.32,34.523,3650,3997,774,335,2541,343.13,9.983,60.367,16.681,31.157,56.655,53.332,9.440,0.541,0.742
C:\YARG\Charts\Synergy\Tier 10\Pegasus (Ode to TSMB2)\notes.chart,Pegasus (Ode to TSMB2),Matt$,Matt$,", 2021",Penger,15.84,14.67,1.16,21.458,2560,2714,173,319,2068,241.50,8.410,42.134,16.005,20.408,29.839,26.448,8.035,0.195,0.704
C:\YARG\Charts\Synergy\Tier 10\Run It (feat. Arcane)\notes.chart,Run It (feat. Arcane),Succy,Succy,", 2022",Dubstep,12.01,10.74,1.27,16.540,2694,3523,1033,1574,87,294.30,8.233,24.275,14.300,16.300,19.425,18.436,7.930,1.294,0.424
C:\YARG\Charts\Synergy\Tier 10\Spunky Solo Medley\notes.chart,Spunky Solo Medley,SpunkyPlaysBR,Spunky & BlackPawn,", 2022",rock,27.30,25.63,1.67,34.148,8423,9220,774,2422,5227,470.78,15.254,51.102,25.421,32.904,45.778,42.039,15.102,0.524,0.188
C:\YARG\Charts\Synergy\Tier 10\Synth Battle Vs. VenomWave\notes.chart,Synth Battle Vs. VenomWave,VenomWave,VenomWave,", 2021",Chiptune/EDM,21.07,19.82,1.25,27.572,3042,3321,332,628,2082,180.00,14.779,42.647,23.239,27.064,33.058,31.389,14.407,0.691,0.470
C:\YARG\Charts\Synergy\Tier 11\HYPER4ID\notes.chart,HYPER4ID,t+Pazolite,DeSerTedStream,", 2018",J-Core,12.87,11.61,1.25,17.656,2309,3393,1072,263,974,217.72,9.009,34.736,13.483,16.262,24.888,22.395,8.478,1.919,0.795
"C:\YARG\Charts\Synergy\Tier 11\Savant, Gino Sydal - Alchemist\notes.chart",Alchemist,"Savant, Gino Sydal",Shobas,", 2012",Chipstep,11.73,10.48,1.25,16.210,2025,3393,898,377,750,261.59,7.364,27.774,12.288,15.268,22.384,20.144,6.943,1.600,1.115
C:\YARG\Charts\Synergy\Tier 11\sock.clip - Ballistic\notes.chart,Ballistic,sock.clip,frifraff,", 2021",Rhythm Game OST,13.64,12.56,1.07,18.850,1422,2174,1416,6,0,145.80,11.596,22.743,16.674,18.772,21.239,20.553,11.403,3.029,0.115
C:\YARG\Charts\Synergy\Tier 11\Soldiers of the Wasteland\notes.chart,Soldiers of the Wasteland,Dragonforce,Hyperbolium,,rock,15.85,14.17,1.67,20.845,7321,9227,2518,2060,2743,582.92,10.167,33.178,15.212,20.363,28.755,25.018,9.928,1.173,0.195
C:\YARG\Charts\Synergy\Tier 11\Spitfire\notes.chart,Spitfire (Stonebank Remix),Infected Mushroom,Hyperbolium,", 2020",Trance,13.82,12.48,1.34,18.745,2574,4170,805,336,1433,204.46,9.107,32.638,13.700,17.854,26.635,23.110,8.885,1.598,0.062
C:\YARG\Charts\Synergy\Tier 11\Xilent - Boss Wave\notes.chart,Boss Wave,Xilent,Shobas,", 2013",Chipstep,14.36,13.17,1.18,19.615,2459,2848,317,493,1649,242.62,8.373,31.260,14.788,18.867,26.007,24.137,8.102,0.391,1.232
C:\YARG\Charts\Synergy\Tier 12\Alter Ego 1.0.1\notes.chart,Alter Ego,TSMB2,TSMB2,", 2022",Experimental,16.06,14.73,1.33,21.532,3215,4041,1276,818,1121,382.74,9.630,31.188,16.589,21.463,26.700,25.280,9.395,0.565,0.619
C:\YARG\Charts\Synergy\Tier 12\Atlantis_ End II\notes.chart,Atlantis' End II,Matt$,Matt$,", 2021",Synth Orchestra,14.56,13.28,1.29,19.741,3484,3679,1077,729,1678,392.90,7.884,40.266,11.909,17.731,33.066,27.388,7.723,0.662,0.266
C:\YARG\Charts\Synergy\Tier 12\BlackPawn Solo Medley\notes.chart,BlackPawn Solo Medley,BlackPawn,BlackPawn,", 2022",FL Studio,23.85,22.12,1.73,30.205,9398,10489,1028,1595,6775,509.53,14.946,52.637,24.100,29.432,38.251,35.554,14.773,0.572,0.113
C:\YARG\Charts\Synergy\Tier 12\Synth Battle vs BlackPawn\notes.chart,Synth Battle vs BlackPawn,BlackPawn,<color=#6666AA>BlackPawn</color>,", 2021",Synth Battle,25.79,24.44,1.35,32.825,4185,4296,188,526,3471,256.22,13.840,56.594,26.040,31.444,44.267,38.691,13.777,0.204,0.096
C:\YARG\Charts\Synergy\Tier 12\Umbral\notes.chart,Umbral,Arcane,Mechon,", 2022",Dubstep,11.27,10.03,1.24,15.628,1888,3248,685,157,1046,192.73,6.996,34.808,9.994,13.705,27.590,21.018,6.125,1.853,0.191
C:\YARG\Charts\Synergy\Tier 12\Zeppy - T3SSER4CT\notes.chart,T3SSER4CT,Zeppy,Zeppy,", 2021",Speedcore/Psystyle,17.99,16.79,1.20,24.004,2963,2975,1132,723,1108,228.16,12.458,58.320,15.921,20.786,39.725,33.488,12.293,1.771,0.224
C:\YARG\Charts\Synergy\Tier 13\Buried Alive (Woke Chart)\notes.chart,Buried Alive (Woke Chart),Avenged Sevenfold,FrifRaff,", 2010",Metal,18.38,16.89,1.49,24.126,4947,5979,2110,1411,1426,399.45,10.789,37.559,17.381,23.400,32.697,29.903,10.319,1.665,0.416
C:\YARG\Charts\Synergy\Tier 13\Freak on a Leash (Woke Chart)\notes.chart,Freak on a Leash (Woke Chart),Korn,Frif,", 1999",Nu Metal,22.91,21.39,1.53,29.370,4356,6559,1589,964,1803,253.68,12.012,53.095,20.407,28.079,42.990,36.666,11.229,1.992,0.131
C:\YARG\Charts\Synergy\Tier 13\Little Tybee - Left Right\notes.chart,Left Right,Little Tybee,FrostedGH,", 2013",Experimental Instrumental,23.43,22.35,1.08,30.473,1333,2206,576,111,646,169.37,10.589,37.404,23.586,31.031,36.408,34.860,10.437,1.548,1.066
C:\YARG\Charts\Synergy\Tier 13\Saeed\notes.chart,Saeed,Infected Mushroom,Hyperbolium,,rock,12.09,10.68,1.40,16.469,3561,4867,2009,792,760,418.76,7.178,25.566,12.260,16.127,21.616,19.926,6.370,2.260,0.188
C:\YARG\Charts\Synergy\Tier 13\Save Me\notes.chart,Save Me,Avenged Sevenfold,Hyperbolium,,rock,15.11,13.38,1.73,19.867,8792,10604,2692,2414,3686,651.79,11.158,40.910,15.282,19.193,25.915,24.094,10.960,1.012,0.078
C:\YARG\Charts\Synergy\Tier 13\Synergy\notes.chart,Synergy,Lapix,DeSertCH,", 2017",rock,10.24,9.03,1.21,14.322,2336,3021,641,759,936,267.64,7.291,38.588,10.552,13.392,19.237,18.670,7.111,0.866,0.258
C:\YARG\Charts\Synergy\Tier 14\A Blast From the Past\notes.chart,A Blast From the Past,Sidney600,Sidney600,", 2022",Electronic,22.45,21.30,1.15,29.268,2500,2640,908,385,1207,220.60,11.179,57.429,19.246,28.581,41.254,37.347,11.086,1.334,0.177
C:\YARG\Charts\Synergy\Tier 14\Cosmic Embassy (Legacy Edition)\notes.chart,Cosmic Embassy (Legacy Edition),TSMB2,"Spanklie, TSMB2",", 2017",Experimental,14.96,13.79,1.17,20.374,2032,2763,782,573,677,210.11,9.676,28.639,16.538,20.688,23.560,22.869,9.423,1.504,0.379
C:\YARG\Charts\Synergy\Tier 14\Dragon Emperor\notes.chart,Dragon Emperor,Matt$,Matt$,", 2021",Dark Melodic Drumstep,19.30,17.92,1.38,25.345,4444,4573,826,409,3209,290.21,12.009,41.805,19.579,24.047,34.257,31.015,11.947,0.629,0.185
C:\YARG\Charts\Synergy\Tier 14\Hyperbola Solo Medley\notes.chart,Hyperbola Solo Medley,Hyperbola,DeSertCH,", 2022",Various,21.03,19.35,1.68,27.016,7829,9432,908,2046,4875,602.25,12.782,45.645,20.184,25.435,39.725,32.757,12.715,0.556,0.135
C:\YARG\Charts\Synergy\Tier 14\Ill III\notes.chart,Ill III,3,3,", 2022",3,13.91,12.46,1.45,18.720,4386,5490,2443,292,1651,485.75,6.597,44.699,11.007,17.006,30.514,26.323,5.750,1.722,0.469
C:\YARG\Charts\Synergy\Tier 14\Reactor\notes.chart,Reactor,Arcane,Hyperbolium,", 2022",Dubstep,14.22,12.81,1.41,19.163,2859,4906,889,585,1385,179.17,11.856,32.648,16.222,17.930,25.799,22.296,11.663,2.366,0.086
C:\YARG\Charts\Synergy\Tier 14\Synth Battle vs Mattias\notes.chart,Synth Battle vs. Mattias,Mattias,Mattias,", 2022",EDM,31.92,30.65,1.27,39.638,3366,3555,218,111,3037,135.60,20.218,63.837,31.999,37.618,53.554,46.773,20.128,0.494,0.022
C:\YARG\Charts\Synergy\Tier 15\ArchWK Solo Medley\notes.chart,ArchWK Solo Medley,ArchWK,ArchWK & Frif,", 2022",Electronic,28.90,27.19,1.71,35.872,9151,10045,1231,1096,6824,452.92,15.661,61.416,27.333,34.688,47.515,43.386,15.305,1.017,0.293
C:\YARG\Charts\Synergy\Tier 15\Expurgation\notes.chart,,,,,rock,16.82,15.50,1.32,22.465,2201,3978,1602,420,179,185.74,10.541,39.900,16.884,21.203,31.313,27.858,9.966,3.367,0.411
C:\YARG\Charts\Synergy\Tier 15\synergy song v2\notes.chart,Synergizing Force,DeadShadowGH (ft. Various),DeadShadowGH (ft. Various),", 2022",Various,21.34,19.60,1.75,27.308,9379,10946,1512,1537,6330,870.91,9.883,61.560,16.651,25.098,42.660,37.928,9.319,0.548,0.894
C:\YARG\Charts\The Glitter Collective\#SELFIE\notes.chart,#SELFIE,The Chainsmokers,Amelyn,,rock,10.38,9.29,1.09,14.665,1586,2257,817,241,528,223.48,6.122,27.162,9.955,14.200,20.346,18.756,5.596,1.638,0.303
C:\YARG\Charts\The Glitter Collective\2 In The Morning\notes.chart,2 In The Morning,New Kids On The Block,Hyperbolium,", 2009",Pop,12.72,11.72,1.01,17.786,1425,1845,505,760,160,199.70,9.333,27.919,13.589,17.013,23.827,21.753,9.315,0.854,0.000
C:\YARG\Charts\The Glitter Collective\22\notes.chart,22,Taylor Swift,Hyperbolium,", 2012",Country,19.23,17.79,1.44,25.190,4229,5319,333,1084,2812,226.37,13.464,39.276,19.260,25.039,31.374,29.853,13.432,0.545,0.049
C:\YARG\Charts\The Glitter Collective\A Whole New World\notes.chart,A Whole New World,"Lea Salonga, Brad Kane",Amelyn,,rock,11.79,10.70,1.09,16.490,1992,2258,266,372,1354,181.00,9.138,22.928,13.507,15.930,20.636,19.405,9.076,0.390,0.084
C:\YARG\Charts\The Glitter Collective\Addict (Hazbin Hotel)\notes.chart,Untitled Song,Unknown Artist,Unknown Charter,,rock,12.75,11.53,1.22,17.547,2504,3116,358,1143,1003,238.42,7.834,30.465,12.318,17.223,23.778,21.699,7.478,0.593,0.641
C:\YARG\Charts\The Glitter Collective\Adventure Of A Lifetime\notes.chart,Adventure Of A Lifetime,Coldplay,Hyperbolium,", 2015",Rock,10.65,9.38,1.27,14.776,2389,3529,1086,523,780,260.96,8.613,22.197,12.191,14.257,18.687,17.219,8.370,1.368,0.052
C:\YARG\Charts\The Glitter Collective\bad guy\notes.chart,bad guy,Billie Eilish,Hyperbolium,", 2019","Pop, Trap",9.47,8.44,1.03,13.530,1836,1946,433,1403,0,190.82,7.601,19.852,11.293,12.955,17.166,15.805,7.500,0.708,0.076
C:\YARG\Charts\The Glitter Collective\Bare Necessities\notes.chart,Bare Necessities,Terry Gilkyson,Gamo,", 1967",rock,8.86,7.95,0.92,12.870,1300,1450,206,598,496,106.79,8.185,16.764,11.200,12.709,15.028,14.240,8.082,0.654,0.220
C:\YARG\Charts\The Glitter Collective\Beneath Your Beautiful\notes.chart,Beneath Your Beautiful,Labrinth ft. Emeli Sandé,Hyperbolium,", 2012",Pop,10.39,9.11,1.28,14.427,3029,3573,356,1021,1652,262.80,7.834,22.236,12.042,13.910,18.264,16.653,7.808,0.418,0.021
C:\YARG\Charts\The Glitter Collective\Born This Way\notes.chart,Born This Way,Lady Gaga,Amelyn,,rock,16.35,15.12,1.23,22.002,2497,3190,953,581,963,253.79,11.692,27.431,17.438,22.250,26.131,25.082,11.512,0.627,0.247
C:\YARG\Charts\The Glitter Collective\cardigan\notes.chart,cardigan,Taylor Swift,Amelyn,", 2020",Alternative,9.65,8.46,1.20,13.556,2704,2937,362,1474,868,233.54,8.022,23.058,11.475,12.990,16.730,15.843,7.962,0.547,0.078
C:\YARG\Charts\The Glitter Collective\Chandelier\notes.chart,Chandelier,Sia,Hyperbolium,", 2014",Electropop,11.60,10.36,1.24,16.059,2818,3239,589,1562,667,208.88,10.300,21.486,14.058,15.983,18.152,17.686,10.178,0.978,0.010
C:\YARG\Charts\The Glitter Collective\Clarity\notes.chart,Clarity,Zedd ft. Foxes,Hyperbolium,", 2012",rock,11.49,10.22,1.27,15.874,3271,3562,358,1268,1645,262.27,9.520,22.477,13.580,15.594,19.174,17.723,9.469,0.433,0.068
C:\YARG\Charts\The Glitter Collective\Come September\notes.chart,Come September,Natalie Imbruglia,Hyperbolium,", 2001",Pop,16.30,14.94,1.36,21.785,3525,4388,319,630,2576,245.47,10.633,33.980,15.818,21.263,29.634,26.497,10.605,0.251,0.003
C:\YARG\Charts\The Glitter Collective\Cradles\notes.chart,Cradles,Sub Urban,Hyperbolium,,rock,10.54,9.35,1.19,14.739,2422,2870,446,467,1509,207.97,8.302,21.428,12.087,14.306,18.468,17.167,8.064,0.758,0.013
C:\YARG\Charts\The Glitter Collective\Diamonds (Rihanna)\notes.chart,Diamonds,Rihanna,Amelyn,", 2012",rock,11.36,10.21,1.15,15.858,2224,2657,517,1095,612,218.37,8.190,24.831,12.499,15.070,21.024,19.248,8.136,0.725,0.060
C:\YARG\Charts\The Glitter Collective\Diamonds (Sam Smith)\notes.chart,Diamonds,Sam Smith,Amelyn,", 2020",rock,12.51,11.37,1.13,17.354,2426,2508,172,1523,731,208.05,9.255,29.370,12.895,16.130,26.211,21.254,9.238,0.195,0.024
C:\YARG\Charts\The Glitter Collective\Digital Love\notes.chart,Digital Love,Daft Punk,Hyperbolium,,rock,7.77,6.75,1.01,11.237,1225,1867,628,474,123,250.11,5.497,16.808,9.307,10.793,15.229,12.653,5.403,0.730,0.402
C:\YARG\Charts\The Glitter Collective\everything i wanted\notes.chart,everything i wanted,Billie Eilish,Hyperbolium,,rock,11.07,9.97,1.10,15.547,2198,2343,68,1231,899,237.75,6.989,22.765,12.711,15.287,19.143,17.880,6.907,0.056,0.121
C:\YARG\Charts\The Glitter Collective\Girls Just Wanna Have Fun\notes.chart,Girls Just Wanna Have Fun,Cyndi Lauper,Amelyn,,rock,11.66,10.53,1.13,16.274,2310,2522,421,404,1485,224.69,8.470,24.680,13.178,15.993,20.407,18.710,8.366,0.725,0.088
C:\YARG\Charts\The Glitter Collective\Gives You Hell\notes.chart,Gives You Hell,All American Rejects,Hyperbolium,", 2008",rock,13.40,12.26,1.14,18.470,1950,2557,659,1206,85,207.25,9.580,25.561,14.195,18.246,23.936,21.584,9.530,1.051,0.282
C:\YARG\Charts\The Glitter Collective\Glamorous\notes.chart,Glamorous,Fergie ft. Ludacris,Hyperbolium,", 2006",Hip-Hop,14.83,13.55,1.28,20.078,2945,3595,621,1256,1068,241.80,11.383,28.515,16.383,19.783,24.847,22.976,11.360,0.794,0.028
C:\YARG\Charts\The Glitter Collective\Gypsy Woman (She_s Homeless)\notes.chart,Gypsy Woman (She's Homeless),Crystal Waters,Hyperbolium,", 1991",House,13.51,11.96,1.55,18.096,5539,6820,1120,2665,1754,447.96,11.106,24.809,14.973,17.829,22.123,20.586,11.105,0.384,0.000
C:\YARG\Charts\The Glitter Collective\Harry_s House\notes.chart,Harry's House (Full Album Glitter Chart),Harry Styles,"Hyperbolium, Amelyn",", 2022",Various Genres,10.63,8.50,2.14,13.611,25132,27183,4178,15090,5864,2506.87,7.057,26.088,10.787,13.045,17.968,16.236,6.969,0.443,0.101
C:\YARG\Charts\The Glitter Collective\Ideals (Glitter)\notes.chart,Ideals (ft. Joey Law),metea,metea,", 2021",d&b,12.72,11.43,1.29,17.420,3264,3711,1065,1845,354,274.23,10.286,23.475,14.920,16.984,20.920,19.774,10.125,1.172,0.017
C:\YARG\Charts\The Glitter Collective\ily\notes.chart,ily,Surf Mesa (feat. Emilee),Hyperbolium,", 2020",rock,11.17,10.08,1.09,15.692,2020,2249,289,1229,502,170.89,10.459,21.350,13.870,15.230,18.698,17.508,10.397,0.554,0.000
C:\YARG\Charts\The Glitter Collective\Just Look Up\notes.chart,Just Look Up,Ariana Grande & Kid Cudi,Hyperbolium,", 2021",Drama,10.29,9.16,1.13,14.488,2480,2488,466,1203,811,193.85,8.224,21.708,11.851,14.221,17.881,16.689,7.922,0.884,0.000
C:\YARG\Charts\The Glitter Collective\Latch\notes.chart,Latch,Disclosure ft. Sam Smith,Hyperbolium,,rock,9.84,8.59,1.25,13.738,2929,3321,533,1447,949,252.70,9.224,19.445,12.033,13.306,16.823,15.298,9.150,0.742,0.000
C:\YARG\Charts\The Glitter Collective\Leave The Door Open\notes.chart,Leave The Door Open,Silk Sonic,Hyperbolium,", 2021",R&B,9.22,8.04,1.18,12.996,2419,2806,261,1526,632,241.60,7.237,17.288,11.045,13.035,14.787,14.453,7.114,0.305,0.180
C:\YARG\Charts\The Glitter Collective\Let It Go\notes.chart,Let It Go,Idina Menzel,Amelyn,", 2013",rock,10.86,9.80,1.06,15.325,1666,2113,443,607,616,213.98,8.229,34.649,11.993,14.313,21.187,18.836,8.014,0.562,0.367
C:\YARG\Charts\The Glitter Collective\Levitating\notes.chart,Levitating,Dua Lipa,Hyperbolium,,rock,13.71,12.58,1.13,18.877,2133,2508,432,915,786,200.35,11.262,26.044,16.215,18.440,22.565,21.345,11.189,0.822,0.240
C:\YARG\Charts\The Glitter Collective\Light Switch\notes.chart,Light Switch,Charlie Puth,Hyperbolium,", 2022",Synth-pop,12.89,11.66,1.22,17.719,2523,3146,511,1431,581,184.92,10.863,24.224,15.065,17.929,20.379,19.236,10.811,1.018,0.020
C:\YARG\Charts\The Glitter Collective\Love Like This\notes.chart,Love Like This, feat. Sean Kingston,Hyperbolium,,rock,11.28,10.22,1.06,15.873,1979,2120,365,1614,0,216.95,8.645,28.565,12.245,14.814,22.283,19.586,8.619,0.535,0.156
C:\YARG\Charts\The Glitter Collective\Meet Me Halfway\notes.chart,Meet Me Halfway,Black Eyed Peas,Hyperbolium,,rock,11.30,9.97,1.33,15.546,3615,4065,306,1336,1973,282.29,9.046,29.132,13.131,14.895,19.309,18.147,9.029,0.277,0.061
C:\YARG\Charts\The Glitter Collective\Miss Independent\notes.chart,Miss Independent,Kelly Clarkson,Hyperbolium,,rock,14.76,13.59,1.18,20.125,2613,2797,391,1296,926,212.44,10.676,28.403,14.672,19.575,28.294,24.092,10.621,0.561,0.000
C:\YARG\Charts\The Glitter Collective\Mornin_\notes.chart,Mornin',Al Jarreau,Hyperbolium,", 1983",Yacht Rock,13.46,12.18,1.29,18.368,3164,3675,552,1615,997,252.49,10.444,25.938,15.111,18.207,21.974,20.996,10.379,0.523,0.111
C:\YARG\Charts\The Glitter Collective\my future\notes.chart,my future,Billie Eilish,Hyperbolium,,rock,8.64,7.56,1.08,12.343,2151,2206,93,1130,928,194.70,6.706,18.041,9.405,11.872,16.450,15.021,6.637,0.104,0.067
C:\YARG\Charts\The Glitter Collective\No Tears Left To Cry\notes.chart,No Tears Left To Cry,Ariana Grande,Hyperbolium,", 2018",Dance-pop,12.03,10.83,1.19,16.661,2672,2923,184,1718,770,201.41,9.719,21.731,13.522,16.580,20.317,18.940,9.700,0.307,0.000
C:\YARG\Charts\The Glitter Collective\Paper Planes\notes.chart,Paper Planes,M.I.A.,Hyperbolium,", 2007",Dance,16.41,15.16,1.25,22.047,2256,3389,993,790,473,200.74,11.917,28.108,18.276,22.105,25.450,24.932,11.724,2.016,0.086
C:\YARG\Charts\The Glitter Collective\Party In The USA\notes.chart,Party in the USA,Miley Cyrus,Amelyn,,rock,11.36,10.18,1.18,15.826,2589,2836,327,1338,924,199.38,9.797,21.509,12.907,15.595,19.109,18.353,9.742,0.468,0.124
C:\YARG\Charts\The Glitter Collective\Party Rock Anthem\notes.chart,Party Rock Anthem,LMFAO,Hyperbolium,", 2011",Dance,13.07,11.79,1.28,17.884,2997,3569,887,819,1291,258.34,10.324,26.915,15.593,17.402,21.334,20.107,9.991,1.735,0.114
C:\YARG\Charts\The Glitter Collective\Perfect\notes.chart,Perfect,Ed Sheeran,Amelyn,,rock,7.64,6.60,1.04,11.022,1914,2017,212,1695,7,253.82,5.826,18.435,8.876,10.516,14.743,12.984,5.715,0.165,0.208
C:\YARG\Charts\The Glitter Collective\Pogo - Alice\notes.chart,Alice,Pogo,Spencer C,", 2007",Mashup,8.69,7.81,0.87,12.693,932,1290,195,157,580,163.05,6.888,16.569,10.285,12.849,14.611,14.391,6.680,0.400,1.041
C:\YARG\Charts\The Glitter Collective\Pogo - Boy _ Bear\notes.chart,Boy & Bear,Pogo,Hyperbolium,", 2017",rock,9.96,8.83,1.13,14.059,1632,2486,431,477,724,195.05,7.718,21.077,11.474,13.733,17.704,16.199,7.562,0.989,0.090
C:\YARG\Charts\The Glitter Collective\POGO - Carpet Ride\notes.chart,Untitled Song,Unknown Artist,Unknown Charter,,rock,10.49,9.30,1.19,14.671,2109,2928,667,610,832,260.29,7.457,25.824,11.313,14.343,18.785,17.550,7.333,0.833,0.188
C:\YARG\Charts\The Glitter Collective\Pogo - Data _ Picard (Overchart)\notes.chart,Data & Picard,Pogo,Spencer C.,", 2016",Electronic,7.52,6.58,0.94,11.004,1122,1541,412,236,474,175.47,5.050,23.073,7.912,9.920,17.079,14.271,4.924,0.892,0.053
C:\YARG\Charts\The Glitter Collective\POGO - Gruve\notes.chart,Untitled Song,Unknown Artist,Unknown Charter,,rock,9.66,8.72,0.94,13.907,1032,1553,526,393,113,165.66,7.149,23.915,10.458,13.432,18.200,17.142,7.008,1.181,0.301
C:\YARG\Charts\The Glitter Collective\Pogo - The Trouble\notes.chart,The Trouble,Pogo,Hyperbolium,", 2014",Electronic,8.10,7.15,0.95,11.783,1367,1590,338,630,399,184.63,5.819,16.538,8.666,11.632,15.409,14.204,5.558,0.760,0.303
C:\YARG\Charts\The Glitter Collective\POGO - Upular\notes.chart,Untitled Song,Unknown Artist,Unknown Charter,,rock,8.05,7.11,0.94,11.728,1268,1550,273,827,168,139.73,6.850,18.363,9.755,11.356,14.547,13.622,6.761,0.586,0.227
C:\YARG\Charts\The Glitter Collective\Pogo - Wishery\notes.chart,Wishery,Pogo,SpencerGaming,", 2010",Mashup,9.95,8.84,1.11,14.065,1898,2390,427,442,1029,207.87,7.397,28.835,10.525,12.975,19.773,18.089,7.302,0.662,0.256
C:\YARG\Charts\The Glitter Collective\Pogo - Wizard of Meh\notes.chart,Wizard of Meh,Pogo,Hyperbolium,", 2012",Electronic,7.57,6.88,0.69,11.408,560,781,86,182,292,87.20,5.052,17.531,9.206,11.155,14.107,13.379,4.684,0.388,0.598
C:\YARG\Charts\The Glitter Collective\Poker Face\notes.chart,Poker Face,Lady Gaga,c0rruptedhusky,", 2009",Pop Rock,19.45,18.03,1.41,25.482,4260,4947,367,763,3130,235.18,14.580,32.467,21.879,25.109,30.423,28.354,14.409,0.486,0.018
C:\YARG\Charts\The Glitter Collective\Rare\notes.chart,Rare,Selena Gomez,Hyperbolium,,rock,9.47,8.40,1.07,13.482,1960,2127,109,478,1373,218.05,6.687,21.140,10.797,13.197,16.803,15.819,6.631,0.146,0.132
C:\YARG\Charts\The Glitter Collective\Rolling in the Deep\notes.chart,Rolling in the Deep,Adele,,,rock,14.32,13.11,1.21,19.529,2725,3060,307,500,1918,228.36,9.120,39.155,13.775,17.873,29.222,25.601,9.015,0.500,0.293
C:\YARG\Charts\The Glitter Collective\Sailing\notes.chart,Sailing,Christopher Cross,Hyperbolium,,rock,9.68,8.49,1.19,13.595,2640,2921,401,974,1265,248.13,7.622,18.605,11.236,13.359,16.647,15.547,7.450,0.483,0.180
C:\YARG\Charts\The Glitter Collective\Say So\notes.chart,Say So,Doja Cat feat. Nicki Minaj,Hyperbolium,,rock,10.35,9.20,1.15,14.541,2384,2622,399,854,1131,233.38,8.472,21.861,12.024,14.202,18.000,16.723,8.420,0.567,0.121
C:\YARG\Charts\The Glitter Collective\September - Daughtry\notes.chart,September,Daughtry,Hyperbolium,", 2009",Pop Rock,22.15,20.80,1.35,28.696,4300,4300,72,426,3802,222.33,16.263,50.603,23.504,27.887,36.653,33.030,16.257,0.126,0.000
C:\YARG\Charts\The Glitter Collective\September - Earth Wind & Fire\notes.chart,September,"Earth, Wind & Fire",XEntombmentX,", 1978",R&B,24.22,22.85,1.37,31.037,4246,4524,380,456,3410,212.94,15.124,47.849,23.525,28.972,44.310,38.436,15.099,0.563,0.019
C:\YARG\Charts\The Glitter Collective\Shape Of You\notes.chart,Shape Of You,Ed Sheeran,Amelyn,", 2017",Pop,9.72,8.56,1.16,13.700,2328,2679,456,1273,599,230.78,8.526,19.269,11.511,13.624,16.263,15.328,8.496,0.688,0.007
C:\YARG\Charts\The Glitter Collective\SLOW DANCING IN THE DARK\notes.chart,SLOW DANCING IN THE DARK,Joji,Construed,,R&B Trip Hop,15.19,13.73,1.46,20.303,4265,5503,32,1765,2468,204.86,12.281,27.859,15.865,20.082,25.403,23.796,12.256,0.037,0.112
C:\YARG\Charts\The Glitter Collective\Stay\notes.chart,Stay,The Kid LAROI & Justin Bieber,Hyperbolium,", 2020",Pop rap,14.76,13.67,1.09,20.233,2152,2235,434,1100,618,135.47,11.832,28.285,17.152,19.392,26.040,23.075,11.678,1.056,0.000
C:\YARG\Charts\The Glitter Collective\Strip Me\notes.chart,Strip Me,Natasha Bedingfield,Hyperbolium,", 2010",Pop,11.50,10.35,1.15,16.041,2039,2599,821,1218,0,205.50,9.509,21.445,13.783,15.910,18.832,17.762,9.443,1.853,0.000
C:\YARG\Charts\The Glitter Collective\Take My Breath\notes.chart,Take My Breath,The Weeknd,Hyperbolium,", 2021",Disco,26.57,25.11,1.46,33.578,4411,5568,1100,219,3092,214.09,17.673,47.277,28.012,32.711,41.470,38.539,17.508,1.806,0.039
C:\YARG\Charts\The Glitter Collective\Time Moves Slow\notes.chart,Time Moves Slow,BADBADNOTGOOD,Hyperbolium,", 2016",Alternative,19.37,17.96,1.41,25.398,4157,4933,388,1325,2444,268.43,11.950,47.583,17.963,22.573,40.321,33.590,11.917,0.397,0.078
C:\YARG\Charts\The Glitter Collective\Too Close\notes.chart,Too Close,Alex Clare,Hyperbolium,,rock,14.44,13.10,1.34,19.521,3767,4177,497,1178,2092,245.60,10.579,28.589,15.003,19.251,24.878,23.096,10.482,0.784,0.065
C:\YARG\Charts\The Glitter Collective\Treasure\notes.chart,Treasure,Bruno Mars,Hyperbolium,,rock,13.63,12.50,1.14,18.770,1707,2533,505,454,748,171.69,11.665,28.181,15.944,18.628,21.875,21.069,11.643,0.891,0.060
C:\YARG\Charts\The Glitter Collective\United State of Pop 2009\notes.chart,United State Of Pop 2009,DJ Earworm,Hyperbolium,", 2009",Mashup,11.51,10.20,1.31,15.848,3350,3921,612,1276,1462,277.27,9.480,24.396,13.397,15.348,19.532,18.194,9.420,0.816,0.021
C:\YARG\Charts\The Glitter Collective\Unwritten\notes.chart,Unwritten,Natasha Bedingfield,Hyperbolium,", 2004",Pop,8.78,7.66,1.12,12.480,2065,2422,508,1299,258,250.58,6.851,24.105,10.082,12.265,15.612,14.397,6.816,0.699,0.184
C:\YARG\Charts\The Glitter Collective\virtual reality\notes.chart,virtual reality,renforshort,Hyperbolium,", 2021",Pop,15.45,14.26,1.20,20.949,2642,2947,347,641,1654,155.00,12.761,28.746,17.430,20.186,25.952,24.562,12.655,0.586,0.000
C:\YARG\Charts\The Glitter Collective\Wake Me Up When September Ends\notes.chart,Wake Me Up When September Ends,Green Day,Hyperbolium,", 2005",Alternative Rock,24.32,22.90,1.42,31.092,4420,5013,852,702,2866,280.55,13.591,39.659,23.310,31.399,38.955,36.198,13.453,0.779,0.286
C:\YARG\Charts\The Glitter Collective\We R Who We R\notes.chart,We R Who We R,Ke$ha,Hyperbolium,", 2010",Pop,10.87,9.68,1.19,15.176,2592,2871,423,990,1179,203.81,9.531,19.620,12.988,14.913,17.834,17.172,9.387,0.705,0.039
C:\YARG\Charts\The Glitter Collective\What Do You Mean\notes.chart,What Do You Mean,Justin Bieber,Amelyn,,rock,9.70,8.60,1.10,13.746,1861,2344,587,681,593,199.62,9.299,20.398,11.901,13.491,16.175,15.411,9.247,1.108,0.000
C:\YARG\Charts\The Glitter Collective\What You Won_t Do For Love\notes.chart,What You Won't Do For Love,Bobby Caldwell,Hyperbolium,,rock,11.25,9.93,1.32,15.502,3730,3933,305,2633,792,281.14,9.165,23.378,12.830,15.183,19.010,17.804,9.134,0.280,0.108
